Tabela Origem,Campo,Tabela Destino,Campo Destino
ADM_APROVADORESPRORROGATAREFA,Z_GRUPO,Z_WFMODELOTAREFAS,HANDLE
ADM_APROVADORESPRORROGATAREFA,USUARIORESPONSAVEL,Z_GRUPOUSUARIOS,HANDLE
ADM_APROVADORESPRORROGATAREFA,WFPROCESSO,Z_WFPROCESSOS,HANDLE
AE_AVALIACAOCREDENCIADO,CATEGORIA,PR_CATEGORIAS,HANDLE
AE_AVALIACAOCREDENCIADO,PROVIDENCIA,PR_PROVIDENCIAEVENTOS,HANDLE
AE_AVALIACAOCREDENCIADO,DIVISAO,PR_DEPARTAMENTODIVISOES,HANDLE
AE_AVALIACAOCREDENCIADO,ESTADO,ESTADOS,HANDLE
AE_AVALIACAOCREDENCIADORESPONS,INDICADOR,AE_AVALIACAOCREDENCIADO,HANDLE
AE_AVALIACAODEESCRITORIOS,INCLUIDOPOR,Z_GRUPOUSUARIOS,HANDLE
AE_AVALIACAODEESCRITORIOS,ALTERADOPOR,Z_GRUPOUSUARIOS,HANDLE
AE_CREDENCIADOSAVALIACAO,AVALIACAODEESCRITORIO,AE_AVALIACAODEESCRITORIOS,HANDLE
AE_NOTASINDICADORES,PESOINDICADOR,AE_AVALIACAOCREDENCIADO,HANDLE
AE_NOTASINDICADORES,INDICADOR,AE_AVALIACAOCREDENCIADO,HANDLE
AE_NOTASUBJETIVAS,PESSOA,GN_PESSOAS,HANDLE
AE_NOTASUBJETIVAS,INSTANCIA,Z_WFMODELOINSTANCIAS,HANDLE
AE_NOTASUBJETIVAS,INDICADOR,AE_AVALIACAOCREDENCIADO,HANDLE
AE_NOTASUBJETIVAS,ADVOGADO,GN_PESSOAS,HANDLE
AE_NOTASUBJETIVAS,INCLUIDOPOR,Z_GRUPOUSUARIOS,HANDLE
AE_NOTASUBJETIVAS,ALTERADOPOR,NOTAINDICADORES,HANDLE
AE_RESPADVOGADOINDICADORSUB,PESSOA,GN_PESSOAS,HANDLE
AE_RESPADVOGADOINDICADORSUB,USUARIO,Z_GRUPOUSUARIOS,HANDLE
AG_COMPROMISSOS,COMPROMISSOPARA,Z_GRUPOUSUARIOS,HANDLE
AG_COMPROMISSOS,PASTA,PR_PROCESSOS,HANDLE
AG_COMPROMISSOS,ANDAMENTO,PR_PROCESSOEVENTOS,HANDLE
AG_COMPROMISSOS,PROVIDENCIA,PR_PROCESSOEVENTOPROVIDENCIAS,HANDLE
AG_COMPROMISSOUSUARIOS,GRUPO,AG_GRUPOS,HANDLE
AV_LOGMONITOR,USUARIO,Z_GRUPOUSUARIOS,HANDLE
BAIRROS,PAIS,PAISES,HANDLE
BAIRROS,ESTADO,ESTADOS,HANDLE
BI_CONSULTASEXPORTADAS,USUARIOGERACAOARQ,Z_GRUPOUSUARIOS,HANDLE
BL_ASSUNTOITEMAUTORES,AUTOR,BL_AUTORES,HANDLE
BL_ASSUNTOITEMAUTORES,LIVRO,BL_ITENS,HANDLE
BL_ASSUNTOITEMMOVIMENTOS,MOVIMENTO,BL_TIPOMOVIMENTOS,HANDLE
BL_ASSUNTOITENS,CATALOGACAO,BL_CATALOGACAO,HANDLE
BL_ASSUNTOITENS,COLECAO,BL_COLECOES,HANDLE
BL_ASSUNTOITENS,MIDIA,BL_MIDIAS,HANDLE
BL_ASSUNTOITENS,EDITORA,BL_EDITORAS,HANDLE
BL_ASSUNTOITENS,LOCAL,MUNICIPIOS,HANDLE
BL_AUTORITEMASSUNTOS,LIVRO,BL_ITENS,HANDLE
BL_AUTORITEMASSUNTOS,ASSUNTO,OBSERVACOES,HANDLE
BL_CATALOGACAO,NIVELSUPERIOR,BL_CATALOGACAO,HANDLE
BL_DOCUMENTOIMAGENS,DOCUMENTO,BL_DOCUMENTOS,HANDLE
BL_DOCUMENTOS,FUNCIONARIO,GN_PESSOAS,HANDLE
BL_EDITORAS,LOCAL,MUNICIPIOS,HANDLE
BL_EDITORAS,UF,ESTADOS,HANDLE
BL_EDITORAS,MUNICIPIO,MUNICIPIOS,HANDLE
BL_EDITORAS,BAIRRO,BAIRROS,HANDLE
BL_ESTRUTURADOCUMENTOS,NIVELSUPERIOR,BL_ESTRUTURADOCUMENTOS,HANDLE
BL_ITENS,MOTIVO,BL_MOTIVOINATIVACAO,HANDLE
BL_ITENS,COLECAO,BL_COLECOES,HANDLE
BL_ITENS,MIDIA,BL_MIDIAS,HANDLE
BL_ITENS,EDITORA,BL_EDITORAS,HANDLE
BL_ITENS,LOCAL,MUNICIPIOS,HANDLE
BL_ITENS,CATALOGACAO,BL_CATALOGACAO,HANDLE
BL_OUTROSDOCUMENTOS,DOCUMENTO,BL_DOCUMENTOS,HANDLE
BL_PESSOASITENSEMATRASO,PESSOA,OBSERVACOES,HANDLE
CA_BASECALCULOPEDIDOS,CALCULO,CA_CALCULOS,HANDLE
CA_BASECALCULOPEDIDOS,DESDOBRAMENTO,CA_CALCULODESDOBRAMENTOS,HANDLE
CA_BASECALCULOPEDIDOS,PEDIDO,PR_PROCESSOPEDIDOS,HANDLE
CA_BASECALCULOPEDIDOS,PARTICIPANTE,PR_PROCESSOPARTICIPANTES,HANDLE
CA_BASECALCULOPEDIDOS,BASECALCULO,CA_BASECALCULOS,HANDLE
CA_BASECALCULOPEDIDOS,VERBA,CA_VERBASFOLHA,HANDLE
CA_BASECALCULOVERBAS,BASE,CA_BASECALCULOS,HANDLE
CA_CALCULOACORDODEDUCOES,CALCULO,CA_CALCULOS,HANDLE
CA_CALCULOACORDODEDUCOES,ACORDO,CA_CALCULOACORDOS,HANDLE
CA_CALCULOACORDODEDUCOES,BASEINSS,INSS,HANDLE
CA_CALCULOACORDOINSS,TETOINSS,INSS,HANDLE
CA_CALCULOACORDOINSS,CALCULO,CA_CALCULOS,HANDLE
CA_CALCULOACORDOINSS,BASEORIGINALINSS,INSS,HANDLE
CA_CALCULOACORDOINSS,BASEINSS,INSS,HANDLE
CA_CALCULOACORDOINSS,ALIQUOTAINSS,INSS,HANDLE
CA_CALCULOACORDOINSS,VALORINSS,INSS,HANDLE
CA_CALCULOACORDOINSS,VALORPAGOINSS,INSS,HANDLE
CA_CALCULOACORDOINSS,DIFERENCAINSS,INSS,HANDLE
CA_CALCULOACORDOINSS,ACORDO,CA_CALCULOACORDOS,HANDLE
CA_CALCULOACORDOINSS,CALCULO,CA_CALCULOS,HANDLE
CA_CALCULOACORDOINSS,DESCONTOINSS,INSS,HANDLE
CA_CALCULOACORDOINSS,ACORDO,CA_CALCULOACORDOS,HANDLE
CA_CALCULOACORDOS,QUANTIDADEMESESINSS,INSS,HANDLE
CA_CALCULOACORDOS,CALCULADOPOR,Z_GRUPOUSUARIOS,HANDLE
CA_CALCULOACORDOS,CALCULO,CA_CALCULOS,HANDLE
CA_CALCULOACORDOS,PARTICIPANTE,PR_PROCESSOPARTICIPANTES,HANDLE
CA_CALCULOACORDOS,CALCULOORIGEM,CA_CALCULODESDOBRAMENTOS,HANDLE
CA_CALCULOACORDOVALORES,CALCULO,CA_CALCULOS,HANDLE
CA_CALCULOACORDOVALORES,ACORDO,CA_CALCULOACORDOS,HANDLE
CA_CALCULOACORDOVALORES,PEDIDO,PR_PROCESSOPEDIDOS,HANDLE
CA_CALCULOADVERSOINSS,TETOINSS,INSS,HANDLE
CA_CALCULOADVERSOINSS,DESDOBRAMENTO,CA_CALCULODESDOBRAMENTOS,HANDLE
CA_CALCULOADVERSOINSS,CALCULO,CA_CALCULOS,HANDLE
CA_CALCULOADVERSOINSS,ADVERSO,PR_PROCESSOPARTICIPANTES,HANDLE
CA_CALCULOADVERSOINSS,BASEINSS,INSS,HANDLE
CA_CALCULOADVERSOINSS,ALIQUOTAINSS,INSS,HANDLE
CA_CALCULOADVERSOINSS,VALORINSS,INSS,HANDLE
CA_CALCULOADVERSOINSS,VALORPAGOINSS,INSS,HANDLE
CA_CALCULOADVERSOINSS,BASEORIGINALINSS,INSS,HANDLE
CA_CALCULOADVERSOINSS,DIFERENCAINSS,INSS,HANDLE
CA_CALCULOADVERSOIR,CALCULO,CA_CALCULOS,HANDLE
CA_CALCULOADVERSOIR,DESDOBRAMENTO,CA_CALCULODESDOBRAMENTOS,HANDLE
CA_CALCULOADVERSOIR,ADVERSO,PR_PROCESSOPARTICIPANTES,HANDLE
CA_CALCULOADVERSOIR,DESCONTOINSS,INSS,HANDLE
CA_CALCULOATUALIZACAOINSS,CALCULO,CA_CALCULOS,HANDLE
CA_CALCULOATUALIZACAOINSS,ATUALIZACAO,CA_CALCULOATUALIZACOES,HANDLE
CA_CALCULOATUALIZACAOINSS,BASEORIGINALINSS,INSS,HANDLE
CA_CALCULOATUALIZACAOINSS,BASEINSS,INSS,HANDLE
CA_CALCULOATUALIZACAOINSS,ALIQUOTAINSS,INSS,HANDLE
CA_CALCULOATUALIZACAOINSS,TETOINSS,INSS,HANDLE
CA_CALCULOATUALIZACAOINSS,VALORINSS,INSS,HANDLE
CA_CALCULOATUALIZACAOINSS,VALORPAGOINSS,INSS,HANDLE
CA_CALCULOATUALIZACAOINSS,DIFERENCAINSS,INSS,HANDLE
CA_CALCULOATUALIZACAOIR,MULTAINSS,INSS,HANDLE
CA_CALCULOATUALIZACAOIR,CALCULO,CA_CALCULOS,HANDLE
CA_CALCULOATUALIZACAOVALORES,CALCULO,CA_CALCULOS,HANDLE
CA_CALCULOATUALIZACAOVALORES,ATUALIZACAO,CA_CALCULOATUALIZACOES,HANDLE
CA_CALCULOATUALIZACAOVALORES,PEDIDO,PR_PROCESSOPEDIDOS,HANDLE
CA_CALCULOATUALIZACAOVALORES,INCIDEINSS,INSS,HANDLE
CA_CALCULOATUALIZACOES,CALCULO,CA_CALCULOS,HANDLE
CA_CALCULOATUALIZACOES,ADVERSO,PR_PROCESSOPARTICIPANTES,HANDLE
CA_CALCULOATUALIZACOES,DESDOBRAMENTO,CA_CALCULODESDOBRAMENTOS,HANDLE
CA_CALCULOATUALIZACOES,ACORDO,CA_CALCULOACORDOS,HANDLE
CA_CALCULOATUALIZACOES,CALCULADOPOR,Z_GRUPOUSUARIOS,HANDLE
CA_CALCULOATUALIZACOES,IMPORTADOPOR,Z_GRUPOUSUARIOS,HANDLE
CA_CALCULOATUALIZACOES,MOEDA,GN_MOEDAS,HANDLE
CA_CALCULODESDOBRAMENTOS,MOEDA,GN_MOEDAS,HANDLE
CA_CALCULODESDOBRAMENTOS,CALCULO,CA_CALCULOS,HANDLE
CA_CALCULODESDOBRAMENTOS,DESDOBRAMENTO,CA_DESDOBRAMENTOS,HANDLE
CA_CALCULOPEDIDOSCALCULADOS,DESDOBRAMENTO,CA_CALCULODESDOBRAMENTOS,HANDLE
CA_CALCULOPEDIDOSCALCULADOS,ADVERSO,PR_PROCESSOPARTICIPANTES,HANDLE
CA_CALCULOPEDIDOSCALCULADOS,PEDIDO,PR_PROCESSOPEDIDOS,HANDLE
CA_CALCULOREFLEXOS,VALORMULTAFGTS,FGTS,HANDLE
CA_CALCULOREFLEXOS,CALCULADOPOR,Z_GRUPOUSUARIOS,HANDLE
CA_CALCULOREFLEXOS,BASEFGTS,FGTS,HANDLE
CA_CALCULOREFLEXOS,VALORFTGS,FTGS,HANDLE
CA_CALCULOREFLEXOS,CALCULO,CA_CALCULOS,HANDLE
CA_CALCULOREFLEXOS,DESDOBRAMENTO,CA_CALCULODESDOBRAMENTOS,HANDLE
CA_CALCULOREFLEXOS,PARTICIPANTE,PR_PROCESSOPARTICIPANTES,HANDLE
CA_CALCULOREFLEXOS,PEDIDO,PR_PROCESSOPEDIDOS,HANDLE
CA_CALCULOREFLEXOS,VALORFGTS,FGTS,HANDLE
CA_CALCULOS,EMPRESA,EMPRESAS,HANDLE
CA_CALCULOS,FILIAL,FILIAIS,HANDLE
CA_CALCULOS,PROCESSO,PR_PROCESSOS,HANDLE
CA_CALCULOS,INCLUIDOPOR,Z_GRUPOUSUARIOS,HANDLE
CA_CALCULOVALORES,VALORPAGOINSS,INSS,HANDLE
CA_CALCULOVALORES,VALORFGTS,FGTS,HANDLE
CA_CALCULOVALORES,VALORMULTAFGTS,FGTS,HANDLE
CA_CALCULOVALORES,CALCULO,CA_CALCULOS,HANDLE
CA_CALCULOVALORES,DESDOBRAMENTO,CA_CALCULODESDOBRAMENTOS,HANDLE
CA_CALCULOVALORES,PARTICIPANTE,PR_PROCESSOPARTICIPANTES,HANDLE
CA_CALCULOVALORES,PEDIDO,PR_PROCESSOPEDIDOS,HANDLE
CA_CONFIGURACAOADVERSOS,JORNADA,GN_JORNADAS,HANDLE
CA_CONFIGURACAOADVERSOS,CIDADETRABALHO,MUNICIPIOS,HANDLE
CA_CONFIGURACAOADVERSOS,CALCULO,CA_CALCULOS,HANDLE
CA_CONFIGURACAOADVERSOS,DESDOBRAMENTO,CA_CALCULODESDOBRAMENTOS,HANDLE
CA_CONFIGURACAOFICHAFINANCEIRA,PESSOA,GN_PESSOAS,HANDLE
CA_CONFIGURACAOFICHAFINANCEIRA,FICHA,CA_FICHAFINANCEIRA,HANDLE
CA_CONFIGURACAOFICHAFINANCEIRA,FIM,VERBAS,HANDLE
CA_CONFIGURACAOPEDIDOS,DESDOBRAMENTO,CA_CALCULODESDOBRAMENTOS,HANDLE
CA_CONFIGURACAOPEDIDOS,PEDIDO,PR_PROCESSOPEDIDOS,HANDLE
CA_CONFIGURACAOPEDIDOS,PARTICIPANTE,PR_PROCESSOPARTICIPANTES,HANDLE
CA_CONFIGURACAOPEDIDOS,INSS,INSS,HANDLE
CA_CONFIGURACAOPEDIDOS,FGTS,FGTS,HANDLE
CA_CONFIGURACAOPEDIDOS,MULTASOBREFGTS,FGTS,HANDLE
CA_CONFIGURACAOPEDIDOS,CALCULO,CA_CALCULOS,HANDLE
CA_CONFIGURACOES,BASECALCULOPADRAO,CA_BASECALCULOS,HANDLE
CA_CONFIGURACOES,VERBAINSSFOLHA13,CA_VERBASFOLHA,HANDLE
CA_CONFIGURACOES,DESCONTOINSSFOLHA13,CA_VERBASFOLHA,HANDLE
CA_CONFIGURACOES,VERBAINSSFOLHA,CA_VERBASFOLHA,HANDLE
CA_CONFIGURACOES,DESCONTOINSSFOLHA,CA_VERBASFOLHA,HANDLE
CA_CONFIGURACOES,JORNADAPADRAO,GN_JORNADAS,HANDLE
CA_CONFIGURACOES,FICHANORMAL,CA_FICHAFINANCEIRA,HANDLE
CA_CONFIGURACOES,FICHAFERIAS,CA_FICHAFINANCEIRA,HANDLE
CA_CONFIGURACOES,FICHA13,CA_FICHAFINANCEIRA,HANDLE
CA_CONFIGURACOES,MOEDASUGERIDA,GN_MOEDAS,HANDLE
CA_CONFIGURACOES,ALIQUOTAFGTS,FGTS,HANDLE
CA_CONFIGURACOES,MULTAFGTS,FGTS,HANDLE
CA_FICHAFINANCEIRAPESSOA,PESSOA,GN_PESSOAS,HANDLE
CA_FICHAFINANCEIRAPESSOA,FICHA,CA_FICHAFINANCEIRA,HANDLE
CA_FICHAFINANCEIRAVERBAS,FICHA,CA_FICHAFINANCEIRAPESSOA,HANDLE
CA_FICHAFINANCEIRAVERBAS,VERBA,CA_VERBASFOLHA,HANDLE
CA_PEDIDOVERBAS,PEDIDO,PR_PEDIDOS,HANDLE
CA_PEDIDOVERBASREFLEXOS,PEDIDO,PR_PEDIDOS,HANDLE
CA_SEGURODESEMPREGOVALORES,VIGENCIA,CA_SEGURODESEMPREGO,HANDLE
CB_BANCOCONFIGURACOES,BANCO,GN_BANCOS,HANDLE
CB_CONCILIACAOCRUZADOS,FORMADEATUALIZACAO,CB_CONCILIACAODADOS,HANDLE
CB_CONCILIACAOCRUZADOS,CONCILIACAODEPOSITO,CB_CONCILIACAODEPOSITOS,HANDLE
CB_CONCILIACAOCRUZADOS,IMPORTACAO,CB_CONCILIACAOIMPORTACOES,HANDLE
CB_CONCILIACAOCRUZADOS,REGISTROIMPORTACAO,CB_CONCILIACAODADOS,HANDLE
CB_CONCILIACAOCRUZADOS,PROCESSO,PR_PROCESSOS,HANDLE
CB_CONCILIACAOCRUZADOS,DEPOSITO,PR_PROCESSODEPOSITOS,HANDLE
CB_CONCILIACAODADOS,CONCILIACAODEPOSITO,CB_CONCILIACAODEPOSITOS,HANDLE
CB_CONCILIACAODADOS,IMPORTACAO,CB_CONCILIACAOIMPORTACOES,HANDLE
CB_CONCILIACAODADOS,PASTA,PR_PROCESSOS,HANDLE
CB_CONCILIACAODEPOSITOS,INCLUIDOPOR,Z_GRUPOUSUARIOS,HANDLE
CB_CONCILIACAOIMPORTACOES,CONCILIACAODEPOSITO,CB_CONCILIACAODEPOSITOS,HANDLE
CB_CONCILIACAOIMPORTACOES,IMPORTACAO,Z_GRUPOUSUARIOS,HANDLE
CB_HISTORICOCONCILIACAO,CONCILIACAOCRUZADO,CB_CONCILIACAOCRUZADOS,HANDLE
CB_HISTORICOCONCILIACAO,CONCILIACAODADO,CB_CONCILIACAODADOS,HANDLE
CB_REL_CONCILIACAODEP,NAOCONCILIADO,PR_CATEGORIAS,HANDLE
CR_CIRCULARIZACAO,PAPEL,Z_WFPAPEIS,HANDLE
CR_CIRCULARIZACAO,CREDENCIADO,GN_PESSOAS,HANDLE
CR_CIRCULARIZACAOAUDITORIA,EXECUTOR,Z_GRUPOUSUARIOS,HANDLE
CR_CIRCULARIZACAODADOS,CIRCULARIZACAO,CR_CIRCULARIZACAO,HANDLE
CR_CIRCULARIZACAODADOS,PROCESSO,PR_PROCESSOS,HANDLE
CR_CIRCULARIZACAODOCUMENTOS,ANEXADOPOR,Z_GRUPOUSUARIOS,HANDLE
CR_CONFIGURACOES,DESCRICAOCONFIGURACAO,Z_WFPAPEIS,HANDLE
CS_CONFIGURACOESSMART,PAPELRESPONSAVELCONSULTIVO,Z_WFPAPEIS,HANDLE
CS_CONFIGURACOESSMART,USUARIOPARECER,Z_GRUPOUSUARIOS,HANDLE
CS_CONFIGURACOESSMART,USUARIODESTUNICO,Z_GRUPOUSUARIOS,HANDLE
CS_CONFIGURACOESSMART,USUARIOCONTRATO,Z_GRUPOUSUARIOS,HANDLE
CS_CONFIGURACOESSMART,USUARIOPROCURACAO,Z_GRUPOUSUARIOS,HANDLE
CS_CONFIGURACOESSMART,PAPELAPROVADORACESSO,Z_WFPAPEIS,HANDLE
CS_CONFIGURACOESSMART,USUARIOAPROVADORACESSO,Z_GRUPOUSUARIOS,HANDLE
CS_CONFIGURACOESSMART,PAPELRESPONSAVELTRIAGEM,Z_WFPAPEIS,HANDLE
CS_CONFIGURACOESSMART,GRUPOPADRAO,Z_GRUPOS,HANDLE
CS_CRITERIOSCONSULTSMART,CONTRATADACONTRATO,GN_PESSOAS,HANDLE
CS_CRITERIOSCONSULTSMART,CONTRATADAADITIVO,GN_PESSOAS,HANDLE
CS_CRITERIOSCONSULTSMART,CONTRATADARENOVACAO,GN_PESSOAS,HANDLE
CS_CRITERIOSCONSULTSMART,CONTRATADARESCISAO,GN_PESSOAS,HANDLE
CS_CRITERIOSCONSULTSMART,CLASSIFICACAOTODOS,EJ_TIPOCLASSIFICACAOCONTRATOS,HANDLE
CS_CRITERIOSCONSULTSMART,CLASSIFICACAOCONTRATO,EJ_TIPOCLASSIFICACAOCONTRATOS,HANDLE
CS_CRITERIOSCONSULTSMART,CLASSIFICACAOADITIVO,EJ_TIPOCLASSIFICACAOCONTRATOS,HANDLE
CS_CRITERIOSCONSULTSMART,CLASSIFICACAORENOVACAO,EJ_TIPOCLASSIFICACAOCONTRATOS,HANDLE
CS_CRITERIOSCONSULTSMART,CLASSIFICACAORESCISAO,EJ_TIPOCLASSIFICACAOCONTRATOS,HANDLE
CS_CRITERIOSCONSULTSMART,TIPOCONTRATOADITIVO,FILIAIS,HANDLE
CS_CRITERIOSCONSULTSMART,FILIALCONTRATO,FILIAIS,HANDLE
CS_CRITERIOSCONSULTSMART,FILIALADITIVO,FILIAIS,HANDLE
CS_CRITERIOSCONSULTSMART,FILIALRENOVACAO,FILIAIS,HANDLE
CS_CRITERIOSCONSULTSMART,FILIALRESCISAO,FILIAIS,HANDLE
CS_CRITERIOSCONSULTSMART,INCLUIDOPOR,Z_GRUPOUSUARIOS,HANDLE
CS_CRITERIOSCONSULTSMART,ALTERADOPOR,Z_GRUPOUSUARIOS,HANDLE
CS_CRITERIOSCONSULTSMART,PAPELRESPRESPOSTACONTRATO,Z_WFPAPEIS,HANDLE
CS_CRITERIOSCONSULTSMART,DEPTORESPRESPOSTACONTRATO,PR_DEPARTAMENTOS,HANDLE
CS_CRITERIOSCONSULTSMART,USUARIOPRESPOSTACONTRATO,Z_GRUPOUSUARIOS,HANDLE
CS_CRITERIOSCONSULTSMART,SOLICITANTECONTRATO,Z_GRUPOUSUARIOS,HANDLE
CS_CRITERIOSCONSULTSMART,DEPTOSOLICCONTRATO,PR_DEPARTAMENTOS,HANDLE
CS_CRITERIOSCONSULTSMART,SOLICITANTETODOS,Z_GRUPOUSUARIOS,HANDLE
CS_CRITERIOSCONSULTSMART,DEPTOSOLICTODOS,PR_DEPARTAMENTOS,HANDLE
CS_CRITERIOSCONSULTSMART,SOLICITANTEADITIVO,Z_GRUPOUSUARIOS,HANDLE
CS_CRITERIOSCONSULTSMART,DEPTOSOLICADITIVO,PR_DEPARTAMENTOS,HANDLE
CS_CRITERIOSCONSULTSMART,SOLICITANTERENOVACAO,Z_GRUPOUSUARIOS,HANDLE
CS_CRITERIOSCONSULTSMART,DEPTOSOLICRENOVACAO,PR_DEPARTAMENTOS,HANDLE
CS_CRITERIOSCONSULTSMART,DEPTOSOLICRESCISAO,PR_DEPARTAMENTOS,HANDLE
CS_CRITERIOSCONSULTSMART,CONTRATADATODOS,GN_PESSOAS,HANDLE
CS_CRITERIOSCONSULTSMART,SOLICITANTERESCISAO,Z_GRUPOUSUARIOS,HANDLE
CS_CRITERIOSCONSULTSMART,OUTORGADOREVOGACAO,GN_PESSOAS,HANDLE
CS_CRITERIOSCONSULTSMART,FILIALREVOGACAO,FILIAIS,HANDLE
CS_CRITERIOSCONSULTSMART,SOLICITANTEPRORROGACAO,Z_GRUPOUSUARIOS,HANDLE
CS_CRITERIOSCONSULTSMART,DEPTOSOLICPRORROGACAO,PR_DEPARTAMENTOS,HANDLE
CS_CRITERIOSCONSULTSMART,OUTORGANTEPRORROGACAO,GN_PESSOAS,HANDLE
CS_CRITERIOSCONSULTSMART,OUTORGADOPRORROGACAO,GN_PESSOAS,HANDLE
CS_CRITERIOSCONSULTSMART,FILIALTODOSPRORROGACAO,FILIAIS,HANDLE
CS_CRITERIOSCONSULTSMART,SOLICITANTESUBSTABELECIMENTO,Z_GRUPOUSUARIOS,HANDLE
CS_CRITERIOSCONSULTSMART,DEPTOSOLICSUBSTABELECIMENTO,PR_DEPARTAMENTOS,HANDLE
CS_CRITERIOSCONSULTSMART,OUTORGADOSUBSTABELECIMENTO,GN_PESSOAS,HANDLE
CS_CRITERIOSCONSULTSMART,FILIALSUBSTABELECIMENTO,SO_PODERES,HANDLE
CS_CRITERIOSCONSULTSMART,PAPELRESPRESPOSTAPARECER,Z_WFPAPEIS,HANDLE
CS_CRITERIOSCONSULTSMART,DEPTORESPRESPOSTAPARECER,PR_DEPARTAMENTOS,HANDLE
CS_CRITERIOSCONSULTSMART,USUARIORESPOSTAPARECER,Z_GRUPOUSUARIOS,HANDLE
CS_CRITERIOSCONSULTSMART,CRITERIOCOPIADO,CS_CRITERIOSCONSULTSMART,HANDLE
CS_CRITERIOSCONSULTSMART,PAPELRESPRESPOSTAPROCURACA,Z_WFPAPEIS,HANDLE
CS_CRITERIOSCONSULTSMART,DEPTORESPRESPOSTAPROCURACA,PR_DEPARTAMENTOS,HANDLE
CS_CRITERIOSCONSULTSMART,USUARIORESPOSTAPROCURACAO,Z_GRUPOUSUARIOS,HANDLE
CS_CRITERIOSCONSULTSMART,SOLICITANTETODOSPROCURACAO,Z_GRUPOUSUARIOS,HANDLE
CS_CRITERIOSCONSULTSMART,DEPTOSOLICTODOSPROCURACAO,PR_DEPARTAMENTOS,HANDLE
CS_CRITERIOSCONSULTSMART,FILIALTODOSPROCURACAO,FILIAIS,HANDLE
CS_CRITERIOSCONSULTSMART,OUTORGANTETODOS,GN_PESSOAS,HANDLE
CS_CRITERIOSCONSULTSMART,OUTORGADOTODOS,GN_PESSOAS,HANDLE
CS_CRITERIOSCONSULTSMART,DEPTOSOLICNOVOPROCURACAO,PR_DEPARTAMENTOS,HANDLE
CS_CRITERIOSCONSULTSMART,SOLICITANTENOVOPROCURACAO,Z_GRUPOUSUARIOS,HANDLE
CS_CRITERIOSCONSULTSMART,OUTORGANTENOVO,GN_PESSOAS,HANDLE
CS_CRITERIOSCONSULTSMART,OUTORGADONOVO,GN_PESSOAS,HANDLE
CS_CRITERIOSCONSULTSMART,FILIALNOVOPROCURACAO,FILIAIS,HANDLE
CS_CRITERIOSCONSULTSMART,SOLICITANTEREVOGACAO,Z_GRUPOUSUARIOS,HANDLE
CS_CRITERIOSCONSULTSMART,DEPTOSOLICREVOGACAO,PR_DEPARTAMENTOS,HANDLE
CS_CRITERIOSCONSULTSMART,OUTORGANTEREVOGACAO,GN_PESSOAS,HANDLE
CS_CRITERIOSCONSULTSMART,FILIALPARECER,FILIAIS,HANDLE
CS_CRITERIOSCONSULTSMART,DEPTOSOLICPARECER,PR_DEPARTAMENTOS,HANDLE
CS_CRITERIOSCONSULTSMART,ASSUNTOPARECER,EJ_PARECERASSUNTOS,HANDLE
CS_CRITERIOSCONSULTSMART,DIVISAOPARECER,PR_DEPARTAMENTODIVISOES,HANDLE
CS_CRITERIOSCONSULTSMART,SOLICITANTEPARECER,Z_GRUPOUSUARIOS,HANDLE
CS_CRITERIOSCONSULTSMART,CLIENTEPARECER,GN_PESSOAS,HANDLE
CS_CRITERIOSCONSULTSMART,PRODUTOPARECER,PR_PRODUTOS,HANDLE
CS_CRITERIOSCONSULTSMART,DIVISAORESPOSTAPARECER,PR_DEPARTAMENTODIVISOES,HANDLE
CS_CRITERIOSCONSULTSMART,UNIDADEPARECER,GN_FILIALUNIDADES,HANDLE
CS_FILTROPARECERTAREFA,RELATORIO,GI_RELATORIOS,HANDLE
CT_CALCULOCONFIGURACOES,USUARIORESPONSAVELCADASTRO,Z_GRUPOUSUARIOS,HANDLE
CT_CALCULOCONFIGURACOES,PAPELRESPONSAVELCADASTRO,Z_WFPAPEIS,HANDLE
CT_CALCULOCRITERIOSJURIDICOS,FASECALCULO,CT_CALCULOFASES,HANDLE
CT_CALCULOCRITERIOSJURIDICOS,OBJETIVOCALCULO,GE_TIPODOCUMENTO,HANDLE
CT_CALCULOCRITERIOSJURIDICOS,PAPELRESPONSAVEL,Z_WFPAPEIS,HANDLE
CT_CALCULOSUBSIDIOS,CALCULO,CT_CALCULOTRABALHISTA,HANDLE
CT_CALCULOTRABALHISTA,SOLICITADOPOR,Z_GRUPOUSUARIOS,HANDLE
CT_CALCULOTRABALHISTA,PROCESSO,PR_PROCESSOS,HANDLE
CT_CALCULOTRABALHISTA,OBJETIVOCALCULO,CT_CALCULOOBJETIVOS,HANDLE
CT_CALCULOTRABALHISTA,ADVERSOPRINCIPAL,GN_PESSOAS,HANDLE
CT_CALCULOVERBAS,MOEDA,GN_MOEDAS,HANDLE
CT_CALCULOVERBAS,CRITERIO,GN_CRITERIOS,HANDLE
CT_CALCULOVERBAS,CALCULO,CT_CALCULOTRABALHISTA,HANDLE
CT_CALCULOVERBAS,PEDIDO,PR_PROCESSOPEDIDOS,HANDLE
CT_CC,NIVELSUPERIOR,CT_CC,HANDLE
CT_CC,UNIDADENEGOCIO,CT_CC,HANDLE
CT_CC,EMPRESA,EMPRESAS,HANDLE
CT_CC,CODIGOINTEGRACAO,IN_SERVICOCODIGOREGISTRO,HANDLE
CT_CONFIGURACOES,EVENTODEBITOADIANTAMENTO,CT_EVENTOSCONTABEIS,HANDLE
CT_CONFIGURACOES,EVENTOCREDITORESGATE,CT_EVENTOSCONTABEIS,HANDLE
CT_CONFIGURACOES,EVENTODEBITORESGATE,CT_EVENTOSCONTABEIS,HANDLE
CT_CONFIGURACOES,EVENTODEBITOPENHORA,CT_EVENTOSCONTABEIS,HANDLE
CT_CONFIGURACOES,EVENTOCREDITOPENHORA,CT_EVENTOSCONTABEIS,HANDLE
CT_CONFIGURACOES,EVENTODEBITOLEVANTAMENTO,CT_EVENTOSCONTABEIS,HANDLE
CT_CONFIGURACOES,EVENTOCREDITOLEVANTAMENTO,CT_EVENTOSCONTABEIS,HANDLE
CT_CONFIGURACOES,EVENTODEBITOPEDIDO,CT_EVENTOSCONTABEIS,HANDLE
CT_CONFIGURACOES,EVENTOCREDITOPEDIDO,CT_EVENTOSCONTABEIS,HANDLE
CT_CONFIGURACOES,EVENTODEBITODECISAO,CT_EVENTOSCONTABEIS,HANDLE
CT_CONFIGURACOES,EVENTOCREDITODECISAO,CT_EVENTOSCONTABEIS,HANDLE
CT_CONFIGURACOES,EVENTODEBITOPAGAMENTO,CT_EVENTOSCONTABEIS,HANDLE
CT_CONFIGURACOES,EVENTODEBITODEPOSITO,CT_EVENTOSCONTABEIS,HANDLE
CT_CONFIGURACOES,EVENTOCREDITOCORRECAOVALOR,CT_EVENTOSCONTABEIS,HANDLE
CT_CONFIGURACOES,EVENTODEBITOENCERRAMENTO,CT_EVENTOSCONTABEIS,HANDLE
CT_CONFIGURACOES,EVENTOCREDITOREATIVACAO,CT_EVENTOSCONTABEIS,HANDLE
CT_CRITERIOVIGENCIACONTAS,ORIGEM,PR_ORIGENSMOVIMENTACAOFIN,HANDLE
CT_CRITERIOVIGENCIACONTAS,DEPARTAMENTO,PR_DEPARTAMENTOS,HANDLE
CT_CRITERIOVIGENCIACONTAS,CATEGORIA,PR_CATEGORIAS,HANDLE
CT_CRITERIOVIGENCIACONTAS,CONTADEBITO,FN_CONTAS,HANDLE
CT_CRITERIOVIGENCIACONTAS,CENTROCUSTODEBITO,CT_CC,HANDLE
CT_CRITERIOVIGENCIACONTAS,CONTACREDITO,FN_CONTAS,HANDLE
CT_CRITERIOVIGENCIACONTAS,CENTROCUSTOCREDITO,CT_CC,HANDLE
CT_CRITERIOVIGENCIACONTAS,CRITERIOVIGENCIA,CT_CRITERIOVIGENCIAS,HANDLE
CT_CRITERIOVIGENCIACONTAS,K9_PROGRAMA,K9_PROGRAMA,HANDLE
CT_CRITERIOVIGENCIACONTAS,K9_PLANO,K9_PLANO,HANDLE
CT_CRITERIOVIGENCIACONTAS,K9_CCDEBITOPAGAR,CT_CC,HANDLE
CT_CRITERIOVIGENCIACONTAS,K9_CONTADEBITOPAGAR,K9_CONTACREDITOPAGAR,HANDLE
CT_CRITERIOVIGENCIAS,FIM,CT_CRITERIOS,HANDLE
CT_MOVIMENTACAOCONTABIL,ADIANTAMENTO,FI_LOTEITENS,HANDLE
CT_MOVIMENTACAOCONTABIL,DEPOSITORESGATE,PR_PROCESSODEPOSITOLANCAMENTOS,HANDLE
CT_MOVIMENTACAOCONTABIL,RISCO,PR_RISCOS,HANDLE
CT_MOVIMENTACAOCONTABIL,PENHORA,PR_PROCESSOPENHORAS,HANDLE
CT_MOVIMENTACAOCONTABIL,LEVANTAMENTOPENHORA,PR_PROCESSOPENHORALEVANTAMENTO,HANDLE
CT_MOVIMENTACAOCONTABIL,PROCESSO,PR_PROCESSOS,HANDLE
CT_MOVIMENTACAOCONTABIL,PEDIDO,PR_PROCESSOPEDIDOS,HANDLE
CT_MOVIMENTACAOCONTABIL,DECISAO,PR_PROCESSOPEDIDOINSTANCIAS,HANDLE
CT_MOVIMENTACAOCONTABIL,PAGAMENTO,FI_SOLICITACAOPAGAMENTOS,HANDLE
CT_MOVIMENTACAOCONTABIL,DEPOSITO,FI_SOLICITACAODEPOSITOS,HANDLE
CT_MOVIMENTACAOCONTABIL,EVENTOCONTABIL,CT_EVENTOSCONTABEIS,HANDLE
CT_MOVIMENTACAOCONTABIL,OPERACAOCONTABIL,CT_OPERACAOCONTABIL,HANDLE
CT_SOLICITACAOCALCULOIMP,RISCO,PR_RISCOS,HANDLE
CT_SOLICITACAOCALCULOIMP,CRIARPEDIDO,PR_PEDIDOS,HANDLE
CT_SOLICITACAOCALCULOIMP,CALCULO,CT_CALCULOTRABALHISTA,HANDLE
CT_SOLICITACAOCALCULOIMP,INCLUIDOPOR,Z_GRUPOUSUARIOS,HANDLE
CT_SOLICITACAOCALCULOIMP,OBJETIVO,CT_CALCULOOBJETIVOS,HANDLE
CT_SOLICITACAOCALCULOIMP,FASE,CT_CALCULOFASES,HANDLE
CT_SOLICITACAOCALCULOIMP,PROCESSO,PR_PROCESSOS,HANDLE
EJ_ASSOCIACAOCHECKLISTCONTRATO,TIPOCONTRATOPESQUISA,EJ_TIPOCLASSIFICACAOCONTRATOS,HANDLE
EJ_ASSOCIACAOCHECKLISTCONTRATO,RESPOSTAOBRIGATORIA,EJ_TIPOCLASSIFICACAOCONTRATOS,HANDLE
EJ_ASSOCIACAOCHECKLISTCONTRATO,TIPOCLASSIFICACAO,EJ_TIPOCLASSIFICACAOCONTRATOS,HANDLE
EJ_ASSOCIACAOCHECKLISTCONTRATO,TIPORESPOSTACORRETA,EJ_TIPOCONTRATOLISTA,HANDLE
EJ_CERTIDAOEVENTOPROVIDENCIAS,PROVIDENCIA,EJ_CERTIDAOEVENTOPROVSUGERIDAS,HANDLE
EJ_CERTIDAOEVENTOPROVIDENCIAS,HANDLEPROVIDENCIA,EJ_PROVIDENCIAEVENTOCERTIDOES,HANDLE
EJ_CERTIDAOEVENTOPROVIDENCIAS,EVENTOGERADO,EJ_EVENTOS,HANDLE
EJ_CERTIDAOEVENTOPROVIDENCIAS,RESPONSAVELPAPEL,Z_WFPAPEIS,HANDLE
EJ_CERTIDAOEVENTOPROVIDENCIAS,EVENTO,EJ_CERTIDAOEVENTOS,HANDLE
EJ_CERTIDAOEVENTOPROVIDENCIAS,RESPONSAVEL,GN_PESSOAS,HANDLE
EJ_CERTIDAOEVENTOPROVIDENCIAS,SOLICITANTE,GN_PESSOAS,HANDLE
EJ_CERTIDAOEVENTOPROVPRORROG,PROVIDENCIA,EJ_CERTIDAOEVENTOPROVIDENCIAS,HANDLE
EJ_CERTIDAOEVENTOPROVPRORROG,EVENTO,EJ_CERTIDAOEVENTOS,HANDLE
EJ_CERTIDAOEVENTOPROVSUGERIDAS,PROVIDENCIA,EJ_PROVIDENCIAEVENTOCERTIDOES,HANDLE
EJ_CERTIDAOEVENTOPROVSUGERIDAS,EVENTOGERADO,EJ_EVENTOS,HANDLE
EJ_CERTIDAOEVENTOPROVSUGERIDAS,ASSUNTO,EJ_ORGAOCERTIDAOTIPOASSUNTOS,HANDLE
EJ_CERTIDAOEVENTOPROVSUGERIDAS,EVENTO,EJ_EVENTOS,HANDLE
EJ_CERTIDAOEVENTOPROVTRANSFER,PROVIDENCIA,EJ_CERTIDAOEVENTOPROVIDENCIAS,HANDLE
EJ_CERTIDAOEVENTOPROVTRANSFER,EVENTO,EJ_CERTIDAOEVENTOS,HANDLE
EJ_CERTIDAOOUTROSDOCUMENTOS,CERTIDAO,EJ_CERTIDOES,HANDLE
EJ_CERTIDAOPROCESSOSVINCULADOS,PROCESSO,PR_PROCESSOS,HANDLE
EJ_CERTIDAOPROCESSOSVINCULADOS,CERTIDAO,EJ_CERTIDOES,HANDLE
EJ_CERTIDAOPROCESSOSVINCULADOS,EMPRESA,EMPRESAS,HANDLE
EJ_CERTIDAOPROCESSOSVINCULADOS,FILIAL,FILIAIS,HANDLE
EJ_CERTIDAOPROCESSOSVINCULADOS,DEPARTAMENTO,PR_DEPARTAMENTOS,HANDLE
EJ_CERTIDAOPROCESSOSVINCULADOS,DIVISAO,PR_DEPARTAMENTODIVISOES,HANDLE
EJ_CERTIDAOPROCESSOSVINCULADOS,ORGAOEXPEDITOR,EJ_ORGAOSCERTIDOES,HANDLE
EJ_CERTIDAOPROCESSOSVINCULADOS,ASSUNTO,EJ_ORGAOCERTIDAOTIPOASSUNTOS,HANDLE
EJ_CERTIDAOPROCESSOSVINCULADOS,PASTA,PR_PROCESSOS,HANDLE
EJ_CERTIDAOPROCESSOSVINCULADOS,UNIDADEFILIAL,GN_FILIALUNIDADES,HANDLE
EJ_CERTIDOES,ESCRITORIO,EJ_ESCRITORIOSCOBRANCA,HANDLE
EJ_CERTIDOES,MOTIVOENCERRAMENTO,EJ_MOTIVOSENCERRAMENTO,HANDLE
EJ_CERTIDOES,PESSOA,GN_PESSOAS,HANDLE
EJ_CERTIDOES,DEPARTAMENTO,PR_DEPARTAMENTOS,HANDLE
EJ_CERTIDOES,DIVISAO,PR_DEPARTAMENTODIVISOES,HANDLE
EJ_CERTIDOES,ADVOGADO,GN_PESSOAS,HANDLE
EJ_COBRANCA,EMPRESA,EMPRESAS,HANDLE
EJ_COBRANCA,FILIAL,FILIAIS,HANDLE
EJ_COBRANCA,CREDOR,GN_PESSOAS,HANDLE
EJ_COBRANCAANDAMENTOS,EVENTO,EJ_COBRANCAEVENTOS,HANDLE
EJ_COBRANCAVALORES,CARTORIO,SO_CARTORIOS,HANDLE
EJ_COBRANCAVALORES,COBRANCA,EJ_COBRANCA,HANDLE
EJ_CONFIGURACOES,ORGANOGRAMAALCADAVALORES,Z_WFGRUPOS,HANDLE
EJ_CONFIGURACOES,CONDICAO,EJ_PARTEQUALIFICACOES,HANDLE
EJ_CONFIGURACOES,MOEDAPADRAO,GN_MOEDAS,HANDLE
EJ_CONFIGURACOES,CONDICAOCONTRATADA,EJ_PARTEQUALIFICACOES,HANDLE
EJ_CONFIGURACOES,CONDICAORESPONSAVEL,GE_TIPODOCUMENTO,HANDLE
EJ_CONFIGURACOES,DOCUMENTOPADRAOCONTRATO,GE_TIPODOCUMENTO,HANDLE
EJ_CONFIGURACOES,DOCUMENTOPADRAOADITIVO,GE_TIPODOCUMENTO,HANDLE
EJ_CONFIGURACOES,DOCUMENTOPADRAORESCISAO,GE_TIPODOCUMENTO,HANDLE
EJ_CONFIGURACOES,DOCUMENTOPADRAORENOVACAO,GE_TIPODOCUMENTO,HANDLE
EJ_CONFIGURACOES,DOCUMENTOPADRAOADITIVOASSIN,GE_TIPODOCUMENTO,HANDLE
EJ_CONFIGURACOES,RESPONSAVELAPROVACAOPAPEL,Z_WFPAPEIS,HANDLE
EJ_CONFIGURACOES,CONDICAOFILIAL,EJ_PARTEQUALIFICACOES,HANDLE
EJ_CONFIGURACOES,CONDICAOEMPRESA,EJ_PARTEQUALIFICACOES,HANDLE
EJ_CONFIGURACOES,RESPONSAVELASSINATURAPAPEL,Z_WFPAPEIS,HANDLE
EJ_CONFIGURACOES,CONDICAOCONTRATANTE,EJ_PARTEQUALIFICACOES,HANDLE
EJ_CONFIGURACOES,FILIAL,FILIAIS,HANDLE
EJ_CONFIGURACOES,CONTRATADA,GN_PESSOAS,HANDLE
EJ_CONFIGURACOES,CLASSIFICACAOCONTRATO,EJ_TIPOCLASSIFICACAOCONTRATOS,HANDLE
EJ_CONFIGURACOES,COMARCA,PR_COMARCAS,HANDLE
EJ_CONFIGURACOES,DEPARTAMENTO,PR_DEPARTAMENTOS,HANDLE
EJ_CONFIGURACOES,RESPONSAVELMONITORAMENTOPA,Z_WFPAPEIS,HANDLE
EJ_CONTRATOADITIVOHISTORICOS,MOEDA,GN_MOEDAS,HANDLE
EJ_CONTRATOADITIVOHISTORICOS,TECNICODEPARTAMENTO,PR_DEPARTAMENTOS,HANDLE
EJ_CONTRATOADITIVOHISTORICOS,TECNICODIVISAO,PR_DEPARTAMENTODIVISOES,HANDLE
EJ_CONTRATOADITIVOHISTORICOS,TECNICOCENTROCUSTO,CT_CC,HANDLE
EJ_CONTRATOADITIVOHISTORICOS,TECNICORESPONSAVEL,GN_PESSOAS,HANDLE
EJ_CONTRATOADITIVOHISTORICOS,ADITIVO,EJ_TIPOCLASSIFICACAOCONTRATOS,HANDLE
EJ_CONTRATOADITIVOHISTORICOS,DEPARTAMENTO,PR_DEPARTAMENTOS,HANDLE
EJ_CONTRATOADITIVOHISTORICOS,DIVISAO,PR_DEPARTAMENTODIVISOES,HANDLE
EJ_CONTRATOADITIVOHISTORICOS,CENTROCUSTO,CT_CC,HANDLE
EJ_CONTRATOADITIVOHISTORICOS,RESPONSAVEL,GN_PESSOAS,HANDLE
EJ_CONTRATOADITIVOS,DEPARTAMENTO,PR_DEPARTAMENTOS,HANDLE
EJ_CONTRATOADITIVOS,DIVISAO,PR_DEPARTAMENTODIVISOES,HANDLE
EJ_CONTRATOADITIVOS,CENTROCUSTO,CT_CC,HANDLE
EJ_CONTRATOADITIVOS,RESPONSAVEL,GN_PESSOAS,HANDLE
EJ_CONTRATOADITIVOS,MOEDA,GN_MOEDAS,HANDLE
EJ_CONTRATOADITIVOS,TECNICODEPARTAMENTO,PR_DEPARTAMENTOS,HANDLE
EJ_CONTRATOADITIVOS,TECNICODIVISAO,PR_DEPARTAMENTODIVISOES,HANDLE
EJ_CONTRATOADITIVOS,TECNICOCENTROCUSTO,CT_CC,HANDLE
EJ_CONTRATOADITIVOS,ALCADA,EJ_GRUPOALCADAS,HANDLE
EJ_CONTRATOADITIVOS,CLASSIFICACAOCONTRATO,EJ_TIPOCLASSIFICACAOCONTRATOS,HANDLE
EJ_CONTRATOADITIVOS,INCLUIDOPOR,Z_GRUPOUSUARIOS,HANDLE
EJ_CONTRATOADITIVOS,SOLICITACAO,SL_SOLICITACOES,HANDLE
EJ_CONTRATOADITIVOS,ADITIVOALTERAR,EJ_CONTRATOADITIVOS,HANDLE
EJ_CONTRATOADITIVOS,MINUTA,EJ_MINUTAS,HANDLE
EJ_CONTRATOADITIVOS,INDICE,GN_MOEDAS,HANDLE
EJ_CONTRATOADITIVOS,CONTRATADA,GN_PESSOAS,HANDLE
EJ_CONTRATOADITIVOS,RESPONSAVELRESPOSTA,Z_GRUPOUSUARIOS,HANDLE
EJ_CONTRATOADITIVOS,K9_DIVISAO,PR_DEPARTAMENTODIVISOES,HANDLE
EJ_CONTRATOADITIVOS,SOLICITANTE,Z_GRUPOUSUARIOS,HANDLE
EJ_CONTRATOALERTAS,ORCAMENTO,EJ_CONTRATOORCAMENTOS,HANDLE
EJ_CONTRATOALERTAS,ADITIVO,EJ_CONTRATOADITIVOS,HANDLE
EJ_CONTRATOALERTAS,CONTRATO,EJ_CONTRATOS,HANDLE
EJ_CONTRATOALERTAS,ASSUNTO,EJ_ALERTAS,HANDLE
EJ_CONTRATOALERTAS,REMETENTE,GN_PESSOAS,HANDLE
EJ_CONTRATOASSINANTEOBERVADOR,ADITIVO,EJ_CONTRATOADITIVOS,HANDLE
EJ_CONTRATOASSINANTES,ASSINANTE,GN_ASSINANTEDIGITAL,HANDLE
EJ_CONTRATOASSINANTES,DOCUMENTO,EJ_CONTRATODOCUMENTOS,HANDLE
EJ_CONTRATOASSINANTES,CONTRATO,EJ_CONTRATOADITIVOS,HANDLE
EJ_CONTRATOASSINATURAS,RESPONSAVEL,Z_GRUPOUSUARIOS,HANDLE
EJ_CONTRATOASSINATURAS,GRUPO,EJ_GRUPOALCADAINTEGRANTES,HANDLE
EJ_CONTRATOASSINATURAS,CONTRATO,EJ_CONTRATOS,HANDLE
EJ_CONTRATOASSINATURAS,ORCAMENTO,EJ_CONTRATOORCAMENTOS,HANDLE
EJ_CONTRATOASSINATURAS,ADITIVO,EJ_CONTRATOADITIVOS,HANDLE
EJ_CONTRATOAUDITORIA,CONTRATO,EJ_CONTRATOS,HANDLE
EJ_CONTRATOCLAUSULAS,MINUTA,EJ_MINUTAS,HANDLE
EJ_CONTRATOCLAUSULAS,ADITIVO,EJ_CONTRATOADITIVOS,HANDLE
EJ_CONTRATOCLAUSULAS,USUARIOALTEROU,Z_GRUPOUSUARIOS,HANDLE
EJ_CONTRATOCLAUSULAS,USUARIOINCLUIU,Z_GRUPOUSUARIOS,HANDLE
EJ_CONTRATOCLAUSULAS,CONTRATO,EJ_CONTRATOS,HANDLE
EJ_CONTRATOCLAUSULAS,CONTRATO,EJ_CONTRATOS,HANDLE
EJ_CONTRATOCLAUSULAS,INCLUIDOPOR,Z_GRUPOUSUARIOS,HANDLE
EJ_CONTRATOCLAUSULAS,ALTERADOPOR,Z_GRUPOUSUARIOS,HANDLE
EJ_CONTRATOHISTORICOADITIVOS,ADITIVOALTERADOR,EJ_CONTRATOADITIVOS,HANDLE
EJ_CONTRATOHISTORICOADITIVOS,CONTRATOALTERADO,EJ_CONTRATOS,HANDLE
EJ_CONTRATOHISTORICOASSINATURA,ORCAMENTO,EJ_CONTRATOORCAMENTOS,HANDLE
EJ_CONTRATOHISTORICOASSINATURA,ADITIVO,EJ_CONTRATOADITIVOS,HANDLE
EJ_CONTRATOHISTORICOASSINATURA,CONTRATO,EJ_CONTRATOS,HANDLE
EJ_CONTRATOHISTORICOASSINATURA,USUARIO,Z_GRUPOUSUARIOS,HANDLE
EJ_CONTRATOORCAMENTOS,CONTRATO,EJ_CONTRATOS,HANDLE
EJ_CONTRATOORCAMENTOS,CONTRATADA,GN_PESSOAS,HANDLE
EJ_CONTRATOORCAMENTOS,DEPARTAMENTO,PR_DEPARTAMENTOS,HANDLE
EJ_CONTRATOORCAMENTOS,DIVISAO,PR_DEPARTAMENTODIVISOES,HANDLE
EJ_CONTRATOORCAMENTOS,CENTROCUSTO,CT_CC,HANDLE
EJ_CONTRATOORCAMENTOS,RESPONSAVEL,GN_PESSOAS,HANDLE
EJ_CONTRATOORCAMENTOS,ALCADA,EJ_GRUPOALCADAS,HANDLE
EJ_CONTRATOORCAMENTOS,CLASSIFICACAOORCAMENTO,EJ_TIPOCLASSIFICACAOCONTRATOS,HANDLE
EJ_CONTRATOORCAMENTOS,MOEDA,GN_MOEDAS,HANDLE
EJ_CONTRATOPARTICIPANTES,CONTRATO,EJ_CONTRATOS,HANDLE
EJ_CONTRATOPARTICIPANTES,PARTICIPANTE,GN_PESSOAS,HANDLE
EJ_CONTRATOPARTICIPANTES,CLASSIFICACAO,EJ_PARTEQUALIFICACOES,HANDLE
EJ_CONTRATOREQUISITOS,REQUISITO,EJ_REQUISITOS,HANDLE
EJ_CONTRATOREQUISITOS,USUARIO,Z_GRUPOUSUARIOS,HANDLE
EJ_CONTRATOS,CLASSIFICACAOCONTRATO,EJ_TIPOCLASSIFICACAOCONTRATOS,HANDLE
EJ_CONTRATOS,TECNICOCENTROCUSTO,CT_CC,HANDLE
EJ_CONTRATOS,CONTRATADA,GN_PESSOAS,HANDLE
EJ_CONTRATOS,TECNICODIVISAO,PR_DEPARTAMENTODIVISOES,HANDLE
EJ_CONTRATOS,TECNICORESPONSAVEL,GN_PESSOAS,HANDLE
EJ_CONTRATOS,TECNICODEPARTAMENTO,PR_DEPARTAMENTOS,HANDLE
EJ_CONTRATOS,DEPARTAMENTO,PR_DEPARTAMENTOS,HANDLE
EJ_CONTRATOS,DIVISAO,PR_DEPARTAMENTODIVISOES,HANDLE
EJ_CONTRATOS,CENTROCUSTO,CT_CC,HANDLE
EJ_CONTRATOS,RESPONSAVEL,GN_PESSOAS,HANDLE
EJ_CONTRATOS,ALCADA,EJ_GRUPOALCADAS,HANDLE
EJ_CONTRATOS,MOEDA,GN_MOEDAS,HANDLE
EJ_CONTRATOS,SOLICITACAO,SL_SOLICITACOES,HANDLE
EJ_CONTRATOS,INCLUIDOPOR,Z_GRUPOUSUARIOS,HANDLE
EJ_CONTRATOS,EMPRESA,EMPRESAS,HANDLE
EJ_CONTRATOS,FILIAL,FILIAIS,HANDLE
EJ_CONTRATOS,NIVELCONFIDENCIALIDADE,EJ_CONFIDENCIALIDADE,HANDLE
EJ_CONTRATOS,MINUTA,EJ_MINUTAS,HANDLE
EJ_CONTRATOS,CRITERIO,PR_PROCESSOPEDIDOS,HANDLE
EJ_CONTRATOS,COMARCA,PR_COMARCAS,HANDLE
EJ_CONTRATOS,PROCURACAO,SO_PROCURACOES,HANDLE
EJ_CONTRATOS,RESPONSAVELRESPOSTA,Z_GRUPOUSUARIOS,HANDLE
EJ_CONTRATOS,NUMEROCONTRATO,EJ_CONTRATOS,HANDLE
EJ_CONTRATOS,SOLICITANTE,Z_GRUPOUSUARIOS,HANDLE
EJ_CONTRATOS,ADVOGADOMETIER,Z_GRUPOUSUARIOS,HANDLE
EJ_CONTRATOS,APROVADORTECNICO,Z_GRUPOUSUARIOS,HANDLE
EJ_CONTRATOS,ADVOGADORESPONSAVEL,Z_GRUPOUSUARIOS,HANDLE
EJ_CONTRATOS,ESCRITORIOCREDENCIADO,Z_GRUPOUSUARIOS,HANDLE
EJ_CONTRATOS,CONTRATANTE,GN_PESSOAS,HANDLE
EJ_CONTRATOS,TIPOCONTRATOSOLICITACAO,EJ_TIPOCONTRATOS,HANDLE
EJ_CONTRATOS,ENCERRADOPOR,Z_GRUPOUSUARIOS,HANDLE
EJ_CONTRATOS,MOTIVOREATIVACAO,EJ_CONTRATOMOTIVOREATIVACAO,HANDLE
EJ_CONTRATOS,INDICEMONETARIO,GN_MOEDAS,HANDLE
EJ_CONTROLEFATURAS,INCLUIDOPOR,Z_GRUPOUSUARIOS,HANDLE
EJ_CONTROLEFATURAS,USUARIOCANCELOU,Z_GRUPOUSUARIOS,HANDLE
EJ_FATURAPESSOASJURIDICAS,CEDENTE,GN_PESSOAS,HANDLE
EJ_FATURAPESSOASJURIDICAS,GN_PESSOAS,EJ_CONTROLEFATURAS,HANDLE
EJ_FATURAPESSOASJURIDICAS,PERCENTUALTOTALFATURA,TOTALLANCAMENTOS,HANDLE
EJ_GPTPERGUNTAS,SOLICITACAO,EJ_PARECERES,HANDLE
EJ_GPTPERGUNTAS,INTEGRADOPOR,Z_GRUPOUSUARIOS,HANDLE
EJ_GRUPOALCADAINTEGRANTES,GRUPO,EJ_GRUPOALCADAS,HANDLE
EJ_GRUPOALCADAINTEGRANTES,USUARIO,Z_GRUPOUSUARIOS,HANDLE
EJ_MINUTACLAUSULAS,MINUTA,EJ_MINUTAS,HANDLE
EJ_MINUTACLAUSULAS,ADITIVO,EJ_CONTRATOADITIVOS,HANDLE
EJ_MINUTACLAUSULAS,USUARIOALTEROU,Z_GRUPOUSUARIOS,HANDLE
EJ_MINUTACLAUSULAS,USUARIOINCLUIU,Z_GRUPOUSUARIOS,HANDLE
EJ_MINUTAS,ASSINANTEPADRAO,GN_PESSOAS,HANDLE
EJ_MINUTAS,MINUTAPAI,EJ_MINUTAS,HANDLE
EJ_MINUTAS,PROCURACAO,SO_PROCURACOES,HANDLE
EJ_MINUTAS,SITUACAOINDICADA,EJ_MINUTASITUACOESINDICADAS,HANDLE
EJ_ORGAOCERTIDAOTIPOASSUNTOS,ORGAOEXPEDITOR,EJ_ORGAOSCERTIDOES,HANDLE
EJ_ORGAOCERTIDAOTIPOS,ORGAOEXPEDITOR,EJ_ORGAOSCERTIDOES,HANDLE
EJ_PARECERAUTORES,PARECER,EJ_PARECERES,HANDLE
EJ_PARECERAUTORES,AUTOR,GN_PESSOAS,HANDLE
EJ_PARECERES,EMPRESA,EMPRESAS,HANDLE
EJ_PARECERES,FILIAL,FILIAIS,HANDLE
EJ_PARECERES,NOMECREDOR,GN_PESSOAS,HANDLE
EJ_PARECERES,SOLICITACAO,SL_SOLICITACOES,HANDLE
EJ_PARECERES,SOLICITADOPOR,Z_GRUPOUSUARIOS,HANDLE
EJ_PARECERES,RESPONSAVELPARECER,Z_GRUPOUSUARIOS,HANDLE
EJ_PARECERES,DEPARTAMENTO,PR_DEPARTAMENTOS,HANDLE
EJ_PARECERES,DIVISAO,PR_DEPARTAMENTODIVISOES,HANDLE
EJ_PARECERES,DIVISOES,PR_DEPARTAMENTODIVISOES,HANDLE
EJ_PARECERES,PRODUTO,PR_PRODUTOS,HANDLE
EJ_PARECERES,CLIENTE,GN_PESSOAS,HANDLE
EJ_PARECERES,CONTRATO,EJ_CONTRATOS,HANDLE
EJ_PARECERES,PROCURACAO,SO_PROCURACOES,HANDLE
EJ_PARECERES,PROJETO,EJ_PROJETOS,HANDLE
EJ_PARECERES,ASSUNTOPREDEFINIDO,EJ_PARECERASSUNTOS,HANDLE
EJ_PARECERES,RESPONSAVELRESPOSTA,Z_GRUPOUSUARIOS,HANDLE
EJ_PARECERES,PROCESSO,PR_PROCESSODESDOBRAMENTOS,HANDLE
EJ_PARECERES,UNIDADEFILIAL,GN_FILIALUNIDADES,HANDLE
EJ_PARECERES,K9_PARECERSUBSTITUTO,EJ_PARECERES,HANDLE
EJ_PARECERES,K9_REVOGADOPOR,Z_GRUPOUSUARIOS,HANDLE
EJ_PARECEROUTROSDOCUMENTOS,INCLUIDOPOR,Z_GRUPOUSUARIOS,HANDLE
EJ_PARECEROUTROSDOCUMENTOS,ALTERADOPOR,Z_GRUPOUSUARIOS,HANDLE
EJ_PARECERSOLICITACOESPRORROGA,PARECER,EJ_PARECERES,HANDLE
EJ_PROJETOS,INCLUIDOPOR,Z_GRUPOUSUARIOS,HANDLE
EJ_PROJETOS,ALTERADOPOR,Z_GRUPOUSUARIOS,HANDLE
EJ_PROJETOS,ALTERADOEM,Z_GRUPOUSUARIOS,HANDLE
EJ_RECURSO,VALORHORA,EJ_TIPOHORAS,HANDLE
EJ_RECURSO,RECURSO,GN_PESSOAS,HANDLE
EJ_RECURSO,INATIVO,OBSERVACOES,HANDLE
EJ_RESPOSTASAVALIACOESCONTRATO,CONTRATO,EJ_CONTRATOS,HANDLE
EJ_RESPOSTASAVALIACOESCONTRATO,ADITIVO,EJ_CONTRATOADITIVOS,HANDLE
EJ_TIMESHEET,PROCESSO,PR_PROCESSOS,HANDLE
EJ_TIMESHEET,DESDOBRAMENTO,PR_PROCESSODESDOBRAMENTOS,HANDLE
EJ_TIMESHEET,EVENTOPROCESSO,PR_PROCESSOEVENTOS,HANDLE
EJ_TIMESHEET,EMPRESA,EMPRESAS,HANDLE
EJ_TIMESHEET,EVENTOPROCESSO,PR_PROCESSOEVENTOS,HANDLE
EJ_TIMESHEET,PROVIDENCIA,PR_PROCESSOEVENTOPROVIDENCIAS,HANDLE
EJ_TIMESHEET,NROIDENTIFICACAO,PI_PROPRIEDADESNACIONAIS,HANDLE
EJ_TIMESHEET,AREA,PR_DEPARTAMENTOS,HANDLE
EJ_TIMESHEET,DIVISAO,PR_DEPARTAMENTODIVISOES,HANDLE
EJ_TIMESHEET,INCLUIDOPOR,Z_GRUPOUSUARIOS,HANDLE
EJ_TIMESHEET,MARCA,PI_PROPRIEDADESNACIONAIS,HANDLE
EJ_TIMESHEET,MARCAEVENTO,PI_PROPRIEDADEEVENTOS,HANDLE
EJ_TIMESHEET,PALAVRACHAVE,PI_PROPRIEDADEEVENTOS,HANDLE
EJ_TIMESHEET,INSTITUICAO,SO_INSTITUICOES,HANDLE
EJ_TIMESHEET,NUMEROPARECER,EJ_PARECERES,HANDLE
EJ_TIMESHEET,PROCURACAO,SO_PROCURACOES,HANDLE
EJ_TIMESHEET,ASSUNTO,EJ_TIMESHEETASSUNTOS,HANDLE
EJ_TIMESHEET,ATIVIDADE,EJ_TIMESHEETATIVIDADES,HANDLE
EJ_TIMESHEET,DATAEVENTO,SO_INSTITUICAOEVENTOS,HANDLE
EJ_TIMESHEET,USUARIOULTIMOCANCELAMENTO,Z_GRUPOUSUARIOS,HANDLE
EJ_TIMESHEET,RECURSO,EJ_RECURSO,HANDLE
EJ_TIMESHEET,ULTIMAALTERACAOPOR,Z_GRUPOUSUARIOS,HANDLE
EJ_TIPOCLASSIFICACAOCONTRATOS,ORGANOGRAMAALCADAVALORES,Z_WFGRUPOS,HANDLE
EJ_TIPOSATENDIMENTO,VALOR,OBSERVACOES,HANDLE
EMPRESAS,PERIODOCORRENTE,Z_PERIODOS,HANDLE
EMPRESAS,EMPRESAMESTRE,EMPRESAS,HANDLE
EMPRESAS,PESSOA,GN_PESSOAS,HANDLE
EMPRESAS,CHANCELAALINHAMENTO,Z_IDIOMAS,HANDLE
EP_CONFIGURACOES,CONDICAOADVERSO,PR_PARTEQUALIFICACAO,HANDLE
EP_CONFIGURACOES,DESDOBRAMENTO,PR_DESDOBRAMENTOS,HANDLE
EP_CONFIGURACOES,INSTANCIA,PR_INSTANCIAS,HANDLE
EP_CONFIGURACOES,FASE,PR_FASES,HANDLE
EP_CONFIGURACOES,DEPARTAMENTO,PR_DEPARTAMENTOS,HANDLE
EP_CONFIGURACOES,DIVISAO,PR_DEPARTAMENTODIVISOES,HANDLE
EP_CONFIGURACOES,MOTIVOENCERRAMENTOPADRAO,EP_MOTIVOENCERRAMENTOS,HANDLE
EP_FINALIZARBEF,PREPROCESSO,EP_PROCESSOS,HANDLE
EP_PROCESSOCONEXOS,CATEGORIA,PR_CATEGORIAS,HANDLE
EP_PROCESSOCONEXOS,HANDLEEPPROCESSOS,EP_PROCESSOS,HANDLE
EP_PROCESSOCONEXOS,PASTA,PR_PROCESSOS,HANDLE
EP_PROCESSOCONEXOS,NUMEROPROCESSO,PR_PROCESSODESDOBRAMENTOS,HANDLE
EP_PROCESSODESDOBRAMENTOS,DESDOBRAMENTO,PR_DESDOBRAMENTOS,HANDLE
EP_PROCESSODESDOBRAMENTOS,INSTANCIA,PR_INSTANCIAS,HANDLE
EP_PROCESSODESDOBRAMENTOS,RITO,PR_RITOS,HANDLE
EP_PROCESSODESDOBRAMENTOS,FASE,PR_FASES,HANDLE
EP_PROCESSODESDOBRAMENTOS,ORGAO,PR_COMARCAORGAOS,HANDLE
EP_PROCESSODESDOBRAMENTOS,COMARCA,PR_ORGAOSCOMARCA,HANDLE
EP_PROCESSODESDOBRAMENTOS,FORO,PR_ORGAOCOMARCAFOROS,HANDLE
EP_PROCESSODESDOBRAMENTOS,TIPODOCUMENTO,PR_DOCUMENTOS,HANDLE
EP_PROCESSODESDOBRAMENTOS,DISTRITO,PR_DISTRITOSPOLICIAIS,HANDLE
EP_PROCESSODESDOBRAMENTOS,PROCESSO,EP_PROCESSOS,HANDLE
EP_PROCESSODESDOBRAMENTOS,UF,ESTADOS,HANDLE
EP_PROCESSOEVENTOS,MOTIVOCASSACAO,PR_MOTIVOCASSACAOLIMINARES,HANDLE
EP_PROCESSOEVENTOS,PRECORGAO,PR_COMARCAORGAOS,HANDLE
EP_PROCESSOEVENTOS,PRECCOMARCA,PR_ORGAOSCOMARCA,HANDLE
EP_PROCESSOEVENTOS,PRECFORO,PR_ORGAOCOMARCAFOROS,HANDLE
EP_PROCESSOEVENTOS,PRECJUIZO,PR_COMARCAORGAODISTRIBUICOES,HANDLE
EP_PROCESSOEVENTOS,DESDOBRAMENTO,EP_PROCESSODESDOBRAMENTOS,HANDLE
EP_PROCESSOEVENTOS,EVENTO,PR_EVENTOS,HANDLE
EP_PROCESSOEVENTOS,PROCESSO,EP_PROCESSOS,HANDLE
EP_PROCESSOPAITRIBUTOS,TRIBUTO,PR_TRIBUTOS,HANDLE
EP_PROCESSOPARTICIPANTES,DESDOBRAMENTO,EP_PROCESSODESDOBRAMENTOS,HANDLE
EP_PROCESSOPARTICIPANTES,PROCESSO,EP_PROCESSOS,HANDLE
EP_PROCESSOPARTICIPANTES,CONDICAO,PR_PARTEQUALIFICACAO,HANDLE
EP_PROCESSOPARTICIPANTES,PEDIDO,PR_PROCESSOPEDIDOS,HANDLE
EP_PROCESSOPARTICIPANTES,PARTICIPANTE,GN_PESSOAS,HANDLE
EP_PROCESSOPEDIDOS,MOEDA,GN_MOEDAS,HANDLE
EP_PROCESSOPEDIDOS,CRITERIO,GN_CRITERIOS,HANDLE
EP_PROCESSOPEDIDOS,DESDOBRAMENTO,EP_PROCESSODESDOBRAMENTOS,HANDLE
EP_PROCESSOPEDIDOS,PROCESSO,EP_PROCESSOS,HANDLE
EP_PROCESSOPEDIDOS,RISCO,PR_RISCOS,HANDLE
EP_PROCESSOPRODUTOS,PROCESSO,EP_PROCESSOS,HANDLE
EP_PROCESSOPRODUTOS,PRODUTO,PR_PRODUTOS,HANDLE
EP_PROCESSOPRODUTOS,ITEM,PR_PRODUTOITENS,HANDLE
EP_PROCESSOS,LOCALEXTERNOEMPRESA,EMPRESAS,HANDLE
EP_PROCESSOS,LOCALEXTERNOFILIAL,FILIAIS,HANDLE
EP_PROCESSOS,LOCALEXTERNODEPARTAMENTO,PR_DEPARTAMENTOS,HANDLE
EP_PROCESSOS,LOCALEXTERNODIVISAO,PR_DEPARTAMENTODIVISOES,HANDLE
EP_PROCESSOS,LOCAL,GN_PESSOAS,HANDLE
EP_PROCESSOS,NUMEROPROCESSO,EP_PROCESSODESDOBRAMENTOS,HANDLE
EP_PROCESSOS,ADVERSOPRINCIPAL,EP_PROCESSOPARTICIPANTES,HANDLE
EP_PROCESSOS,MOEDA,GN_MOEDAS,HANDLE
EP_PROCESSOS,CRITERIO,GN_CRITERIOS,HANDLE
EP_PROCESSOS,USUARIOFINALIZACAO,Z_GRUPOUSUARIOS,HANDLE
EP_PROCESSOS,MOTIVOENCERRAMENTO,EP_MOTIVOENCERRAMENTOS,HANDLE
EP_PROCESSOS,ENCERRADOPOR,Z_GRUPOUSUARIOS,HANDLE
EP_PROCESSOS,RESPONSAVEL,GN_PESSOAS,HANDLE
EP_PROCESSOS,REMETENTE,GN_PESSOAS,HANDLE
EP_PROCESSOS,INCLUIDAPOR,Z_GRUPOUSUARIOS,HANDLE
EP_PROCESSOS,LOCALIZACAO,GN_ARQUIVOSFISICOS,HANDLE
EP_PROCESSOS,EMPRESA,EMPRESAS,HANDLE
EP_PROCESSOS,DEPARTAMENTO,PR_DEPARTAMENTOS,HANDLE
EP_PROCESSOS,DIVISAO,PR_DEPARTAMENTODIVISOES,HANDLE
EP_PROCESSOS,CATEGORIA,PR_CATEGORIAS,HANDLE
EP_PROCESSOS,ASSUNTO,PR_CATEGORIATIPOACAOASSUNTOS,HANDLE
EP_PROCESSOS,RISCO,PR_RISCOS,HANDLE
EP_PROCESSOS,ADVERSOPRINCIPALPESSOA,GN_PESSOAS,HANDLE
EP_PROCESSOS,UNIDADEFILIAL,GN_FILIALUNIDADES,HANDLE
EP_PROCESSOS,FAIXAIMPACTOECONOMICO,PR_FAIXASIMPACTOECONOMICO,HANDLE
EP_PROCESSOTRIBUTOS,CRITERIO,GN_CRITERIOS,HANDLE
EP_RECEPCOES,USUARIOFINALIZACAO,Z_GRUPOUSUARIOS,HANDLE
EP_RECEPCOES,CATEGORIA,PR_CATEGORIAS,HANDLE
EP_RECEPCOES,ORGAO,PR_COMARCAORGAOS,HANDLE
EP_RECEPCOES,COMARCA,PR_ORGAOSCOMARCA,HANDLE
EP_RECEPCOES,JUIZODISTRIBUICAO,PR_COMARCAORGAODISTRIBUICOES,HANDLE
EP_RECEPCOES,ADVERSO,GN_PESSOAS,HANDLE
EP_RECEPCOES,ADVOGADOADVERSO,GN_PESSOAS,HANDLE
EP_RECEPCOES,USUARIOALTERACAO,Z_GRUPOUSUARIOS,HANDLE
EP_RECEPCOES,EMPRESA,EMPRESAS,HANDLE
EP_RECEPCOES,FILIAL,FILIAIS,HANDLE
EP_RECEPCOES,USUARIOCANCELAMENTO,Z_GRUPOUSUARIOS,HANDLE
EP_RECEPCOES,UNIDADEFILIAL,GN_FILIALUNIDADES,HANDLE
ES_DEDUCAODEPEN,DEPENDENTE,GN_PESSOAS,HANDLE
ES_FUNCIONARIOREINTEGRACAO,USUARIOENVIO,Z_GRUPOUSUARIOS,HANDLE
ES_FUNCIONARIOREINTEGRACAO,PASTA,PR_PROCESSOS,HANDLE
ES_FUNCIONARIOREINTEGRACAO,COMPETENCIA,ES_COMPETENCIAS,HANDLE
ES_FUNCIONARIOREINTEGRACAO,EMPREGADOR,GN_PESSOAS,HANDLE
ES_FUNCIONARIOREINTEGRACAO,FUNCIONARIO,GN_PESSOAS,HANDLE
ES_FUNCIONARIOREINTEGRACAO,NRPROCJUD,PR_PROCESSODESDOBRAMENTOS,HANDLE
ES_FUNCIONARIOREINTEGRACAO,ALTERADOPOR,Z_GRUPOUSUARIOS,HANDLE
ES_FUNCIONARIOREINTEGRACAO,INCLUIDOPOR,Z_GRUPOUSUARIOS,HANDLE
ES_FUNCIONARIOREINTEGRACAOMON,USUARIOENVIO,Z_GRUPOUSUARIOS,HANDLE
ES_FUNCIONARIOREINTEGRACAOMON,HNDLFLUXOPROVIDENCIA,WF_EXECUCAOPROVIDENCIAS,HANDLE
ES_FUNCIONARIOREINTEGRACAOMON,TRABALHADOR,GN_PESSOAS,HANDLE
ES_FUNCIONARIOREINTEGRACAOMON,EMPREGADOR,GN_PESSOAS,HANDLE
ES_FUNCREINTEGRACAO,EMPREGADOR,GN_PESSOAS,HANDLE
ES_FUNCREINTEGRACAO,PASTA,PR_PROCESSOS,HANDLE
ES_FUNCREINTEGRACAO,USUARIOENVIO,Z_GRUPOUSUARIOS,HANDLE
ES_IDEADVOGADO,ADVOGADO,GN_PESSOAS,HANDLE
ES_IDETRABALHADOR,TRABALHADOR,GN_PESSOAS,HANDLE
ES_INFOPROCRET,DESDOBRAMENTO,PR_PROCESSODESDOBRAMENTOS,HANDLE
ES_PAGAMENTOSDIVERSOS,ALTERADOPOR,Z_GRUPOUSUARIOS,HANDLE
ES_PAGAMENTOSDIVERSOS,INCLUIDOPOR,Z_GRUPOUSUARIOS,HANDLE
ES_PAGAMENTOSDIVERSOS,PASTA,PR_PROCESSOS,HANDLE
ES_PAGAMENTOSDIVERSOS,DEPENDENTE,GN_PESSOAS,HANDLE
ES_PAGAMENTOSDIVERSOS,BENEFICIARIO,GN_PESSOAS,HANDLE
ES_PAGAMENTOSDIVERSOS,ADVOGADO,GN_PESSOAS,HANDLE
ES_PAGAMENTOSDIVERSOS,EMPRESA,EMPRESAS,HANDLE
ES_PAGAMENTOSDIVERSOS,COMPETENCIA,ES_COMPETENCIAS,HANDLE
ES_PAGAMENTOSDIVERSOS,USUARIOENVIO,Z_GRUPOUSUARIOS,HANDLE
ES_PAGAMENTOSDIVERSOS,EMPREGADOR,GN_PESSOAS,HANDLE
ES_PARAMETROS,PROVIDENCIA,PR_PROVIDENCIAEVENTOS,HANDLE
ES_PARAMETROS,RESPONSAVELPESSOA,GN_PESSOAS,HANDLE
ES_PARAMETROS,RESPONSAVELPAPEL,Z_WFPAPEIS,HANDLE
ES_PENSAOALIM,DEPENDENTEBENEF,GN_PESSOAS,HANDLE
ES_PROCESSOS,ORGAO,PR_COMARCAORGAOS,HANDLE
ES_PROCESSOS,JUIZO,PR_JUIZOS,HANDLE
ES_PROCESSOS,EXCLUIDOPOR,Z_GRUPOUSUARIOS,HANDLE
ES_PROCESSOS,EMPREGADOR,GN_PESSOAS,HANDLE
ES_PROCESSOS,COMPETENCIA,ES_COMPETENCIAS,HANDLE
ES_PROCESSOS,USUARIOENVIO,Z_GRUPOUSUARIOS,HANDLE
ES_PROCESSOS,ALTERADOPOR,Z_GRUPOUSUARIOS,HANDLE
ES_PROCESSOS,INCLUIDOPOR,Z_GRUPOUSUARIOS,HANDLE
ES_PROCESSOS,PASTA,PR_PROCESSOS,HANDLE
ES_PROCESSOS,NRPROCESSO,PR_PROCESSODESDOBRAMENTOS,HANDLE
ES_PROCESSOS,UFVARA,ESTADOS,HANDLE
ES_PROCESSOS,CODMUNICIPIO,MUNICIPIOS,HANDLE
ES_PROCESSOS,IDVARA,PR_COMARCAORGAODISTRIBUICOES,HANDLE
ES_PROCESSOS,DESDOBRAMENTOMON,PR_PROCESSODESDOBRAMENTOMON,HANDLE
ES_PROCESSOTRABALHISTA,NUMPROCTRABALHISTA,PR_PROCESSODESDOBRAMENTOS,HANDLE
ES_PROCESSOTRABALHISTA,INCLUIDOPOR,Z_GRUPOUSUARIOS,HANDLE
ES_PROCESSOTRABALHISTA,ALTERADOPOR,Z_GRUPOUSUARIOS,HANDLE
ES_PROCESSOTRABALHISTA,TRABALHADOR,GN_PESSOAS,HANDLE
ES_PROCESSOTRABALHISTA,DESDOBRAMENTO,PR_PROCESSODESDOBRAMENTOS,HANDLE
ES_PROCESSOTRABALHISTA,UFVARA,ESTADOS,HANDLE
ES_PROCESSOTRABALHISTA,PASTA,PR_PROCESSOS,HANDLE
ES_PROCESSOTRABALHISTA,EMPREGADOR,GN_PESSOAS,HANDLE
ES_PROCESSOTRABALHISTA,COMARCA,PR_ORGAOSCOMARCA,HANDLE
ES_PROCESSOTRABALHISTA,MUNICIPIOVARA,MUNICIPIOS,HANDLE
ES_PROCESSOTRABALHISTAMON,NUMPROCTRABALHISTA,PR_PROCESSODESDOBRAMENTOS,HANDLE
ES_PROCESSOTRABALHISTAMON,INCLUIDOPOR,Z_GRUPOUSUARIOS,HANDLE
ES_PROCESSOTRABALHISTAMON,ALTERADOPOR,Z_GRUPOUSUARIOS,HANDLE
ES_PROCESSOTRABALHISTAMON,TRABALHADOR,GN_PESSOAS,HANDLE
ES_PROCESSOTRABALHISTAMON,UFVARA,ESTADOS,HANDLE
ES_PROCESSOTRABALHISTAMON,PASTA,PR_PROCESSOS,HANDLE
ES_PROCESSOTRABALHISTAMON,MUNICIPIOVARA,MUNICIPIOS,HANDLE
ES_PROCESSOTRABALHISTAMON,EMPRESA,EMPRESAS,HANDLE
ES_PROCESSOTRABALHISTAMON,FILIAL,FILIAIS,HANDLE
ES_PROCRETBENEFPEN,PROCRETVALORES,ES_PROCRETVALORES,HANDLE
ES_PROCRETDEDSUSP,PROCRETVALORES,ES_PROCRETVALORES,HANDLE
ES_PROCTRABCONTRATO,ESTABELECIMENTORESPPAGTO,GN_PESSOAS,HANDLE
ES_PROCTRABCONTRATO,VALORBASEFGTS,FGTS,HANDLE
ES_PROCTRABCONTRATO,CARGOTRABALHADOR,GN_CARGOS,HANDLE
ES_PROCTRABCONTRATO,VINCULOEMPREGATICIO,GN_PESSOAVINCULOS,HANDLE
ES_PROCTRABDEPENDENTES,PASTA,PR_PROCESSOS,HANDLE
ES_PROCTRABDEPENDENTES,EMPREGADOR,GN_PESSOAS,HANDLE
ES_PROCTRABDEPENDENTES,NUMPROCTRABALHISTA,PR_PROCESSODESDOBRAMENTOS,HANDLE
ES_PROCTRABDEPENDENTES,TRABALHADOR,GN_PESSOAS,HANDLE
ES_PROCTRABDEPENDENTES,FILIAL,FILIAIS,HANDLE
ES_PROCTRABMONITEM,ALTERADOPOR,Z_GRUPOUSUARIOS,HANDLE
ES_PROCTRABMONITEM,INCLUIDOPOR,Z_GRUPOUSUARIOS,HANDLE
ES_PROCTRABOBRIGATRIBUT,NUMPROCTRABALHISTA,PR_PROCESSODESDOBRAMENTOS,HANDLE
ES_PROCTRABOBRIGATRIBUT,INFCONTRSOCIAL,ES_INFOCONTRIBSOCIAIS,HANDLE
ES_PROCTRABOBRTRIMPORTITEM,PROCRETVALORES,ES_PROCRETVALORES,HANDLE
ES_PROCTRABOBRTRIMPORTITEM,INFOCONTRIBSOCIAIS,ES_INFOCONTRIBSOCIAIS,HANDLE
ES_PROCTRABTIPODEPEND,VALORDABCFGTS,FGTS,HANDLE
ES_PROCTRABTIPODEPEND,INCLUIDOPOR,Z_GRUPOUSUARIOS,HANDLE
ES_TANQUEMOVIMENTACOES,COMPETENCIA,ES_COMPETENCIAS,HANDLE
ES_TANQUEMOVIMENTACOES,EMPRESA,EMPRESAS,HANDLE
ES_TRABCONTRPERBASECALCULO,VALORBCFGTS,FGTS,HANDLE
ES_TRABCONTRREMUNERACOES,VINCULOEMPREGATICIO,GN_PESSOAVINCULOS,HANDLE
ESTADOS,PAIS,PAISES,HANDLE
EX_ACORDODOCUMENTOS,CONTRATO,EJ_CONTRATOS,HANDLE
EX_ACORDOEXTRAJUDICIAIS,BANDEIRA,EX_BANDEIRAS,HANDLE
EX_ACORDOEXTRAJUDICIAIS,EMPRESA,EMPRESAS,HANDLE
EX_ACORDOEXTRAJUDICIAIS,FILIAL,FILIAIS,HANDLE
EX_ACORDOEXTRAJUDICIAIS,LOJA,FILIAIS,HANDLE
EX_ACORDOEXTRAJUDICIAIS,RESPONSAVEL,Z_GRUPOUSUARIOS,HANDLE
EX_ACORDOEXTRAJUDICIAIS,RESPONSAVELPASTA,Z_GRUPOUSUARIOS,HANDLE
EX_ACORDOEXTRAJUDICIAIS,PROPONENTE,GN_PESSOAS,HANDLE
EX_ACORDOEXTRAJUDICIAIS,DEPARTAMENTO,PR_DEPARTAMENTOS,HANDLE
EX_ACORDOEXTRAJUDICIAIS,FORNECEDOR,GN_PESSOAS,HANDLE
EX_ACORDOEXTRAJUDICIAIS,INCLUIDOPOR,Z_GRUPOUSUARIOS,HANDLE
EX_ACORDOEXTRAJUDICIAIS,ALTERADOPOR,Z_GRUPOUSUARIOS,HANDLE
EX_ACORDOEXTRAJUDICIAIS,LOJARESPONSAVEL,FILIAIS,HANDLE
EX_ACORDOEXTRAJUDICIAIS,SOLUCAO,EX_TIPOACORDOSOLUCOES,HANDLE
EX_ACORDOEXTRAJUDICIAIS,BANCO,GN_BANCOS,HANDLE
EX_ACORDONUMEROSCRM,ACORDOEXTRAJUDICIAL,EX_ACORDOEXTRAJUDICIAIS,HANDLE
EX_CONFIGURACOES,DOCUMENTOPADRAOACORDO,GE_TIPODOCUMENTO,HANDLE
EX_CONFIGURACOES,USUARIOAPROVADORLOJA,Z_GRUPOUSUARIOS,HANDLE
EX_CONFIGURACOES,PAPELRESPONSAVELPASTA,Z_WFPAPEIS,HANDLE
EX_CONFIGURACOES,PAPELRESPONSAVELJURIDICO,Z_WFPAPEIS,HANDLE
EX_EXTRAJUDICIALCLAUSULAS,ACORDOEXTRAJUDICIAL,EX_ACORDOEXTRAJUDICIAIS,HANDLE
EX_EXTRAJUDICIALCLAUSULAS,CLAUSULA,EJ_MINUTACLAUSULAS,HANDLE
EX_EXTRAJUDICIALCLAUSULAS,ADITIVO,EJ_CONTRATOADITIVOS,HANDLE
EX_EXTRAJUDICIALCLAUSULAS,MINUTA,EJ_MINUTAS,HANDLE
EX_TIPOSACORDO,MINUTAACORDO,EJ_MINUTAS,HANDLE
EX_TIPOSACORDO,DESCRICAODANOS,DESCRICAOPERTENCES,HANDLE
FI_APROVACAOLOTE,MOTIVO,QUANTIDADETAREFAS,HANDLE
FI_CONFIGURACAOCREDENCIADO,CREDENCIADO,GN_PESSOAS,HANDLE
FI_CONFIGURACAOCREDENCIADO,BANCO,GN_BANCOS,HANDLE
FI_CONFIGURACAOCREDENCIADO,INCLUIDOPOR,Z_GRUPOUSUARIOS,HANDLE
FI_CONFIGURACAOCREDENCIADO,ALTERADOPOR,Z_GRUPOUSUARIOS,HANDLE
FI_CONFIGURACAOCREDENCIADO,PESSOAFAVORECIDA,GN_PESSOAS,HANDLE
FI_CONFIGURACOES,PAPELPAGAMENTO,Z_WFPAPEIS,HANDLE
FI_CONFIGURACOES,PAPELADIANTAMENTO,Z_WFPAPEIS,HANDLE
FI_CONFIGURACOES,PAPELREEMBOLSO,Z_WFPAPEIS,HANDLE
FI_CONFIGURACOES,PAPELDEPOSITO,Z_WFPAPEIS,HANDLE
FI_CONFIGURACOES,DEPOSITOORGANOGRAMAALCADAV,Z_WFGRUPOS,HANDLE
FI_CONFIGURACOES,DEPOSITORESPONSAVELFINANCEIR,Z_WFPAPEIS,HANDLE
FI_CONFIGURACOES,PAGAMENTORESPONSAVELFINANC,Z_WFPAPEIS,HANDLE
FI_CONFIGURACOES,PAGAMENTOORGANOGRAMAALCAD,Z_WFGRUPOS,HANDLE
FI_CONFIGURACOES,RESPONSAVELFINANCEIRO,Z_WFPAPEIS,HANDLE
FI_CONFIGURACOES,PAPELPREPARACAOPAGAMENTO,Z_WFPAPEIS,HANDLE
FI_CONFIGURACOES,PAPELPREPARACAODEPOSITO,Z_WFPAPEIS,HANDLE
FI_CONFIGURACOES,TIPODOCPRINCIPALPAGAMENTO,GE_TIPODOCUMENTO,HANDLE
FI_CONFIGURACOES,TIPODOCPRINCIPALDEPOSITO,GE_TIPODOCUMENTO,HANDLE
FI_CONFIGURACOES,PAPELRESPRECUSAPAGTO,Z_WFPAPEIS,HANDLE
FI_CONFIGURACOES,PAPELRESPRECUSADEPTO,Z_WFPAPEIS,HANDLE
FI_CONFIGURACOES,PAPELRESPRECUSAADIANT,Z_WFPAPEIS,HANDLE
FI_CONFIGURACOES,TIPOCOMPROVANTEPAGAMENTO,GE_TIPODOCUMENTO,HANDLE
FI_CONFIGURACOES,PAPELPREPARACAOPAGADIANTOLO,Z_WFPAPEIS,HANDLE
FI_CONFIGURACOES,RESPRECUSACOMPROVREMESSA,Z_WFPAPEIS,HANDLE
FI_CONFIGURACOES,RESPRECUSACOMPROVDEPOSITO,Z_WFPAPEIS,HANDLE
FI_CONFIGURACOES,RESPRECUSACOMPROVPAGAMENT,Z_WFPAPEIS,HANDLE
FI_CONFIGURACOES,PAPELRESPONSAVELCONFERENCIA,Z_WFPAPEIS,HANDLE
FI_CONFIGURACOES,PAPELPAGAMENTOREMESSA,Z_WFPAPEIS,HANDLE
FI_CONFIGURACOES,TIPOCOMPROVANTEPAGTOREMESS,GE_TIPODOCUMENTO,HANDLE
FI_CONFIGURACOES,GRUPOPADRAO,GE_TIPODOCUMENTO,HANDLE
FI_CONFIGURACOES,PAPELRECUSAVALORESPAGTO,Z_WFPAPEIS,HANDLE
FI_CONFIGURACOES,PAPELRECUSAVALORESDEPTO,Z_WFPAPEIS,HANDLE
FI_CRIACAOORGANOGRAMA,Z_GRUPO,Z_GRUPOUSUARIOS,HANDLE
FI_CRIACAOORGANOGRAMA,VALORLIMITETERCEIRO,Z_GRUPOUSUARIOS,HANDLE
FI_CRIACAOORGANOGRAMA,NOMEORGANOGRAMA,Z_GRUPOUSUARIOS,HANDLE
FI_FILTROADICAOITENSPREVIA,REMESSAPAGAMENTO,PREVIAS,HANDLE
FI_FILTROREMOCAOITENSPREVIA,REMESSAPAGAMENTO,PREVIAS,HANDLE
FI_FILTROSELECAOITENSREMESSA,Z_GRUPO,GN_FILIALUNIDADES,HANDLE
FI_FILTROSELECAOITENSREMESSA,LIQUIDADOPARCIALMENTE,PR_PROCESSOS,HANDLE
FI_FILTROSELECAOITENSREMESSA,APROVADOTECNICA,FN_GUIASPAGAMENTOS,HANDLE
FI_LOTEAUDITORIA,PAGAMENTO,FI_SOLICITACAOPAGAMENTOS,HANDLE
FI_LOTEAUDITORIA,DEPOSITO,FI_SOLICITACAODEPOSITOS,HANDLE
FI_LOTEAUDITORIA,LOTE,FI_LOTES,HANDLE
FI_LOTEAUDITORIA,ITEM,FI_LOTEITENS,HANDLE
FI_LOTEITENS,PASTA,PR_PROCESSOS,HANDLE
FI_LOTEITENS,CREDENCIADO,GN_PESSOAS,HANDLE
FI_LOTEITENS,ORGANOGRAMA,Z_WFGRUPOS,HANDLE
FI_LOTEITENS,LOTE,FI_LOTES,HANDLE
FI_LOTEITENS,ULTIMAALCADA,Z_WFGRUPOS,HANDLE
FI_LOTEITENS,PENULTIMAALCADA,Z_WFGRUPOS,HANDLE
FI_LOTEITENS,APROVACAOLOTE,FI_APROVACAOLOTE,HANDLE
FI_LOTEITENS,CONTACONTABIL,FN_CONTAS,HANDLE
FI_LOTEITENS,CENTROCUSTO,CT_CC,HANDLE
FI_LOTEITENS,USUARIOAPROVADORTECNICO,Z_GRUPOUSUARIOS,HANDLE
FI_LOTEITENS,USUARIOAPROVADORVALOR,Z_GRUPOUSUARIOS,HANDLE
FI_LOTEITENS,LOTEDESMEMBRADO,FI_LOTES,HANDLE
FI_LOTEITENS,CONTACONTABILCREDITO,FN_CONTAS,HANDLE
FI_LOTEITENS,CENTROCUSTOCREDITO,CT_CC,HANDLE
FI_LOTEITENS,EMPRESA,EMPRESAS,HANDLE
FI_LOTEITENS,CATEGORIA,PR_CATEGORIAS,HANDLE
FI_LOTEITENS,CREDENCIADO,GN_PESSOAS,HANDLE
FI_LOTEITENS,FILIAL,STATUS,HANDLE
FI_LOTEPAGAMENTOSDEPOSITOS,EMPRESA,EMPRESAS,HANDLE
FI_LOTEPAGAMENTOSDEPOSITOS,PESSOAFAVORECIDA,GN_PESSOAS,HANDLE
FI_LOTEPAGAMENTOSDEPOSITOS,CONTABANCARIA,GN_PESSOAINFORMACOESBANCARIAS,HANDLE
FI_LOTES,CATEGORIA,PR_CATEGORIAS,HANDLE
FI_LOTES,CREDENCIADO,GN_PESSOAS,HANDLE
FI_LOTES,BANCO,GN_BANCOS,HANDLE
FI_LOTES,FILIAL,FILIAIS,HANDLE
FI_LOTES,APROVACAOLOTE,FI_APROVACAOLOTE,HANDLE
FI_PAGAMENTOPARCELAS,INCLUIDOPOR,Z_GRUPOUSUARIOS,HANDLE
FI_PAGAMENTOPARCELAS,ALTERADOPOR,Z_GRUPOUSUARIOS,HANDLE
FI_PAGAMENTOPARCELAS,CONTRATO,EJ_CONTRATOS,HANDLE
FI_PAGAMENTOPARCELAS,SOLPAGAMENTO,FI_SOLICITACAOPAGAMENTOS,HANDLE
FI_REMESSAPAGAMENTOITENS,PREVIAORIGEM,FI_REMESSAPAGAMENTOS,HANDLE
FI_REMESSAPAGAMENTOITENS,LANCAMENTO,FN_LANCAMENTOS,HANDLE
FI_REMESSAPAGAMENTOITENS,REMESSAPAGAMENTO,FI_REMESSAPAGAMENTOS,HANDLE
FI_REMESSAPAGAMENTOITENS,SOLICITACAOPAGAMENTO,FI_SOLICITACAOPAGAMENTOS,HANDLE
FI_REMESSAPAGAMENTOITENS,SOLICITACAODEPOSITO,FI_SOLICITACAODEPOSITOS,HANDLE
FI_REMESSAPAGAMENTOITENS,ADIANTAMENTO,FI_LOTEITENS,HANDLE
FI_REMESSAPAGAMENTOITENS,REEMBOLSO,FI_LOTEITENS,HANDLE
FI_REMESSAPAGAMENTOITENS,PARCELA,FI_PAGAMENTOPARCELAS,HANDLE
FI_REMESSAPAGAMENTOS,SOLICITANTE,Z_GRUPOUSUARIOS,HANDLE
FI_REMESSAPAGAMENTOS,USUARIOCANCELAMENTO,Z_GRUPOUSUARIOS,HANDLE
FI_REMESSAPAGAMENTOS,EMPRESA,EMPRESAS,HANDLE
FI_REMESSAPAGAMENTOS,FILIAL,FILIAIS,HANDLE
FI_REMESSAPAGAMENTOS,UNIDADE,GN_FILIALUNIDADES,HANDLE
FI_SOLICITACAODEPOSITOS,CATEGORIA,PR_CATEGORIAOBJETODEPOSITO,HANDLE
FI_SOLICITACAODEPOSITOS,OBJETO,PR_OBJETODEPOSITOS,HANDLE
FI_SOLICITACAODEPOSITOS,CREDENCIADO,GN_PESSOAS,HANDLE
FI_SOLICITACAODEPOSITOS,BANCO,GN_BANCOS,HANDLE
FI_SOLICITACAODEPOSITOS,EMPRESA,EMPRESAS,HANDLE
FI_SOLICITACAODEPOSITOS,SUBSTATUS,FI_SUBSTATUS,HANDLE
FI_SOLICITACAODEPOSITOS,LOTE,FI_LOTEPAGAMENTOSDEPOSITOS,HANDLE
FI_SOLICITACAODEPOSITOS,ORGANOGRAMA,Z_WFGRUPOS,HANDLE
FI_SOLICITACAODEPOSITOS,GUIAPAGAMENTO,FN_GUIASPAGAMENTOS,HANDLE
FI_SOLICITACAODEPOSITOS,PESSOAFAVORECIDA,GN_PESSOAS,HANDLE
FI_SOLICITACAODEPOSITOS,CONTACONTABIL,FN_CONTAS,HANDLE
FI_SOLICITACAODEPOSITOS,CENTROCUSTO,CT_CC,HANDLE
FI_SOLICITACAODEPOSITOS,TIPODESPESA2,FI_TIPODESPESAS,HANDLE
FI_SOLICITACAODEPOSITOS,TIPODESPESA3,FI_TIPODESPESAS,HANDLE
FI_SOLICITACAODEPOSITOS,USUARIOAPROVADORVALOR,Z_GRUPOUSUARIOS,HANDLE
FI_SOLICITACAODEPOSITOS,CENTROCUSTOCREDITO10,CT_CC,HANDLE
FI_SOLICITACAODEPOSITOS,CONTACONTABILCREDITO,FN_CONTAS,HANDLE
FI_SOLICITACAODEPOSITOS,CONTACONTABILCREDITO2,FN_CONTAS,HANDLE
FI_SOLICITACAODEPOSITOS,CONTACONTABILCREDITO3,FN_CONTAS,HANDLE
FI_SOLICITACAODEPOSITOS,CONTACONTABILCREDITO4,FN_CONTAS,HANDLE
FI_SOLICITACAODEPOSITOS,CONTACONTABILCREDITO5,FN_CONTAS,HANDLE
FI_SOLICITACAODEPOSITOS,CONTACONTABILCREDITO6,FN_CONTAS,HANDLE
FI_SOLICITACAODEPOSITOS,CONTACONTABILCREDITO7,FN_CONTAS,HANDLE
FI_SOLICITACAODEPOSITOS,CONTACONTABILCREDITO8,FN_CONTAS,HANDLE
FI_SOLICITACAODEPOSITOS,CONTACONTABILCREDITO9,FN_CONTAS,HANDLE
FI_SOLICITACAODEPOSITOS,CONTACONTABILCREDITO10,FN_CONTAS,HANDLE
FI_SOLICITACAODEPOSITOS,TIPODESPESA4,FI_TIPODESPESAS,HANDLE
FI_SOLICITACAODEPOSITOS,TIPODESPESA5,FI_TIPODESPESAS,HANDLE
FI_SOLICITACAODEPOSITOS,TIPODESPESA6,FI_TIPODESPESAS,HANDLE
FI_SOLICITACAODEPOSITOS,TIPODESPESA7,FI_TIPODESPESAS,HANDLE
FI_SOLICITACAODEPOSITOS,TIPODESPESA8,FI_TIPODESPESAS,HANDLE
FI_SOLICITACAODEPOSITOS,TIPODESPESA9,FI_TIPODESPESAS,HANDLE
FI_SOLICITACAODEPOSITOS,TIPODESPESA10,FI_TIPODESPESAS,HANDLE
FI_SOLICITACAODEPOSITOS,CENTROCUSTO2,CT_CC,HANDLE
FI_SOLICITACAODEPOSITOS,CENTROCUSTO3,CT_CC,HANDLE
FI_SOLICITACAODEPOSITOS,CENTROCUSTO4,CT_CC,HANDLE
FI_SOLICITACAODEPOSITOS,CENTROCUSTO5,CT_CC,HANDLE
FI_SOLICITACAODEPOSITOS,CENTROCUSTO6,CT_CC,HANDLE
FI_SOLICITACAODEPOSITOS,CENTROCUSTO7,CT_CC,HANDLE
FI_SOLICITACAODEPOSITOS,CENTROCUSTO8,CT_CC,HANDLE
FI_SOLICITACAODEPOSITOS,CENTROCUSTO9,CT_CC,HANDLE
FI_SOLICITACAODEPOSITOS,CENTROCUSTO10,CT_CC,HANDLE
FI_SOLICITACAODEPOSITOS,CONTACONTABIL2,FN_CONTAS,HANDLE
FI_SOLICITACAODEPOSITOS,CONTACONTABIL3,FN_CONTAS,HANDLE
FI_SOLICITACAODEPOSITOS,CONTACONTABIL4,FN_CONTAS,HANDLE
FI_SOLICITACAODEPOSITOS,CONTACONTABIL5,FN_CONTAS,HANDLE
FI_SOLICITACAODEPOSITOS,CONTACONTABIL6,FN_CONTAS,HANDLE
FI_SOLICITACAODEPOSITOS,CONTACONTABIL7,FN_CONTAS,HANDLE
FI_SOLICITACAODEPOSITOS,CONTACONTABIL8,FN_CONTAS,HANDLE
FI_SOLICITACAODEPOSITOS,CONTACONTABIL9,FN_CONTAS,HANDLE
FI_SOLICITACAODEPOSITOS,CONTACONTABIL10,FN_CONTAS,HANDLE
FI_SOLICITACAODEPOSITOS,CONTABANCARIA,GN_PESSOAINFORMACOESBANCARIAS,HANDLE
FI_SOLICITACAODEPOSITOS,VENCIMENTO,CT_CC,HANDLE
FI_SOLICITACAODEPOSITOS,CENTROCUSTOCREDITO2,CT_CC,HANDLE
FI_SOLICITACAODEPOSITOS,CENTROCUSTOCREDITO3,CT_CC,HANDLE
FI_SOLICITACAODEPOSITOS,CENTROCUSTOCREDITO4,CT_CC,HANDLE
FI_SOLICITACAODEPOSITOS,CENTROCUSTOCREDITO5,CT_CC,HANDLE
FI_SOLICITACAODEPOSITOS,CENTROCUSTOCREDITO6,CT_CC,HANDLE
FI_SOLICITACAODEPOSITOS,CENTROCUSTOCREDITO7,CT_CC,HANDLE
FI_SOLICITACAODEPOSITOS,CENTROCUSTOCREDITO8,CT_CC,HANDLE
FI_SOLICITACAODEPOSITOS,CENTROCUSTOCREDITO9,CT_CC,HANDLE
FI_SOLICITACAOPAGAMENTODEPOSIT,PASTA,PR_PROCESSOS,HANDLE
FI_SOLICITACAOPAGAMENTODEPOSIT,SOLICITACAOPAGAMENTO,FI_SOLICITACAOPAGAMENTOS,HANDLE
FI_SOLICITACAOPAGAMENTOS,CREDENCIADO,GN_PESSOAS,HANDLE
FI_SOLICITACAOPAGAMENTOS,BANCO,GN_BANCOS,HANDLE
FI_SOLICITACAOPAGAMENTOS,TIPOMULTA,FI_TIPOMULTAS,HANDLE
FI_SOLICITACAOPAGAMENTOS,CNPJ,PR_PROCESSOS,HANDLE
FI_SOLICITACAOPAGAMENTOS,EMPRESA,EMPRESAS,HANDLE
FI_SOLICITACAOPAGAMENTOS,SUBSTATUS,FI_SUBSTATUS,HANDLE
FI_SOLICITACAOPAGAMENTOS,LOTE,FI_LOTEPAGAMENTOSDEPOSITOS,HANDLE
FI_SOLICITACAOPAGAMENTOS,ORGANOGRAMA,Z_WFGRUPOS,HANDLE
FI_SOLICITACAOPAGAMENTOS,GUIAPAGAMENTO,FN_GUIASPAGAMENTOS,HANDLE
FI_SOLICITACAOPAGAMENTOS,PESSOAFAVORECIDA,GN_PESSOAS,HANDLE
FI_SOLICITACAOPAGAMENTOS,CATEGORIA,PR_CATEGORIAS,HANDLE
FI_SOLICITACAOPAGAMENTOS,CONTACONTABIL,FN_CONTAS,HANDLE
FI_SOLICITACAOPAGAMENTOS,CENTROCUSTO,CT_CC,HANDLE
FI_SOLICITACAOPAGAMENTOS,CONTACONTABIL8,FN_CONTAS,HANDLE
FI_SOLICITACAOPAGAMENTOS,CONTACONTABIL9,FN_CONTAS,HANDLE
FI_SOLICITACAOPAGAMENTOS,TIPODESPESA10,FI_TIPODESPESAS,HANDLE
FI_SOLICITACAOPAGAMENTOS,CONTACONTABIL10,FN_CONTAS,HANDLE
FI_SOLICITACAOPAGAMENTOS,CENTROCUSTO2,CT_CC,HANDLE
FI_SOLICITACAOPAGAMENTOS,CENTROCUSTO3,CT_CC,HANDLE
FI_SOLICITACAOPAGAMENTOS,CENTROCUSTO4,CT_CC,HANDLE
FI_SOLICITACAOPAGAMENTOS,CENTROCUSTO5,CT_CC,HANDLE
FI_SOLICITACAOPAGAMENTOS,CENTROCUSTO6,CT_CC,HANDLE
FI_SOLICITACAOPAGAMENTOS,CENTROCUSTO7,CT_CC,HANDLE
FI_SOLICITACAOPAGAMENTOS,CENTROCUSTO8,CT_CC,HANDLE
FI_SOLICITACAOPAGAMENTOS,CENTROCUSTO9,CT_CC,HANDLE
FI_SOLICITACAOPAGAMENTOS,CENTROCUSTO10,CT_CC,HANDLE
FI_SOLICITACAOPAGAMENTOS,USUARIOAPROVADORVALOR,Z_GRUPOUSUARIOS,HANDLE
FI_SOLICITACAOPAGAMENTOS,CONTABANCARIA,GN_PESSOAINFORMACOESBANCARIAS,HANDLE
FI_SOLICITACAOPAGAMENTOS,TIPOMULTADESPESA,FI_TIPOMULTAS,HANDLE
FI_SOLICITACAOPAGAMENTOS,CONTACONTABILCREDITO,CT_CC,HANDLE
FI_SOLICITACAOPAGAMENTOS,CONTACONTABILCREDITO2,FN_CONTAS,HANDLE
FI_SOLICITACAOPAGAMENTOS,CENTROCUSTOCREDITO2,CT_CC,HANDLE
FI_SOLICITACAOPAGAMENTOS,CONTACONTABILCREDITO3,FN_CONTAS,HANDLE
FI_SOLICITACAOPAGAMENTOS,CENTROCUSTOCREDITO3,CT_CC,HANDLE
FI_SOLICITACAOPAGAMENTOS,CONTACONTABILCREDITO4,FN_CONTAS,HANDLE
FI_SOLICITACAOPAGAMENTOS,CENTROCUSTOCREDITO4,CT_CC,HANDLE
FI_SOLICITACAOPAGAMENTOS,CONTACONTABILCREDITO5,FN_CONTAS,HANDLE
FI_SOLICITACAOPAGAMENTOS,CENTROCUSTOCREDITO5,CT_CC,HANDLE
FI_SOLICITACAOPAGAMENTOS,CONTACONTABILCREDITO6,FN_CONTAS,HANDLE
FI_SOLICITACAOPAGAMENTOS,CENTROCUSTOCREDITO6,CT_CC,HANDLE
FI_SOLICITACAOPAGAMENTOS,CONTACONTABILCREDITO7,FN_CONTAS,HANDLE
FI_SOLICITACAOPAGAMENTOS,CENTROCUSTOCREDITO7,CT_CC,HANDLE
FI_SOLICITACAOPAGAMENTOS,CONTACONTABILCREDITO8,FN_CONTAS,HANDLE
FI_SOLICITACAOPAGAMENTOS,CENTROCUSTOCREDITO8,CT_CC,HANDLE
FI_SOLICITACAOPAGAMENTOS,CONTACONTABILCREDITO9,FN_CONTAS,HANDLE
FI_SOLICITACAOPAGAMENTOS,CENTROCUSTOCREDITO9,CT_CC,HANDLE
FI_SOLICITACAOPAGAMENTOS,CONTACONTABILCREDITO10,FN_CONTAS,HANDLE
FI_SOLICITACAOPAGAMENTOS,CENTROCUSTOCREDITO10,CT_CC,HANDLE
FI_SOLICITACAOPAGAMENTOS,TIPODESPESA2,FI_TIPODESPESAS,HANDLE
FI_SOLICITACAOPAGAMENTOS,TIPODESPESA3,FI_TIPODESPESAS,HANDLE
FI_SOLICITACAOPAGAMENTOS,TIPODESPESA4,FI_TIPODESPESAS,HANDLE
FI_SOLICITACAOPAGAMENTOS,TIPODESPESA5,FI_TIPODESPESAS,HANDLE
FI_SOLICITACAOPAGAMENTOS,TIPODESPESA6,FI_TIPODESPESAS,HANDLE
FI_SOLICITACAOPAGAMENTOS,TIPODESPESA7,FI_TIPODESPESAS,HANDLE
FI_SOLICITACAOPAGAMENTOS,TIPODESPESA8,FI_TIPODESPESAS,HANDLE
FI_SOLICITACAOPAGAMENTOS,TIPODESPESA9,FI_TIPODESPESAS,HANDLE
FI_SOLICITACAOPAGAMENTOS,CONTACONTABIL2,FN_CONTAS,HANDLE
FI_SOLICITACAOPAGAMENTOS,CONTACONTABIL3,FN_CONTAS,HANDLE
FI_SOLICITACAOPAGAMENTOS,CONTACONTABIL4,FN_CONTAS,HANDLE
FI_SOLICITACAOPAGAMENTOS,CONTACONTABIL5,FN_CONTAS,HANDLE
FI_SOLICITACAOPAGAMENTOS,CONTACONTABIL6,FN_CONTAS,HANDLE
FI_SOLICITACAOPAGAMENTOS,CONTACONTABIL7,FN_CONTAS,HANDLE
FI_TIPOALCADAS,PAPEIS,Z_WFPAPEIS,HANDLE
FI_TIPOALCADAS,INCLUIDOPOR,Z_GRUPOUSUARIOS,HANDLE
FI_TIPOALCADAS,ALTERADOPOR,Z_GRUPOUSUARIOS,HANDLE
FI_TIPOALCADAS,DIVISAO,PR_DEPARTAMENTODIVISOES,HANDLE
FI_TIPOALCADAS,CONTACONTABIL,FN_CONTAS,HANDLE
FI_TIPOALCADAS,DEPARTAMENTO,PR_DEPARTAMENTOS,HANDLE
FI_TIPOALCADAS,ESTADO,ESTADOS,HANDLE
FI_TIPOALCADAS,TIPODESPESA,FI_TIPODESPESAS,HANDLE
FI_TIPOALCADAS,UNIDADE,GN_FILIALUNIDADES,HANDLE
FI_TIPOALCADAS,CENTROCUSTO,CT_CC,HANDLE
FI_TIPOALCADAS,CATEGORIA,PR_CATEGORIAS,HANDLE
FI_TIPOALCADAS,EMPRESA,EMPRESAS,HANDLE
FI_TIPOALCADAS,FILIAL,FILIAIS,HANDLE
FI_TIPOALCADAS,CONTACONTABILCREDITO,FN_CONTAS,HANDLE
FI_TIPOALCADAS,CENTROCUSTOCREDITO,CT_CC,HANDLE
FI_TIPOALCADAS,PESSOAFAVORECIDA,GN_PESSOAS,HANDLE
FI_TIPOALCADAS,K9_CLASSIFICADORCONTABIL,K9_CLASSIFICADORCONTABIL,HANDLE
FI_TIPOALCADAS,K9_PROGRAMA,K9_PROGRAMA,HANDLE
FI_TIPOALCADAS,K9_PLANO,K9_CODIGODESEMBOLSO,HANDLE
FI_TIPODESPESACRITERIOS,TIPODOCUMENTO,FN_TIPOSDOCUMENTOS,HANDLE
FI_TIPODESPESACRITERIOS,PAGAMENTOVIAREMESSA,GE_TIPODOCUMENTO,HANDLE
FI_TIPODESPESACRITERIOS,CONTACONTABILCREDITO,FN_CONTAS,HANDLE
FI_TIPODESPESACRITERIOS,CENTROCUSTOCREDITO,CT_CC,HANDLE
FI_TIPODESPESACRITERIOS,PESSOAFAVORECIDA,GN_PESSOAS,HANDLE
FI_TIPODESPESAS,ORGANOGRAMA,Z_WFGRUPOS,HANDLE
FI_TIPODESPESAS,CONTACONTABIL,FN_CONTAS,HANDLE
FI_TIPODESPESAS,CENTROCUSTO,CT_CC,HANDLE
FILIAIS,EMPRESA,EMPRESAS,HANDLE
FILIAIS,CONTACONTABIL,FN_CONTAS,HANDLE
FILIAIS,CRITERIOCONTABIL,CT_CRITERIOS,HANDLE
FILIAIS,PESSOA,GN_PESSOAS,HANDLE
FILIAIS,RESPONSAVELPASTA,Z_GRUPOUSUARIOS,HANDLE
FILIAIS,RESPONSAVELFINANCEIRO,Z_GRUPOUSUARIOS,HANDLE
FN_CONFIGURACOES,RELATORIOFATURA,R_RELATORIOS,HANDLE
FN_CONFIGURACOES,CONTADEBITOPENHORA,FN_CONTAS,HANDLE
FN_CONFIGURACOES,CONTACREDITOLEVANTAMENTO,FN_CONTAS,HANDLE
FN_CONFIGURACOES,CONTADEBITOEMISSAOCARTA,FN_CONTAS,HANDLE
FN_CONFIGURACOES,CONTACREDITOBAIXACARTA,FN_CONTAS,HANDLE
FN_CONFIGURACOES,PESSOADEPOSITOINSS,GN_PESSOAS,HANDLE
FN_CONFIGURACOES,PESSOADEPOSITOIRRF,GN_PESSOAS,HANDLE
FN_CONFIGURACOES,PESSOADEPOSITOOUTROS,GN_PESSOAS,HANDLE
FN_CONFIGURACOES,EMPRESA,EMPRESAS,HANDLE
FN_CONFIGURACOES,CONTADEBITOACORDO,FN_CONTAS,HANDLE
FN_CONFIGURACOES,EXIBIRDEBITOSNEGATIVOS,EXIBIRDEBITOSNEGATIVOS,HANDLE
FN_CONFIGURACOES,PAPELPEDIDODECOMPRA,Z_WFPAPEIS,HANDLE
FN_CONFIGURACOES,PAPERESPONSAVELRECUSAHONOR,Z_WFPAPEIS,HANDLE
FN_CONFIGURACOES,CONTACREDITOS,FN_CONTAS,HANDLE
FN_CONFIGURACOES,CONTADEBITOS,FN_CONTAS,HANDLE
FN_CONTAS,NIVELSUPERIOR,FN_CONTAS,HANDLE
FN_CONTAS,ZERARPROVISAO,EMPRESAS,HANDLE
FN_CONTRATOPREVISAOLANCAMENTOS,FASE,PR_FASES,HANDLE
FN_CONTRATOPREVISAOLANCAMENTOS,RITO,PR_RITOS,HANDLE
FN_CONTRATOPREVISAOLANCAMENTOS,RAMOPROCESSUAL,PR_RITORAMOSPROCESSUAIS,HANDLE
FN_CONTRATOPREVISAOLANCAMENTOS,MOTIVOENCERRAMENTO,PR_TIPOSENCERRAMENTO,HANDLE
FN_CONTRATOPREVISAOLANCAMENTOS,EVENTO,PR_EVENTOS,HANDLE
FN_CONTRATOPREVISAOLANCAMENTOS,PROVIDENCIA,PR_PROVIDENCIAEVENTOS,HANDLE
FN_CONTRATOPREVISAOLANCAMENTOS,DESDOBRAMENTO,PR_DESDOBRAMENTOS,HANDLE
FN_CONTRATOPREVISAOLANCAMENTOS,MOEDA,GN_MOEDAS,HANDLE
FN_CONTRATOPREVISAOLANCAMENTOS,CONTA,FN_CONTAS,HANDLE
FN_CONTRATOPREVISAOLANCAMENTOS,EMPRESA,EMPRESAS,HANDLE
FN_CONTRATOPREVISAOLANCAMENTOS,CONTRATO,FN_CONTRATOS,HANDLE
FN_CONTRATOPREVISAOLANCAMENTOS,REGRARESSEGURO,FN_CONTRATOPREVISAOREGRAS,HANDLE
FN_CONTRATOPREVISAOLANCAMENTOS,CRITERIO,GN_CRITERIOS,HANDLE
FN_CONTRATOPREVISAOLANCAMENTOS,TIPODESPESA,FI_TIPODESPESAS,HANDLE
FN_CONTRATOPREVISAOLANCAMENTOS,TIPOFAIXA,FN_TIPOFAIXAS,HANDLE
FN_CONTRATOPREVISAOLANCAMENTOS,ORGAO,PR_COMARCAORGAOS,HANDLE
FN_CONTRATOPREVISAOLANCAMENTOS,RELEVANCIA,PR_MOTIVORELEVANCIAPROCESSO,HANDLE
FN_CONTRATOPREVISAOLANCAMENTOS,CATEGORIA,PR_CATEGORIAS,HANDLE
FN_CONTRATOPREVISAOLANCAMENTOS,TIPOACAO,PR_CATEGORIATIPOACOES,HANDLE
FN_CONTRATOPREVISAOLANCAMENTOS,RITOCRITERIOHONORARIOS,PR_RITOS,HANDLE
FN_CONTRATOPREVISAOREGFAIXAS,REGRA,FN_CONTRATOPREVISAOREGRAS,HANDLE
FN_CONTRATOPREVISAOREGIOES,ESTADO,ESTADOS,HANDLE
FN_CONTRATOPREVISAOREGIOES,PREVISAO,FN_CONTRATOPREVISAOLANCAMENTOS,HANDLE
FN_CONTRATOS,EMPRESA,EMPRESAS,HANDLE
FN_CONTRATOS,PESSOA,GN_PESSOAS,HANDLE
FN_FATURALANCAMENTOS,FATURA,FN_FATURAS,HANDLE
FN_FATURALANCAMENTOS,LANCAMENTO,FN_LANCAMENTOS,HANDLE
FN_FATURALANCAMENTOS,PARCELA,FN_LANCAMENTOPARCELAS,HANDLE
FN_FATURALANCAMENTOS,ACAOAPROVACAOTECNICA,GN_PESSOAUSUARIOS,HANDLE
FN_FATURALANCAMENTOS,PAPELRECUSA,Z_WFPAPEIS,HANDLE
FN_FATURALANCAMENTOS,OBSERVACAOTEXTO,Z_GRUPOUSUARIOS,HANDLE
FN_FATURAMENTOS,CENTROCUSTO,CT_CC,HANDLE
FN_FATURAMENTOS,EMPRESA,EMPRESAS,HANDLE
FN_FATURAMENTOS,PAPEL,Z_WFPAPEIS,HANDLE
FN_FATURAS,EMPRESA,EMPRESAS,HANDLE
FN_FATURAS,FILIAL,FILIAIS,HANDLE
FN_FATURAS,CENTROCUSTO,CT_CC,HANDLE
FN_FATURAS,FATURAMENTO,FN_FATURAMENTOS,HANDLE
FN_FILTRORESUMOHONORARIOS,COMPETENCIA,PR_CATEGORIAS,HANDLE
FN_GUIASPAGAMENTOS,OBRIGARNUMEROID,GE_TIPODOCUMENTO,HANDLE
FN_GUIASPAGAMENTOS,VALORINSS,INSS,HANDLE
FN_LANCAMENTOCC,LANCAMENTO,FN_LANCAMENTOS,HANDLE
FN_LANCAMENTOCC,CENTROCUSTO,CT_CC,HANDLE
FN_LANCAMENTOPARCELAS,LANCAMENTO,FN_LANCAMENTOS,HANDLE
FN_LANCAMENTOS,PESSOA,GN_PESSOAS,HANDLE
FN_LANCAMENTOS,TIPODOCUMENTO,FN_TIPOSDOCUMENTOS,HANDLE
FN_LANCAMENTOS,CENTROCUSTO,CT_CC,HANDLE
FN_LANCAMENTOS,RATEIO,GN_RATEIOS,HANDLE
FN_LANCAMENTOS,PROCESSO,PR_PROCESSOS,HANDLE
FN_LANCAMENTOS,DEPOSITO,PR_PROCESSODEPOSITOS,HANDLE
FN_LANCAMENTOS,CONTA,FN_CONTAS,HANDLE
FN_LANCAMENTOS,DESDOBRAMENTO,PR_PROCESSODESDOBRAMENTOS,HANDLE
FN_LANCAMENTOS,EVENTO,PR_PROCESSOEVENTOS,HANDLE
FN_LANCAMENTOS,LANCAMENTO,PR_PROCESSODEPOSITOLANCAMENTOS,HANDLE
FN_LANCAMENTOS,PENHORA,PR_PROCESSOPENHORAS,HANDLE
FN_LANCAMENTOS,LEVANTAMENTO,PR_PROCESSOPENHORALEVANTAMENTO,HANDLE
FN_LANCAMENTOS,BEMPENHORADO,PR_PROCESSOPENHORABENSPENHORAD,HANDLE
FN_LANCAMENTOS,PROVIDENCIA,PR_PROCESSOEVENTOPROVIDENCIAS,HANDLE
FN_LANCAMENTOS,ALTERADOPOR,Z_GRUPOUSUARIOS,HANDLE
FN_LANCAMENTOS,INCLUIDOPOR,Z_GRUPOUSUARIOS,HANDLE
FN_LANCAMENTOS,CONTRATO,FN_CONTRATOS,HANDLE
FN_LANCAMENTOS,PREVISAOCONTRATUAL,FN_CONTRATOPREVISAOLANCAMENTOS,HANDLE
FN_LANCAMENTOS,CARTAFIANCA,PR_PROCESSOCARTASFIANCAS,HANDLE
FN_LANCAMENTOS,APROVADOPOR,Z_GRUPOUSUARIOS,HANDLE
FN_LANCAMENTOS,RECUSADOPOR,Z_GRUPOUSUARIOS,HANDLE
FN_LANCAMENTOS,MOTIVORECUSA,FN_MOTIVOREPROVACAOLANCAMENTOS,HANDLE
FN_LANCAMENTOS,EMPRESA,EMPRESAS,HANDLE
FN_LANCAMENTOS,FILIAL,FILIAIS,HANDLE
FN_LANCAMENTOS,ACORDO,PR_PROCESSODESDOBRAOBRIGACOES,HANDLE
FN_LANCAMENTOS,DESPESA,FI_TIPODESPESAS,HANDLE
FN_LANCAMENTOS,CENTROCUSTOCREDITO,CT_CC,HANDLE
FN_LANCAMENTOS,PREVISAOCATEGORIA,PR_CATEGORIAS,HANDLE
FN_LANCAMENTOS,FASE,PR_FASES,HANDLE
FN_LANCAMENTOS,LANCAMENTOORIGEM,FN_LANCAMENTOS,HANDLE
FN_LANCAMENTOS,FECHAMENTOHONORARIOCONTRAT,FN_FECHAMENTOHONORACONTRATOS,HANDLE
FN_TIPOSDOCUMENTOS,EMPRESA,OBSERVACOES,HANDLE
FT_AUDIENCIAS,Z_GRUPO,PR_COMARCAS,HANDLE
FT_CONTRATOSSINTETICO,DIASPARAVENCIMENTO,PR_DEPARTAMENTOS,HANDLE
FT_CONTRATOSSINTETICO,USUARIO,GE_PALAVRASREFERENCIA,HANDLE
FT_FILTROACERVOS,USUARIO,BL_ITENS,HANDLE
FT_FILTROPASTA,Z_GRUPO,PR_CATEGORIATIPOACOES,HANDLE
FT_FILTROPASTA,USUARIO,PR_COMARCAS,HANDLE
FT_LOGAUDITORIA,FINAL,STATUS,HANDLE
FT_SOLICITACOES,Z_GRUPO,SL_SOLICITACOES,HANDLE
FT_SOLICITACOES,USUARIO,PR_DEPARTAMENTOS,HANDLE
GE_CONFIGURACAO,CODIGOOFICIO,GE_TIPODOCUMENTO,HANDLE
GE_CONFIGURACAO,CODIGOPROCESSO,GE_TIPODOCUMENTO,HANDLE
GE_CONFIGURACAO,CODIGOINQUERITO,GE_TIPODOCUMENTO,HANDLE
GE_CONFIGURACAO,EMPRESA,EMPRESAS,HANDLE
GE_DOCSENVIADOS,USUARIOINCLUIU,Z_GRUPOUSUARIOS,HANDLE
GE_DOCSENVIADOS,REMESSA,GE_REMESSARECEPCAODOCS,HANDLE
GE_DOCUMENTOANEXOS,DOCUMENTO,GE_DOCUMENTOS,HANDLE
GE_DOCUMENTOASSUNTOS,GRUPOASSUNTO,GE_GRUPOASSUNTOS,HANDLE
GE_DOCUMENTOASSUNTOS,DOCUMENTO,GE_DOCUMENTOS,HANDLE
GE_DOCUMENTOASSUNTOS,GRUPOASSUNTOPRINCIPAL,GE_DOCUMENTOS,HANDLE
GE_DOCUMENTOEVENTOPROVIDENCIA,DOCUMENTO,GE_DOCUMENTOS,HANDLE
GE_DOCUMENTOEVENTOPROVIDENCIA,EVENTO,GE_DOCUMENTOEVENTOS,HANDLE
GE_DOCUMENTOEVENTOPROVIDENCIA,PROVIDENCIA,GE_PROVIDENCIAS,HANDLE
GE_DOCUMENTOEVENTOPROVIDENCIA,RESPONSAVEL,GN_PESSOAS,HANDLE
GE_DOCUMENTOEVENTOPROVIDENCIA,SOLICITANTE,GN_PESSOAS,HANDLE
GE_DOCUMENTOEVENTOPROVIDENCIA,CUMPRIDOPOR,Z_GRUPOUSUARIOS,HANDLE
GE_DOCUMENTOEVENTOPROVIDENCIA,RESPONSAVELPAPEL,Z_WFPAPEIS,HANDLE
GE_DOCUMENTOEVENTOS,DOCUMENTO,GE_DOCUMENTOS,HANDLE
GE_DOCUMENTOEVENTOS,INCLUIDOPOR,Z_GRUPOUSUARIOS,HANDLE
GE_DOCUMENTOMOVIMENTACOES,DOCUMENTO,GE_DOCUMENTOS,HANDLE
GE_DOCUMENTOMOVIMENTACOES,LOCALIZACAODOC,GN_ARQUIVOSFISICOS,HANDLE
GE_DOCUMENTOMOVIMENTACOES,LOCALEXTERNOEMPRESA,EMPRESAS,HANDLE
GE_DOCUMENTOMOVIMENTACOES,LOCALEXTERNOFILIAL,FILIAIS,HANDLE
GE_DOCUMENTOMOVIMENTACOES,LOCALEXTERNODEPARTAMENTO,PR_DEPARTAMENTOS,HANDLE
GE_DOCUMENTOMOVIMENTACOES,LOCALEXTERNODIVISAO,PR_DEPARTAMENTODIVISOES,HANDLE
GE_DOCUMENTOMOVIMENTACOES,LOCALDOC,GN_PESSOAS,HANDLE
GE_DOCUMENTOMOVIMENTACOES,RESPONSAVELLOCAL,GN_PESSOAS,HANDLE
GE_DOCUMENTOMOVIMENTACOES,REMETENTE,GN_PESSOAS,HANDLE
GE_DOCUMENTOMOVIMENTACOES,INCLUIDAPOR,Z_GRUPOUSUARIOS,HANDLE
GE_DOCUMENTONUMERODOCS,NUMERO,GE_DOCUMENTOS,HANDLE
GE_DOCUMENTOPARTICIPANTES,DOCUMENTO,GE_DOCUMENTOS,HANDLE
GE_DOCUMENTOPARTICIPANTES,CONDICAO,GE_CONDICAOPARTICIPANTES,HANDLE
GE_DOCUMENTOPEDIDOS,DOCUMENTO,GE_DOCUMENTOS,HANDLE
GE_DOCUMENTOPEDIDOS,DEPARTAMENTO,PR_DEPARTAMENTOS,HANDLE
GE_DOCUMENTOPEDIDOS,INCLUIDOPOR,Z_GRUPOUSUARIOS,HANDLE
GE_DOCUMENTOS,RESPONSAVEL,GN_PESSOAS,HANDLE
GE_DOCUMENTOS,ORIGEMDOCUMENTO,GE_ORIGEMDOCUMENTOS,HANDLE
GE_DOCUMENTOS,PROCESSO,PR_PROCESSOS,HANDLE
GE_DOCUMENTOS,ENCERRADOPOR,Z_GRUPOUSUARIOS,HANDLE
GE_DOCUMENTOS,ASSUNTO,GE_ASSUNTOS,HANDLE
GE_DOCUMENTOS,INCLUIDOPOR,Z_GRUPOUSUARIOS,HANDLE
GE_DOCUMENTOS,DEPARTAMENTO,PR_DEPARTAMENTOS,HANDLE
GE_DOCUMENTOS,DIVISAO,PR_DEPARTAMENTODIVISOES,HANDLE
GE_DOCUMENTOS,LOCALIZACAO,GN_ARQUIVOSFISICOS,HANDLE
GE_DOCUMENTOS,FILIALORIGEM,FILIAIS,HANDLE
GE_DOCUMENTOS,ORGAO,PR_COMARCAORGAOS,HANDLE
GE_DOCUMENTOS,COMARCA,PR_ORGAOSCOMARCA,HANDLE
GE_DOCUMENTOS,FORO,PR_ORGAOCOMARCAFOROS,HANDLE
GE_DOCUMENTOS,JUIZO,PR_COMARCAORGAODISTRIBUICOES,HANDLE
GE_DOCUMENTOS,RESPONSAVELLOCAL,GN_PESSOAS,HANDLE
GE_DOCUMENTOS,REMETENTE,GN_PESSOAS,HANDLE
GE_DOCUMENTOS,INCLUIDAPOR,Z_GRUPOUSUARIOS,HANDLE
GE_DOCUMENTOS,LOCALDOC,GN_PESSOAS,HANDLE
GE_DOCUMENTOS,LOCALIZACAODOC,GN_ARQUIVOSFISICOS,HANDLE
GE_DOCUMENTOS,LOCALEXTERNOEMPRESA,EMPRESAS,HANDLE
GE_DOCUMENTOS,LOCALEXTERNOFILIAL,FILIAIS,HANDLE
GE_DOCUMENTOS,LOCALEXTERNODEPARTAMENTO,PR_DEPARTAMENTOS,HANDLE
GE_DOCUMENTOS,LOCALEXTERNODIVISAO,PR_DEPARTAMENTODIVISOES,HANDLE
GE_DOCUMENTOS,EMPRESA,EMPRESAS,HANDLE
GE_DOCUMENTOS,FILIAL,FILIAIS,HANDLE
GE_DOCUMENTOS,UNIDADEFILIAL,GN_FILIALUNIDADES,HANDLE
GE_DOCUMENTOS,IMOVEL,IM_PROPRIEDADEIMOBILIARIAS,HANDLE
GE_EVENTOS,INCLUIDOPOR,Z_GRUPOUSUARIOS,HANDLE
GE_EVENTOSUGESTAOPROVIDENCIAS,PROVIDENCIA,GE_PROVIDENCIAS,HANDLE
GE_EVENTOSUGESTAOPROVIDENCIAS,EVENTO,GE_EVENTOS,HANDLE
GE_EVENTOSUGESTAOPROVIDENCIAS,RESPONSAVEL,GN_PESSOAS,HANDLE
GE_EVENTOSUGESTAOPROVIDENCIAS,RESPONSAVELPAPEL,Z_WFPAPEIS,HANDLE
GE_ORIGEMDOCUMENTOS,COMARCA,PR_ORGAOSCOMARCA,HANDLE
GE_ORIGEMDOCUMENTOS,JUIZO,PR_COMARCAORGAODISTRIBUICOES,HANDLE
GE_ORIGEMDOCUMENTOS,NIVELSUPERIOR,GE_ORIGEMDOCUMENTOS,HANDLE
GE_ORIGEMDOCUMENTOS,ORGAO,PR_COMARCAORGAOS,HANDLE
GE_PALAVRASREFERENCIADOCUMENTO,EMPRESA,EMPRESAS,HANDLE
GE_PALAVRASREFERENCIADOCUMENTO,PALAVRA,GE_PALAVRASREFERENCIA,HANDLE
GE_PALAVRASREFERENCIADOCUMENTO,DOCUMENTO,GE_DOCUMENTOS,HANDLE
GE_PALAVRASREFERENCIADOCUMENTO,DOCUMENTOPROCESSO,PR_PROCESSODOCUMENTOS,HANDLE
GE_PALAVRASREFERENCIADOCUMENTO,ENTRADAPASTA,EP_PROCESSOS,HANDLE
GE_PESQUISADOCS,Z_GRUPO,GE_GRUPOASSUNTOS,HANDLE
GE_REMESSARECEPCAODOCS,ALTERADOPOR,Z_GRUPOUSUARIOS,HANDLE
GE_REMESSARECEPCAODOCS,LOCALIZACAO,GN_ARQUIVOSFISICOS,HANDLE
GE_REMESSARECEPCAODOCS,INCLUIDAPOR,Z_GRUPOUSUARIOS,HANDLE
GE_REMESSARECEPCAODOCS,RESPONSAVELLOCAL,GN_PESSOAS,HANDLE
GE_REMESSARECEPCAODOCS,LOCALDOC,GN_PESSOAS,HANDLE
GE_REMESSARECEPCAODOCS,LOCALEXTERNODEPARTAMENTO,PR_DEPARTAMENTOS,HANDLE
GE_REMESSARECEPCAODOCS,LOCALEXTERNODIVISAO,PR_DEPARTAMENTODIVISOES,HANDLE
GE_REMESSARECEPCAODOCS,LOCALEXTERNOEMPRESA,EMPRESAS,HANDLE
GE_REMESSARECEPCAODOCS,LOCALEXTERNOFILIAL,FILIAIS,HANDLE
GE_TIPODOCUMENTO,PASTAVIRTUAL,PR_PASTAVIRTUAL,HANDLE
GE_TIPODOCUMENTO,GRUPO,PR_GRUPODOCUMENTOS,HANDLE
GE_TIPODOCUMENTO,IDIOMA,Z_IDIOMAS,HANDLE
GI_CUBOUSUARIOCONFIG,USUARIO,Z_GRUPOUSUARIOS,HANDLE
GI_CUBOUSUARIOCONFIG,RELATORIO,GI_RELATORIOS,HANDLE
GI_FONTEDADOSBI,FONTEDADOS,GI_FONTESDADOS,HANDLE
GI_FONTESDADOS,TABELAPRINCIPAL,Z_TABELAS,HANDLE
GI_FONTESDADOS,TABELAVIRTUAL,Z_TABELAS,HANDLE
GI_FONTESDADOS,FONTEDADOS,GI_FONTESDADOS,HANDLE
GI_FONTESDADOS,TABELAORIGEM,Z_TABELAS,HANDLE
GI_FONTESDADOS,CAMPOORIGEM,Z_CAMPOS,HANDLE
GI_RELATORIOAGENDAMENTOS,RELATORIO,GI_RELATORIOS,HANDLE
GI_RELATORIOAGENDAMENTOS,USUARIO,Z_GRUPOUSUARIOS,HANDLE
GI_RELATORIOCAMPOS,CAMPO,GI_FONTESDADOSCAMPOS,HANDLE
GI_RELATORIOEMISSOES,HANDLECONSULTA,GI_FONTESDADOS,HANDLE
GI_RELATORIOLOGS,USUARIO,Z_GRUPOUSUARIOS,HANDLE
GI_RELATORIOS,FONTEDADOS,GI_FONTESDADOS,HANDLE
GI_RELATORIOS,USUARIO,Z_GRUPOUSUARIOS,HANDLE
GI_RELATORIOS,LAYOUTGRAFICO,GR_GRAFICOLAYOUTS,HANDLE
GI_RELATORIOS,MODELOAUXILIAR,GI_RELATORIOS,HANDLE
GI_RELATORIOS,INCLUIDOPOR,Z_GRUPOUSUARIOS,HANDLE
GN_ARQUIVOSFISICOS,NIVELSUPERIOR,GN_ARQUIVOSFISICOS,HANDLE
GN_ARQUIVOSFISICOS,LOCAL,OBSERVACOES,HANDLE
GN_ASSINANTEDIGITAL,CLASSIFACAOCONTRATOS,EJ_TIPOCLASSIFICACAOCONTRATOS,HANDLE
GN_ASSINANTEDIGITAL,FORNECEDOR,GN_PESSOAS,HANDLE
GN_ASSINANTEDIGITAL,PESSOA,GN_PESSOAS,HANDLE
GN_ASSINANTEDIGITAL,INCLUIDOPOR,Z_GRUPOUSUARIOS,HANDLE
GN_ASSINANTEDIGITAL,ALTERADOPOR,Z_GRUPOUSUARIOS,HANDLE
GN_BANCOAGENCIACONTATOS,AGENCIA,GN_BANCOAGENCIAS,HANDLE
GN_BANCOAGENCIAS,MUNICIPIO,MUNICIPIOS,HANDLE
GN_BANCOAGENCIAS,BANCO,GN_BANCOS,HANDLE
GN_BANCOAGENCIAS,ESTADO,ESTADOS,HANDLE
GN_BANCOAGENCIAS,PAIS,PAISES,HANDLE
GN_BANCOAGENCIATELEFONES,AGENCIA,GN_BANCOAGENCIAS,HANDLE
GN_BANCOCONTATOS,BANCO,GN_BANCOS,HANDLE
GN_BANCOCONTATOS,CARGO,GN_CARGOS,HANDLE
GN_BANCOS,MUNICIPIO,MUNICIPIOS,HANDLE
GN_BANCOS,ESTADO,ESTADOS,HANDLE
GN_BANCOS,PAIS,PAISES,HANDLE
GN_BANCOS,FORMATOBLOQUETO,R_RELATORIOS,HANDLE
GN_BANCOTELEFONES,BANCO,GN_BANCOS,HANDLE
GN_BTLMONITOR,CADASTRADOPOR,Z_GRUPOUSUARIOS,HANDLE
GN_BTLPROCESSOMONITOR,MONITOR,GN_BTLMONITOR,HANDLE
GN_CRITERIOSATUALIZACAO,CRITERIO,GN_CRITERIOS,HANDLE
GN_CRITERIOSATUALIZACAO,MOEDAJUROS,GN_MOEDAS,HANDLE
GN_DOCUMENTOASSINANTE,DOCUMENTO,GN_DOCUMENTOASSINATURADIGITAL,HANDLE
GN_DOCUMENTOASSINANTE,PESSOACADASTRADA,GN_PESSOAS,HANDLE
GN_DOCUMENTOBLOQUEIOS,DESBLOQUEADOPOR,Z_GRUPOUSUARIOS,HANDLE
GN_DOCUMENTOBLOQUEIOS,BLOQUEADOPOR,Z_GRUPOUSUARIOS,HANDLE
GN_EQUIPEPESSOAS,EQUIPE,GN_EQUIPES,HANDLE
GN_EQUIPES,EMPRESA,EMPRESAS,HANDLE
GN_EQUIPES,FILIAL,FILIAIS,HANDLE
GN_FILTROPESSOAS,Z_GRUPO,GN_PESSOAS,HANDLE
GN_GUIDFLUXOS,PASTA,PR_PROCESSOS,HANDLE
GN_HIERARQUIAS,NIVELSUPERIOR,GN_HIERARQUIAS,HANDLE
GN_HORASADVOGADO,INCLUIDOPOR,Z_GRUPOUSUARIOS,HANDLE
GN_IMPOSTOFAIXAS,IMPOSTO,GN_IMPOSTOS,HANDLE
GN_IMPOSTOS,USUARIOCLIENTE,Z_GRUPOUSUARIOS,HANDLE
GN_INDICESPARAMETROS,MOEDA,STATUS,HANDLE
GN_INDICESPERMISSAOCLIENTE,CLIENTE,GN_INDICESCLIENTEPARAMETROS,HANDLE
GN_LEGISLACAOREGULATORIA,FONTE,GN_LEGISLACAOFONTES,HANDLE
GN_PARAMETROSPESQUISA,Z_GRUPO,GE_TIPODOCUMENTO,HANDLE
GN_PESSOACATEGORIAS,PESSOA,GN_PESSOAS,HANDLE
GN_PESSOACATEGORIAS,CATEGORIA,PR_CATEGORIAS,HANDLE
GN_PESSOAENDERECOS,PESSOA,GN_PESSOAS,HANDLE
GN_PESSOAENDERECOS,PAIS,PAISES,HANDLE
GN_PESSOAENDERECOS,ESTADO,ESTADOS,HANDLE
GN_PESSOAENDERECOS,MUNICIPIO,MUNICIPIOS,HANDLE
GN_PESSOAFERIAS,PESSOA,GN_PESSOAS,HANDLE
GN_PESSOAFERIAS,QUANTIDADEDEDIAS,QUANTIDADEDIASABONADOS,HANDLE
GN_PESSOAFICHAFINANCEIRA,Z_GRUPO,GN_PESSOAS,HANDLE
GN_PESSOAIMPORTACAO,PESSOA,GN_PESSOAS,HANDLE
GN_PESSOAIMPORTITEM,DEPENDENTE,GN_PESSOADEPENDENTES,HANDLE
GN_PESSOAIMPORTITEM,VINCULOEMPREGATICIO,GN_PESSOAVINCULOS,HANDLE
GN_PESSOAIMPORTITEM,PESSOA,GN_PESSOAS,HANDLE
GN_PESSOAINFORMACOESBANCARIAS,PESSOAFAVORECIDA,GN_PESSOAS,HANDLE
GN_PESSOAINFORMACOESBANCARIAS,BANCO,GN_BANCOS,HANDLE
GN_PESSOAINFORMACOESBANCARIAS,PESSOA,GN_PESSOAS,HANDLE
GN_PESSOAMEDIDASDISCIPLINARES,PESSOA,GN_PESSOAS,HANDLE
GN_PESSOAS,PAIS,PAISES,HANDLE
GN_PESSOAS,MUNICIPIO,MUNICIPIOS,HANDLE
GN_PESSOAS,MATRICULA,TA_ESTADOSCIVIS,HANDLE
GN_PESSOAS,TITULO,PR_TITULOS,HANDLE
GN_PESSOAS,CPNUMERO,CTPS,HANDLE
GN_PESSOAS,CPSERIE,CTPS,HANDLE
GN_PESSOAS,PISNUMERO,PIS,HANDLE
GN_PESSOAS,INVENTARIANTE,GN_PESSOAS,HANDLE
GN_PESSOAS,EXMOTIVODESLIGAMENTO,PR_MOTIVODESLIGAMENTO,HANDLE
GN_PESSOAS,EXCOLABMOEDA,GN_MOEDAS,HANDLE
GN_PESSOAS,EXCOLABDIVISAO,PR_DEPARTAMENTODIVISOES,HANDLE
GN_PESSOAS,BAIRRO,PAISES,HANDLE
GN_PESSOAS,NATUREZAJURIDICA,SO_NATUREZAJURIDICAS,HANDLE
GN_PESSOAS,RGESTADOEMISSOR,ESTADOS,HANDLE
GN_PESSOAS,CPESTADOEMISSOR,ESTADOS,HANDLE
GN_PESSOAS,EXCOLABCARGO,GN_CARGOS,HANDLE
GN_PESSOAS,EXCOLABDEPARTAMENTO,PR_DEPARTAMENTOS,HANDLE
GN_PESSOAS,CONSELHO,PR_CONSELHOS,HANDLE
GN_PESSOAS,PROFISSAO,PR_PROFISSOES,HANDLE
GN_PESSOAS,UFCONSELHO,ESTADOS,HANDLE
GN_PESSOAS,OPERADORA,GN_OPERADORAS,HANDLE
GN_PESSOAS,NOTAINICIALINCLUIDAPOR,Z_GRUPOUSUARIOS,HANDLE
GN_PESSOAS,PAPEL,Z_WFPAPEIS,HANDLE
GN_PESSOAS,CLASSIFICACAOINSS,INSS,HANDLE
GN_PESSOASESCRITORIO,PESSOA,GN_PESSOAS,HANDLE
GN_PESSOASESCRITORIO,CARGO,GN_CARGOS,HANDLE
GN_PESSOATELEFONES,PESSOA,GN_PESSOAS,HANDLE
GN_PESSOAUSUARIOS,PESSOA,GN_PESSOAS,HANDLE
GN_PESSOAUSUARIOS,USUARIO,Z_GRUPOUSUARIOS,HANDLE
GN_PESSOAVINCULOS,PESSOA,GN_PESSOAS,HANDLE
GN_PESSOAVINCULOS,FILIAL,FILIAIS,HANDLE
GN_PESSOAVINCULOS,DEPARTAMENTO,PR_DEPARTAMENTOS,HANDLE
GN_PESSOAVINCULOS,DIVISAO,PR_DEPARTAMENTODIVISOES,HANDLE
GN_PESSOAVINCULOS,EMPRESAPRESTADORA,GN_PESSOAS,HANDLE
GN_PESSOAVINCULOS,CARGO,GN_CARGOS,HANDLE
GN_PESSOAVINCULOS,NIVELHIERARQUICO,GN_HIERARQUIAS,HANDLE
GN_PESSOAVINCULOS,MOTIVODESLIGAMENTO,PR_MOTIVODESLIGAMENTO,HANDLE
GN_PESSOAVINCULOS,CENTROCUSTO,CT_CC,HANDLE
GN_PESSOAVINCULOS,UNIDADEFILIAL,GN_FILIALUNIDADES,HANDLE
GN_PESSOAVINCULOS,GESTOR,GN_PESSOAS,HANDLE
GN_PROCESSONEGOCIOTAREFAS,NEGOCIO,GN_PROCESSONEGOCIOS,HANDLE
GN_RATEIOCC,RATEIO,GN_RATEIOS,HANDLE
GN_RATEIOCC,CENTROCUSTO,CT_CC,HANDLE
GN_RATEIOCC,EMPRESA,OBSERVACOES,HANDLE
GN_RATEIOS,EMPRESA,OBSERVACOES,HANDLE
GN_REPLICARCAMPOS,TABELAORIGEM,Z_TABELAS,HANDLE
GN_REPLICARCAMPOS,CAMPOORIGEM,Z_CAMPOS,HANDLE
GN_REPLICARCAMPOS,TABELADESTINO,Z_TABELAS,HANDLE
GN_TIMESHEET,PASTA,PR_PROCESSOS,HANDLE
GN_TIMESHEET,INCLUIDOPOR,Z_GRUPOUSUARIOS,HANDLE
GN_TIMESHEET,PROCURACAO,SO_PROCURACOES,HANDLE
GN_TIMESHEET,CONTRATO,EJ_CONTRATOS,HANDLE
GN_TIMESHEET,PARECER,EJ_PARECERES,HANDLE
GN_TIMESHEET,CENTROCUSTO,CT_CC,HANDLE
GN_TIMESHEET,SUBSTABELECIMENTO,SO_PROCURACAOSUBSTABELECIMENTO,HANDLE
GN_TIMESHEET,ADITIVO,EJ_CONTRATOADITIVOS,HANDLE
GN_TIMESHEET,SOLICITACAO,SL_SOLICITACOES,HANDLE
GN_TIMESHEETDOCUMENTOS,INCLUIDOPOR,Z_GRUPOUSUARIOS,HANDLE
GN_URLPARTES,URL,GN_URLS,HANDLE
GN_URLS,EMPRESA,EMPRESAS,HANDLE
GN_VIRTUAL_USUARIO,GRUPO,Z_GRUPOS,HANDLE
GP_FILTROSPROVISAO,USUARIO,Z_GRUPOUSUARIOS,HANDLE
GP_FILTROSPROVISAO,PROVIDENCIA,PR_PROVIDENCIAEVENTOS,HANDLE
GP_FILTROSPROVISAO,DESDOBRAMENTO,PR_PROCESSODESDOBRAMENTOS,HANDLE
GP_FILTROSPROVISAO,PROCESSO,PR_PROCESSOS,HANDLE
GP_FILTROSPROVISAO,PARTE,GN_PESSOAS,HANDLE
GP_FILTROSPROVISAO,CATEGORIA,PR_CATEGORIAS,HANDLE
GR_REPCONTRATOSAVENCER,GESTOR,GN_PESSOAS,HANDLE
GR_REPCONTRATOSAVENCER,CONTRATADA,GN_PESSOAS,HANDLE
GR_REPCONTRATOSVIGENTESAREA,GESTOR,GN_PESSOAS,HANDLE
GR_REPCONTRATOSVIGENTESAREA,CONTRATADA,GN_PESSOAS,HANDLE
GR_REPCONTRATOSVIGENTESAREA,DEPARTAMENTO,PR_DEPARTAMENTOS,HANDLE
GR_REPFECHAMENTOPROVISAOVAL,CATEGORIA,PR_CATEGORIAS,HANDLE
GR_REPHONORARIOS,ESCRITORIOCREDENCIADO,GN_PESSOAS,HANDLE
GR_REPHONORARIOS,FILIAL,FILIAIS,HANDLE
GR_REPHONORARIOS,DEPARTAMENTO,PR_DEPARTAMENTOS,HANDLE
GR_REPMAIORESCONTRATOS,GESTORCONTRATO,GN_PESSOAS,HANDLE
GR_REPMAIORESCONTRATOS,CONTRATADA,GN_PESSOAS,HANDLE
GR_REPOPERACAOPAGAMENTO,PAGAMENTOEXECUTADO,GR_REPPAGAMENTOSEXECUTADOS,HANDLE
GR_REPPASTAPORADVOGADO,ADVOGADO,GN_PESSOAS,HANDLE
GR_REPPASTASATIVACOMPETENCIA,CATEGORIA,PR_CATEGORIAS,HANDLE
GR_REPPASTASENTRADASAIDA,CATEGORIA,PR_CATEGORIAS,HANDLE
GR_REPPREVISTOEXECUTADO,EMPRESA,EMPRESAS,HANDLE
GR_REPPREVISTOEXECUTADO,FILIAL,FILIAIS,HANDLE
GR_REPPREVISTOEXECUTADOADV,ADVOGADO,GN_PESSOAS,HANDLE
GR_REPSOLICITACOESFILIAL,FILIAL,FILIAIS,HANDLE
GR_REPSOLICITACOESFINANCEIRAS,DESPESA,FI_TIPODESPESAS,HANDLE
GR_REPTAREFAADVOGADOINTERNO,PESSOA,GN_PESSOAS,HANDLE
GR_REPTAREFAESCRITORIOS,ESCRITORIO,GN_PESSOAS,HANDLE
GR_REPTAREFARESPONSAVEL,USUARIO,Z_GRUPOUSUARIOS,HANDLE
GR_REPTAREFARESPONSAVEL,RESPONSAVEL,GN_PESSOAS,HANDLE
GR_REPVALPROPORCIONALPEDIDO,CATEGORIA,PR_CATEGORIAS,HANDLE
GR_REPVALPROPORCIONALPEDIDO,PEDIDO,PR_PEDIDOS,HANDLE
IA_CADASTROPEDIDOS,Z_GRUPO,PR_CATEGORIAS,HANDLE
ID_CONTRATORESPONSAVEIS,RESPONSAVELATUAL,Z_GRUPOUSUARIOS,HANDLE
ID_CONTRATOS,EMPRESA,EMPRESAS,HANDLE
ID_CONTRATOS,FILIAL,FILIAIS,HANDLE
ID_CONTRATOS,UNIDADEFILIAL,GN_FILIALUNIDADES,HANDLE
ID_CONTRATOS,DEPARTAMENTOSOLICITANTE,PR_DEPARTAMENTOS,HANDLE
ID_CONTRATOS,CONTRATADA,GN_PESSOAS,HANDLE
ID_CONTRATOS,CONTRATO,EJ_CONTRATOS,HANDLE
ID_CONTRATOS,EXECUTORTAREFA,Z_GRUPOUSUARIOS,HANDLE
ID_CONTRATOS,DEPARTAMENTOEXECUTOR,PR_DEPARTAMENTOS,HANDLE
ID_CONTRATOS,ADITIVO,EJ_CONTRATOADITIVOS,HANDLE
ID_CONTRATOS,SOLICITACAO,SL_SOLICITACOES,HANDLE
ID_CONTRATOS,TAREFA,Z_WFTAREFAS,HANDLE
ID_DEPOSITORESPONSAVEIS,RESPONSAVEL,Z_GRUPOUSUARIOS,HANDLE
ID_DEPOSITOS,EMPRESA,EMPRESAS,HANDLE
ID_DEPOSITOS,DEPOSITO,PR_PROCESSODEPOSITOS,HANDLE
ID_DEPOSITOS,EXECUTORTAREFA,Z_GRUPOUSUARIOS,HANDLE
ID_DEPOSITOS,INICIOTAREFA,PR_DEPARTAMENTOS,HANDLE
ID_DEPOSITOS,SOLICITADOPOR,Z_GRUPOUSUARIOS,HANDLE
ID_DEPOSITOS,TAREFA,Z_WFTAREFAS,HANDLE
ID_DEPOSITOS,PROCESSO,PR_PROCESSOS,HANDLE
ID_PAGAMENTORESPONSAVEIS,RESPONSAVEL,Z_GRUPOUSUARIOS,HANDLE
ID_PAGAMENTOS,EMPRESA,EMPRESAS,HANDLE
ID_PAGAMENTOS,SOLICITACAOPAGAMENTO,FI_SOLICITACAOPAGAMENTOS,HANDLE
ID_PAGAMENTOS,EXECUTORTAREFA,Z_GRUPOUSUARIOS,HANDLE
ID_PAGAMENTOS,DEPARTAMENTOEXECUTOR,PR_DEPARTAMENTOS,HANDLE
ID_PAGAMENTOS,SOLICITADOPOR,Z_GRUPOUSUARIOS,HANDLE
ID_PAGAMENTOS,TAREFA,Z_WFTAREFAS,HANDLE
ID_PARECERES,EMPRESA,EMPRESAS,HANDLE
ID_PARECERES,EXECUTORTAREFA,Z_GRUPOUSUARIOS,HANDLE
ID_PARECERES,DEPARTAMENTOEXECUTOR,PR_DEPARTAMENTOS,HANDLE
ID_PARECERES,SOLICITADOPOR,Z_GRUPOUSUARIOS,HANDLE
ID_PARECERES,SOLICITACAO,SL_SOLICITACOES,HANDLE
ID_PARECERES,TAREFA,Z_WFTAREFAS,HANDLE
ID_PARECERRESPONSAVEIS,RESPONSAVEL,Z_GRUPOUSUARIOS,HANDLE
ID_PASTAPEDIDOS,INDICADOR,ID_PASTAS,HANDLE
ID_PASTAPEDIDOS,PEDIDO,PR_PEDIDOS,HANDLE
ID_PASTAS,ASSUNTO,PR_CATEGORIATIPOACAOASSUNTOS,HANDLE
ID_PASTAS,CAUSARAIZ,PR_CAUSARAIZ,HANDLE
ID_PASTAS,ORGAO,PR_COMARCAORGAOS,HANDLE
ID_PASTAS,CATEGORIA,PR_CATEGORIAS,HANDLE
ID_PASTAS,COMARCA,PR_ORGAOSCOMARCA,HANDLE
ID_PASTAS,PASTA,PR_PROCESSOS,HANDLE
ID_PASTAS,JUIZO,PR_COMARCAORGAODISTRIBUICOES,HANDLE
ID_PASTAS,ADVERSO,GN_PESSOAS,HANDLE
ID_PASTAS,ADVOGADOADVERSO,GN_PESSOAS,HANDLE
ID_PROCURACAORESPONSAVEIS,RESPONSAVEL,Z_GRUPOUSUARIOS,HANDLE
ID_PROCURACOES,EMPRESA,EMPRESAS,HANDLE
ID_PROCURACOES,PROCURACAO,SO_PROCURACOES,HANDLE
ID_PROCURACOES,EXECUTORTAREFA,Z_GRUPOUSUARIOS,HANDLE
ID_PROCURACOES,DEPARTAMENTOEXECUTOR,PR_DEPARTAMENTOS,HANDLE
ID_PROCURACOES,SOLICITACAO,SL_SOLICITACOES,HANDLE
ID_PROCURACOES,SOLICITADOPOR,Z_GRUPOUSUARIOS,HANDLE
IM_ALTERACAORESPONSAVEIS,RESPONSAVEL,Z_GRUPOUSUARIOS,HANDLE
IM_ALTERACAORESPONSAVEIS,NOVORESPONSAVEL,Z_GRUPOUSUARIOS,HANDLE
IM_ALTERRESPONIMOBILIARIO,ADITIVO,IM_CONTRATOADITIVOS,HANDLE
IM_AVALIACAOIMOVEL,INCLUIDOPOR,Z_GRUPOUSUARIOS,HANDLE
IM_AVALIACAOIMOVEL,ALTERADOPOR,Z_GRUPOUSUARIOS,HANDLE
IM_CONFIGURACOES,DOCRESCISAOASSINADA,GE_TIPODOCUMENTO,HANDLE
IM_CONFIGURACOES,DOCMATRICULA,GE_TIPODOCUMENTO,HANDLE
IM_CONFIGURACOES,DOCADITIVOVALIDADO,GE_TIPODOCUMENTO,HANDLE
IM_CONFIGURACOES,DOCNOTIFICACAOVALIDADA,GE_TIPODOCUMENTO,HANDLE
IM_CONFIGURACOES,DOCRESCISAOVALIDADA,GE_TIPODOCUMENTO,HANDLE
IM_CONFIGURACOES,DOCCONTRATOVALIDADO,GE_TIPODOCUMENTO,HANDLE
IM_CONFIGURACOES,DOCADITIVORASCUNHO,GE_TIPODOCUMENTO,HANDLE
IM_CONFIGURACOES,DOCNOTIFICACAORASCUNHO,GE_TIPODOCUMENTO,HANDLE
IM_CONFIGURACOES,DOCRESCISAORASCUNHO,GE_TIPODOCUMENTO,HANDLE
IM_CONFIGURACOES,DOCADITIVOASSINADO,GE_TIPODOCUMENTO,HANDLE
IM_CONFIGURACOES,DOCNOTIFICACAOASSINADA,GE_TIPODOCUMENTO,HANDLE
IM_CONFIGURACOES,MOEDAPADRAO,GN_MOEDAS,HANDLE
IM_CONFIGURACOES,CONDICAO,IM_PARTEQUALIFICACOES,HANDLE
IM_CONFIGURACOES,CONDICAOCONTRATADA,IM_PARTEQUALIFICACOES,HANDLE
IM_CONFIGURACOES,CONDICAOFILIAL,IM_PARTEQUALIFICACOES,HANDLE
IM_CONFIGURACOES,GRUPONOTIFICACAOREAJUSTE,Z_WFGRUPOS,HANDLE
IM_CONFIGURACOES,DOCRELATORIOBUSCAPREVIA,GE_TIPODOCUMENTO,HANDLE
IM_CONFIGURACOES,DOCAVISJURIDIQUE,GE_TIPODOCUMENTO,HANDLE
IM_CONFIGURACOES,DOCATAREUNIAOCOMITEINVESTIME,Z_WFPAPEIS,HANDLE
IM_CONFIGURACOES,DOCSITENSEJURIDICA,GE_TIPODOCUMENTO,HANDLE
IM_CONFIGURACOES,DOCCONTRATOASSINADO,GE_TIPODOCUMENTO,HANDLE
IM_CONFIGURACOES,DOCCONTRATORASCUNHO,GE_TIPODOCUMENTO,HANDLE
IM_CONTRATOADITIVOS,CONTRATO,IM_CONTRATOIMOBILIARIOS,HANDLE
IM_CONTRATOADITIVOS,SOLICITANTE,Z_GRUPOUSUARIOS,HANDLE
IM_CONTRATOADITIVOS,MINUTAADITIVO,EJ_MINUTAS,HANDLE
IM_CONTRATOADITIVOS,INDICE,GN_MOEDAS,HANDLE
IM_CONTRATOADITIVOS,INCLUIDOPOR,Z_GRUPOUSUARIOS,HANDLE
IM_CONTRATOADITIVOS,DIRETORIA,PR_DEPARTAMENTOS,HANDLE
IM_CONTRATOADITIVOS,DEPARTAMENTO,PR_DEPARTAMENTOS,HANDLE
IM_CONTRATOCLAUSULAS,CLAUSULA,EJ_MINUTACLAUSULAS,HANDLE
IM_CONTRATOCLAUSULAS,ADITIVO,IM_CONTRATOADITIVOS,HANDLE
IM_CONTRATOCLAUSULAS,MINUTA,EJ_MINUTAS,HANDLE
IM_CONTRATOCLAUSULAS,INCLUIDOPOR,Z_GRUPOUSUARIOS,HANDLE
IM_CONTRATOCLAUSULAS,ALTERADOPOR,Z_GRUPOUSUARIOS,HANDLE
IM_CONTRATOCONDICAORESOLUTIVAS,RESPONSAVEL,Z_GRUPOUSUARIOS,HANDLE
IM_CONTRATOCONDICAORESOLUTIVAS,PAPELRESPONSAVEL,Z_WFPAPEIS,HANDLE
IM_CONTRATOCONDICAORESOLUTIVAS,SOLICITANTE,Z_GRUPOUSUARIOS,HANDLE
IM_CONTRATOCONDICAORESOLUTIVAS,INCLUIDOPOR,Z_GRUPOUSUARIOS,HANDLE
IM_CONTRATOCONDICAORESOLUTIVAS,ALTERADOPOR,Z_GRUPOUSUARIOS,HANDLE
IM_CONTRATOCONDICAORESOLUTIVAS,CONDICAORESOLUTIVA,IM_CONDICAORESOLUTIVAS,HANDLE
IM_CONTRATODOCUMENTOS,ADITIVO,IM_CONTRATOADITIVOS,HANDLE
IM_CONTRATOHISTORICOASSINATURA,CONTRATO,IM_CONTRATOIMOBILIARIOS,HANDLE
IM_CONTRATOIMOBILIARIOS,ACAOJUDUCIALRELACIONADA,PR_PROCESSOS,HANDLE
IM_CONTRATOIMOBILIARIOS,REGIONAL,IM_REGIOES,HANDLE
IM_CONTRATOIMOBILIARIOS,TIPOCONTRATO,IM_TIPOCONTRATOS,HANDLE
IM_CONTRATOIMOBILIARIOS,TIPOLOJA,IM_TIPOLOJAS,HANDLE
IM_CONTRATOIMOBILIARIOS,MODALIDADEGARANTIA,IM_MODALIDADEGARANTIAS,HANDLE
IM_CONTRATOIMOBILIARIOS,MOEDAAQUISICAO,GN_MOEDAS,HANDLE
IM_CONTRATOIMOBILIARIOS,INCLUIDOPOR,Z_GRUPOUSUARIOS,HANDLE
IM_CONTRATOIMOBILIARIOS,MUNICIPIO,MUNICIPIOS,HANDLE
IM_CONTRATOIMOBILIARIOS,MOEDA,GN_MOEDAS,HANDLE
IM_CONTRATOIMOBILIARIOS,DIRETORJURIDICO,Z_WFPAPEIS,HANDLE
IM_CONTRATOIMOBILIARIOS,LOCADORCONTRATADO,GN_PESSOAS,HANDLE
IM_CONTRATOIMOBILIARIOS,DIVISAO,PR_DEPARTAMENTODIVISOES,HANDLE
IM_CONTRATOIMOBILIARIOS,SOLICITANTE,Z_GRUPOUSUARIOS,HANDLE
IM_CONTRATOIMOBILIARIOS,PAIS,PAISES,HANDLE
IM_CONTRATOIMOBILIARIOS,ESTADO,ESTADOS,HANDLE
IM_CONTRATOIMOBILIARIOS,EMPRESA,EMPRESAS,HANDLE
IM_CONTRATOIMOBILIARIOS,FILIAL,FILIAIS,HANDLE
IM_CONTRATOIMOBILIARIOS,DEPARTAMENTO,PR_DEPARTAMENTOS,HANDLE
IM_CONTRATOIMOBILIARIOS,ADVRESPONSAVEL,Z_GRUPOUSUARIOS,HANDLE
IM_CONTRATOIMOBILIARIOS,ESCRITORIOCREDENCIADO,GN_PESSOAS,HANDLE
IM_CONTRATOIMOBILIARIOS,CLASSIFICCONTRATO,IM_TIPOCLASSIFICACAOCONTRATOS,HANDLE
IM_CONTRATOPARTICIPANTES,CONTRATO,IM_CONTRATOIMOBILIARIOS,HANDLE
IM_CONTRATOPARTICIPANTES,PARTICIPANTE,GN_PESSOAS,HANDLE
IM_CONTRATOPARTICIPANTES,CLASSIFICACAO,IM_PARTEQUALIFICACOES,HANDLE
IM_CONTRATOPARTICIPANTES,IMOVEL,OBSERVACOES,HANDLE
IM_HISTORICOPORTAL,LICENCA,RE_DOCUMENTOS,HANDLE
IM_IMOBCONFIGURACOES,FILIALPADRAOREGEDOCS,PRAZOVENCIMENTOLICENCAS,HANDLE
IM_PROPRIEDADEIMOBILIARIAS,TIPOIMOVEL,IM_TIPOLOJAS,HANDLE
IM_PROPRIEDADEIMOBILIARIAS,UNIDADEFILIAL,GN_FILIALUNIDADES,HANDLE
IM_PROPRIEDADEIMOBILIARIAS,PAIS,PAISES,HANDLE
IM_PROPRIEDADEIMOBILIARIAS,ESTADO,ESTADOS,HANDLE
IM_PROPRIEDADEIMOBILIARIAS,MUNICIPIO,MUNICIPIOS,HANDLE
IM_PROPRIEDADEIMOBILIARIAS,IMOVELPAI,IM_PROPRIEDADEIMOBILIARIAS,HANDLE
IM_PROPRIEDADEIMOBILIARIAS,INCLUIDOPOR,Z_GRUPOUSUARIOS,HANDLE
IM_PROPRIEDADEIMOBILIARIAS,ALTERADOPOR,Z_GRUPOUSUARIOS,HANDLE
IM_PROPRIEDADEIMOBILIARIAS,CARTORIO,SO_CARTORIOS,HANDLE
IM_PROPRIEDADEIMOBILIARIAS,ENCERRADOPOR,Z_GRUPOUSUARIOS,HANDLE
IM_PROPRIEDADEIMOBILIARIAS,MOTIVOENCERRAMENTO,IM_MOTIVOENCERRAMENTOS,HANDLE
IM_PROPRIEDADEIMOBILIARIAS,COMARCA,PR_COMARCAS,HANDLE
IM_SUBIMOVEIS,IMOVEL,IM_PROPRIEDADEIMOBILIARIAS,HANDLE
IM_SUBIMOVEIS,PASTA,PR_PROCESSOS,HANDLE
IM_SUBIMOVEIS,CONTRATO,EJ_CONTRATOS,HANDLE
IM_SUBIMOVEIS,PROCURACAO,SO_PROCURACOES,HANDLE
IM_SUBIMOVEIS,EDOCS,GE_DOCUMENTOS,HANDLE
IM_TIPOCLASSIFICACAOCONTRATOS,ORGANOGRAMAALCADAVALORES,Z_WFGRUPOS,HANDLE
IN_DATASYNCPARAMETROS,SERVICO,IN_SERVICOS,HANDLE
IN_INTERFACECAMPOS,INTERFACE,IN_INTERFACES,HANDLE
IN_INTERFACECOMANDOCAMPOS,CAMPORESULTADO,IN_INTERFACECAMPOS,HANDLE
IN_INTERFACECOMANDOCAMPOS,COMANDORESULTADO,IN_INTERFACECOMANDOS,HANDLE
IN_INTERFACELOGS,PROCESSO,IN_PROCESSOS,HANDLE
IN_MONITOR,USUARIO,Z_GRUPOUSUARIOS,HANDLE
IN_MONITOR,SERVICO,IN_SERVICOS,HANDLE
IN_PESQUISACONFIGURACOES,TIPODOCUMENTOPADRAOPROCESS,GE_TIPODOCUMENTO,HANDLE
IN_PESQUISARESULTADOADVOGADOS,PESQUISA,IN_PESQUISAS,HANDLE
IN_PESQUISARESULTADODOCUMENTOS,DOCUMENTOGERADO,PR_PROCESSODOCUMENTOS,HANDLE
IN_PESQUISARESULTADODOCUMENTOS,PESQUISA,CODIGODOCINICIAS,HANDLE
IN_PESQUISARESULTADOPARTES,PESQUISA,IN_PESQUISAS,HANDLE
IN_PESQUISARESULTADOS,PESQUISA,IN_PESQUISAS,HANDLE
IN_PESQUISAS,NUMEROPROCESSO,PR_CATEGORIATIPOACAOASSUNTOS,HANDLE
IN_PESQUISAS,INCLUIDOPOR,Z_GRUPOUSUARIOS,HANDLE
IN_PESQUISAS,PESSOA,GN_PESSOAS,HANDLE
IN_PROCESSOS,POSICAOFINAL,STATUS,HANDLE
IN_SERVICOCODIGOREGISTRO,TABELAORIGEM,Z_TABELAS,HANDLE
IN_SERVICOCODIGOREGISTRO,ALTERADOPOR,Z_GRUPOUSUARIOS,HANDLE
IN_SERVICOPARAMETROS,SERVICO,IN_SERVICOS,HANDLE
IN_SERVICOS,USUARIONOTIFICAR,Z_GRUPOUSUARIOS,HANDLE
IS_IMPORTACAOARQUIVO,CAMPOSARQUIVO,STATUS,HANDLE
K9_PASTAPROGRAMAPLANO,CLASSIFICADORCONTABIL,K9_CLASSIFICADORCONTABIL,HANDLE
K9_PASTAPROGRAMAPLANO,PASTA,PR_PROCESSOS,HANDLE
K9_PLANO,PROGRAMA,K9_PROGRAMA,HANDLE
K9_TV_FILTROBLOQUEIOS,Z_GRUPO,PR_PROCESSOS,HANDLE
K9_TV_FILTROCONSULTAPARECER,Z_GRUPO,PR_DEPARTAMENTODIVISOES,HANDLE
K9_TV_INCLUSAOLOTEDOCUMENTOS,TIPODOCUMENTO,GE_TIPODOCUMENTO,HANDLE
K9_TV_INCLUSAOLOTEDOCUMENTOS,PARECER,EJ_PARECERES,HANDLE
K9_TV_INCLUSAOLOTEDOCUMENTOS,WFSOLICITACAO,WF_SOLICITACOES,HANDLE
K9_TV_INCLUSAOLOTEDOCUMENTOS,PROCURACAO,SO_PROCURACOES,HANDLE
K9_TV_INCLUSAOLOTEDOCUMENTOS,CONTRATO,EJ_CONTRATOS,HANDLE
K9_TV_INCLUSAOLOTEDOCUMENTOS,ADITIVO,EJ_CONTRATOADITIVOS,HANDLE
LOGRADOUROS,PAIS,PAISES,HANDLE
LOGRADOUROS,ESTADO,ESTADOS,HANDLE
LOGRADOUROS,MUNICIPIO,MUNICIPIOS,HANDLE
MB_ESTATISTICAACESSOSENTIDADE,USUARIO,Z_GRUPOUSUARIOS,HANDLE
MODELOS,TIPOMODELO,TIPOSMODELOS,HANDLE
MS_MENSAGEMPASTAS,MENSAGEM,MS_MENSAGENS,HANDLE
MS_MENSAGEMPASTAS,USUARIO,Z_GRUPOUSUARIOS,HANDLE
MS_MENSAGEMUSUARIOS,PEDIDO,PR_PROCESSOPEDIDOS,HANDLE
MS_MENSAGEMUSUARIOS,PEDIDOINSTANCIA,PR_PROCESSOPEDIDOINSTANCIAS,HANDLE
MS_MENSAGEMUSUARIOS,ANDAMENTO,PR_PROCESSOEVENTOS,HANDLE
MS_MENSAGEMUSUARIOS,USUARIODESTINARIO,Z_GRUPOUSUARIOS,HANDLE
MS_MENSAGEMUSUARIOS,MENSAGEMPAI,MS_MENSAGENS,HANDLE
MS_MENSAGEMUSUARIOS,DESTINATARIOPADRAOSMART,Z_GRUPOUSUARIOS,HANDLE
MS_MENSAGEMUSUARIOS,MENSAGEMORIGINAL,MS_MENSAGENS,HANDLE
MS_MENSAGEMUSUARIOS,SOLICITACAO,SL_SOLICITACOES,HANDLE
MS_MENSAGEMUSUARIOS,IMOVEL,IM_PROPRIEDADEIMOBILIARIAS,HANDLE
MS_MENSAGEMUSUARIOS,REMESSA,FI_REMESSAPAGAMENTOS,HANDLE
MS_MENSAGENS,DESTINATARIO,Z_GRUPOUSUARIOS,HANDLE
MS_MENSAGENS,PASTA,PR_PROCESSOS,HANDLE
MS_MENSAGENS,ENTRADAPROCESSO,EP_PROCESSOS,HANDLE
MS_MENSAGENS,PARECER,EJ_PARECERES,HANDLE
MS_MENSAGENS,CERTIDAO,EJ_CERTIDOES,HANDLE
MS_MENSAGENS,EDOCS,GE_DOCUMENTOS,HANDLE
MS_MENSAGENS,EMPRESTIMO,BL_ITENS,HANDLE
MS_MENSAGENS,EMAILSEXTERNOS,AG_GRUPOS,HANDLE
MS_MENSAGENS,PROCURACAO,SO_PROCURACOES,HANDLE
MS_MENSAGENS,INSTITUICAO,SO_INSTITUICOES,HANDLE
MS_MENSAGENS,CONTRATO,EJ_CONTRATOS,HANDLE
MS_MENSAGENS,DE,Z_GRUPOUSUARIOS,HANDLE
MS_MENSAGENS,CONCILIACAODEPOSITO,CB_CONCILIACAOIMPORTACOES,HANDLE
MS_MENSAGENS,RECEBIDOEM,PR_PROCESSODOCUMENTOS,HANDLE
MUNICIPIOS,PAIS,PAISES,HANDLE
MUNICIPIOS,ESTADO,ESTADOS,HANDLE
NP_ANDAMENTOS,NOTIFICARPAPEL,ANDAMENTOANS,HANDLE
NP_ANDAMENTOSPROVIDENCIAS,RESPONSAVELPAPEL,Z_WFPAPEIS,HANDLE
NP_ANDAMENTOSPROVIDENCIAS,RESPONSAVEL,GN_PESSOAS,HANDLE
NP_CONFIGURACOES,PAPELANDAMENTO,Z_WFPAPEIS,HANDLE
NP_CONFIGURACOES,PAPELNIP,Z_WFPAPEIS,HANDLE
NP_OPERADORAS,PROCESSO,NP_PROCESSOS,HANDLE
NP_PROCESSOANDAMENTOS,ANDAMENTO,NP_ANDAMENTOS,HANDLE
NP_PROCESSODISTRIBUICAO,PROCESSO,NP_PROCESSOS,HANDLE
NP_PROCESSODISTRIBUICAO,RESPONSAVELUSUARIO,Z_GRUPOUSUARIOS,HANDLE
NP_PROCESSODOCUMENTOS,PROCESSO,NP_PROCESSOS,HANDLE
NP_PROCESSODOCUMENTOS,ORIGEM,STATUS,HANDLE
NP_PROCESSOPARTICIPANTES,CONDICAO,NP_CONDICAOPARTES,HANDLE
NP_PROCESSOPARTICIPANTES,PARTICIPANTE,GN_PESSOAS,HANDLE
NP_PROCESSOPARTICIPANTES,PROCESSO,NP_PROCESSOS,HANDLE
NP_PROCESSOS,PROTOCOLOANS,ANS,HANDLE
NP_PROCESSOS,NATUREZA,NP_NATUREZAS,HANDLE
NP_PROCESSOS,UF,ESTADOS,HANDLE
NP_PROCESSOS,RESPONSAVEL,Z_GRUPOUSUARIOS,HANDLE
NP_PROCESSOS,MUNICIPIO,MUNICIPIOS,HANDLE
NP_PROCESSOS,DESCPROCEDIMENTO,NP_MATERIAIS,HANDLE
NP_PROCESSOS,UFNIP,ESTADOS,HANDLE
NP_PROCESSOS,DEMANDAPRINCIPAL,NP_PROCESSOS,HANDLE
NP_PROCESSOS,ESPECIALIDADE,NP_ESPECIALIDADES,HANDLE
NP_PROCESSOS,PLANO,NP_MEDICAMENTOS,HANDLE
NP_PROCESSOS,ARQUIVADA,NP_ESPECIALIDADES,HANDLE
NP_PROCMATERIAIS,PROCESSO,MATERIAIS,HANDLE
NP_PROVIDENCIASGERADAS,RESPONSAVELPAPEL,Z_WFPAPEIS,HANDLE
NP_PROVIDENCIASGERADAS,RESPONSAVEL,GN_PESSOAS,HANDLE
NP_PROVIDENCIASGERADAS,PROCESSOANDAMENTO,NP_PROCESSOANDAMENTOS,HANDLE
NP_PROVIDENCIASGERADAS,PROCESSO,NP_PROCESSOS,HANDLE
NP_PROVIDENCIASGERADAS,PROVIDENCIA,NP_PROVIDENCIAS,HANDLE
NP_PROVIDENCIASGERADAS,USUARIOSOLICITANTE,Z_GRUPOUSUARIOS,HANDLE
NT_CONFIGURACOES,PRAZO,Z_WFPAPEIS,HANDLE
NT_CONFIGURACOES,TITULOCOMPLEMENTO,Z_CAMPOS,HANDLE
NT_TAREFACATEGORIAS,CATEGORIA,PR_CATEGORIAS,HANDLE
NT_TAREFACATEGORIAS,PAPELRESPONSAVEL,Z_WFPAPEIS,HANDLE
PI_BUSCAREGISTRO,REQUERENTE,GN_PESSOAS,HANDLE
PI_BUSCAREGISTRO,ASSINADOPOR,GN_PESSOAS,HANDLE
PI_COLIDENCIAPARTICIPANTES,COLIDENCIA,PI_PROPRIEDADECOLIDENCIAS,HANDLE
PI_COLIDENCIAPARTICIPANTES,PARTICIPANTE,GN_PESSOAS,HANDLE
PI_COLIDENCIAPARTICIPANTES,CONDICAO,PI_CONDICOESPARTICIPANTES,HANDLE
PI_COLIDENCIAPARTICIPANTES,PRINCIPAL,OBSERVACOES,HANDLE
PI_CONFIGURACOES,UNIDADE18,Z_CAMPOS,HANDLE
PI_CONFIGURACOES,REFERENCIA1,Z_CAMPOS,HANDLE
PI_CONFIGURACOES,REFERENCIA2,Z_CAMPOS,HANDLE
PI_CONFIGURACOES,REFERENCIA3,Z_CAMPOS,HANDLE
PI_CONFIGURACOES,REFERENCIA4,Z_CAMPOS,HANDLE
PI_CONFIGURACOES,REFERENCIA12,Z_CAMPOS,HANDLE
PI_CONFIGURACOES,REFERENCIA14,Z_CAMPOS,HANDLE
PI_CONFIGURACOES,REFERENCIA19,Z_CAMPOS,HANDLE
PI_CONFIGURACOES,REFERENCIA6,Z_CAMPOS,HANDLE
PI_CONFIGURACOES,REFERENCIA5,Z_CAMPOS,HANDLE
PI_CONFIGURACOES,REFERENCIA7,Z_CAMPOS,HANDLE
PI_CONFIGURACOES,REFERENCIA8,Z_CAMPOS,HANDLE
PI_CONTRATOAVERBACOES,CLIENTE,GN_PESSOAS,HANDLE
PI_CONTRATOAVERBACOES,LICENCIANTE,GN_PESSOAS,HANDLE
PI_CONTRATOAVERBACOES,LICENCIADO,GN_PESSOAS,HANDLE
PI_DESENHOINDUSTRIALNACIONAL,EMPRESA,EMPRESAS,HANDLE
PI_DESENHOINDUSTRIALNACIONAL,TITULAR,GN_PESSOAS,HANDLE
PI_DESENHOINDUSTRIALNACIONAL,INTERESSADO,GN_PESSOAS,HANDLE
PI_DESENHOINDUSTRIALNACIONAL,CORRESPONDENTE,GN_PESSOAS,HANDLE
PI_DESENHOINDUSTRIALNACIONAL,AGENTE,GN_PESSOAS,HANDLE
PI_DESENHOINDUSTRIALNACIONAL,PAISORIGEM,PAISES,HANDLE
PI_DESENHOPROVIDENCIAS,RESPONSAVELPAPEL,Z_WFPAPEIS,HANDLE
PI_DESENHOPROVIDENCIAS,CANCELADOPOR,Z_GRUPOUSUARIOS,HANDLE
PI_DESENHOPROVIDENCIAS,PROVIDENCIA,PI_PROVIDENCIAS,HANDLE
PI_DIREITOAUTORALANDAMENTOS,PI_DIREITOSAUTORAIS,OBSERVACOES,HANDLE
PI_DIREITOAUTORALDOCUMENTOS,DIREITOAUTORAL,PI_DIREITOSAUTORAIS,HANDLE
PI_DIREITOAUTORALPARTICIPANTES,DIREITOAUTORAL,PI_DIREITOSAUTORAIS,HANDLE
PI_DIREITOSAUTORAIS,EMPRESA,EMPRESAS,HANDLE
PI_DIREITOSAUTORAIS,CONCESSAO,OBSERVACOES,HANDLE
PI_DOMINIOID,NOMEPESSOA,GN_PESSOAS,HANDLE
PI_DOMINIOID,DOMINIO,PI_DOMINIOS,HANDLE
PI_DOMINIOID,PAIS,PAISES,HANDLE
PI_DOMINIOID,ESTADO,ESTADOS,HANDLE
PI_DOMINIOID,MUNICIPIO,MUNICIPIOS,HANDLE
PI_DOMINIOS,EMPRESA,EMPRESAS,HANDLE
PI_DOMINIOS,REPONSAVELDOMINIO,GN_PESSOAS,HANDLE
PI_DOMINIOS,PAIS,PAISES,HANDLE
PI_DOMINIOS,ESTADO,ESTADOS,HANDLE
PI_DOMINIOS,MUNICIPIO,MUNICIPIOS,HANDLE
PI_DOMINIOSERVIDORES,DOMINIO,PI_DOMINIOS,HANDLE
PI_DOMINIOSERVIDORES,SERVIDORDNS,DNS,HANDLE
PI_INPI,IMPORTACAOREVISTAS,PI_IMPORTACAOREVISTAS,HANDLE
PI_NOTIFICACAODOCUMENTOS,NOTIFICACAO,PI_NOTIFICACOESEXTRAJUDICIAIS,HANDLE
PI_NOTIFICACAOEVENTOS,EVENTO,PI_EVENTOS,HANDLE
PI_NOTIFICACAOIMAGENS,NOTIFICACAO,PI_NOTIFICACOESEXTRAJUDICIAIS,HANDLE
PI_NOTIFICACAOPROVIDENCIAS,RESPONSAVEL,GN_PESSOAS,HANDLE
PI_NOTIFICACAOPROVIDENCIAS,NOTIFICACAO,PI_NOTIFICACOESEXTRAJUDICIAIS,HANDLE
PI_NOTIFICACAOPROVIDENCIAS,EVENTO,PI_NOTIFICACAOEVENTOS,HANDLE
PI_NOTIFICACAOPROVIDENCIAS,PROVIDENCIA,PI_PROVIDENCIAS,HANDLE
PI_NOTIFICACAOPROVIDENCIAS,RESPONSAVELPAPEL,Z_WFPAPEIS,HANDLE
PI_NOTIFICACAOPROVIDENCIAS,CANCELADOPOR,Z_GRUPOUSUARIOS,HANDLE
PI_NOTIFICACOESEXTRAJUDICIAIS,EMPRESA,EMPRESAS,HANDLE
PI_NOTIFICACOESEXTRAJUDICIAIS,RESPONSAVEL,GN_PESSOAS,HANDLE
PI_PATENTEANUIDADES,PATENTE,PI_PATENTESNACIONAIS,HANDLE
PI_PATENTEDOCUMENTOS,PATENTE,PI_PATENTESNACIONAIS,HANDLE
PI_PATENTEPARTICIPANTES,PATENTE,PI_PATENTESNACIONAIS,HANDLE
PI_PATENTEPRIORIDADES,PATENTE,PI_PATENTESNACIONAIS,HANDLE
PI_PATENTEPROVIDENCIAS,PATENTE,PI_PATENTESNACIONAIS,HANDLE
PI_PATENTEPROVIDENCIAS,PROVIDENCIA,PI_PROVIDENCIAS,HANDLE
PI_PATENTEPROVIDENCIAS,SOLICITANTE,GN_PESSOAS,HANDLE
PI_PATENTEPROVIDENCIAS,CUMPRIDOPOR,Z_GRUPOUSUARIOS,HANDLE
PI_PATENTEPROVIDENCIAS,RESPONSAVELPAPEL,Z_WFPAPEIS,HANDLE
PI_PATENTEPROVIDENCIAS,EVENTO,PI_EVENTOS,HANDLE
PI_PATENTESINTEREVENTOS,TITULAR,GN_PESSOAS,HANDLE
PI_PATENTESINTEREVENTOS,INTERESSADO,GN_PESSOAS,HANDLE
PI_PATENTESINTEREVENTOS,CORRESPONDENTE,GN_PESSOAS,HANDLE
PI_PATENTESINTEREVENTOS,AGENTE,GN_PESSOAS,HANDLE
PI_PATENTESINTEREVENTOS,PAISDEPOSITO,PAISES,HANDLE
PI_PATENTESINTEREVENTOS,EMPRESA,EMPRESAS,HANDLE
PI_PATENTESINTEREVENTOS,TIPOPROCESSO,PI_TIPOSPROCESSOS,HANDLE
PI_PATENTESINTEREVENTOS,ESCRITORIORESPONSAVEL,GN_PESSOAS,HANDLE
PI_PATENTESINTEREVENTOS,PROVIDENCIARESPONSAVEL,GN_PESSOAS,HANDLE
PI_PATENTESINTEREVENTOS,PROVIDENCIAPAPELRESPONSAVEL,Z_WFPAPEIS,HANDLE
PI_PATENTESINTEREVENTOS,PROVIDENCIATIPO,PI_PROVIDENCIAS,HANDLE
PI_PATENTESINTEREVENTOS,PATENTE,PI_PATENTESINTERNACIONAIS,HANDLE
PI_PATENTESINTEREVENTOS,PROVIDENCIA,PI_PROVIDENCIAS,HANDLE
PI_PATENTESINTERPARTICIPANTES,PATENTE,PI_PATENTESINTERNACIONAIS,HANDLE
PI_PATENTESINTERPRIORIDADES,PATENTE,PI_PATENTESINTERNACIONAIS,HANDLE
PI_PATENTESINTERPROVIDENCIAS,RESPONSAVELPAPEL,Z_WFPAPEIS,HANDLE
PI_PATENTESINTERPROVIDENCIAS,CUMPRIDOPOR,Z_GRUPOUSUARIOS,HANDLE
PI_PATENTESINTERPROVIDENCIAS,SOLICITANTE,GN_PESSOAS,HANDLE
PI_PATENTESNACIONAIS,EMPRESA,EMPRESAS,HANDLE
PI_PATENTESNACIONAIS,TIPOPROCESSO,PI_TIPOSPROCESSOS,HANDLE
PI_PATENTESNACIONAIS,TITULAR,GN_PESSOAS,HANDLE
PI_PATENTESNACIONAIS,INTERESSADO,GN_PESSOAS,HANDLE
PI_PATENTESNACIONAIS,CORRESPONDENTE,GN_PESSOAS,HANDLE
PI_PATENTESNACIONAIS,AGENTE,GN_PESSOAS,HANDLE
PI_PATENTESNACIONAIS,PAISORIGEM,PAISES,HANDLE
PI_PATENTESNACIONAIS,AREA,PR_DEPARTAMENTOS,HANDLE
PI_PATENTESNACIONAIS,DIVISAO,PR_DEPARTAMENTODIVISOES,HANDLE
PI_PATENTESNACIONAIS,PROVIDENCIARESPONSAVEL,GN_PESSOAS,HANDLE
PI_PATENTESNACIONAIS,PROVIDENCIAPAPELRESPONSAVEL,Z_WFPAPEIS,HANDLE
PI_PATENTESNACIONAIS,PROVIDENCIATIPO,PI_PROVIDENCIAS,HANDLE
PI_PROPRIEDADECOLIDENCIAS,MOTIVO,PI_ENCERRAMENTOCOLIDENCIAS,HANDLE
PI_PROPRIEDADECOLIDENCIAS,DECISAO,PI_DECISOESCOLIDENCIAS,HANDLE
PI_PROPRIEDADECOLIDENCIAS,DEPOSITO1,PI_PROPRIEDADESNACIONAIS,HANDLE
PI_PROPRIEDADECOLIDENCIAS,PROPRIEDADE1,PI_PROPRIEDADESNACIONAIS,HANDLE
PI_PROPRIEDADECOLIDENCIAS,PROCESSO1,PI_PROPRIEDADESNACIONAIS,HANDLE
PI_PROPRIEDADECOLIDENCIAS,PROPRIEDADE2,PI_PROPRIEDADESNACIONAIS,HANDLE
PI_PROPRIEDADECOLIDENCIAS,PROCESSO2,PI_PROPRIEDADESNACIONAIS,HANDLE
PI_PROPRIEDADECOLIDENCIAS,PROPRIEDADE,PI_PROPRIEDADESNACIONAIS,HANDLE
PI_PROPRIEDADEEVENTOS,DESPACHO,PI_DESPACHOS,HANDLE
PI_PROPRIEDADEINTEREVENTOS,EVENTO,PI_EVENTOS,HANDLE
PI_PROPRIEDADEINTERIMAGENS,PROPRIEDADE,PI_PROPRIEDADESINTERNACIONAIS,HANDLE
PI_PROPRIEDADEINTERPRIORIDADES,PROPRIEDADE,PI_PROPRIEDADESINTERNACIONAIS,HANDLE
PI_PROPRIEDADEINTERPROVIDENCIA,PROPRIEDADE,PI_PROPRIEDADESINTERNACIONAIS,HANDLE
PI_PROPRIEDADEINTERPROVIDENCIA,PROVIDENCIA,PI_PROVIDENCIAS,HANDLE
PI_PROPRIEDADEINTERPROVIDENCIA,SOLICITANTE,GN_PESSOAS,HANDLE
PI_PROPRIEDADEINTERPROVIDENCIA,CUMPRIDOPOR,Z_GRUPOUSUARIOS,HANDLE
PI_PROPRIEDADEINTERPROVIDENCIA,RESPONSAVELPAPEL,Z_WFPAPEIS,HANDLE
PI_PROPRIEDADEPRIORIDADES,PROPRIEDADE,PI_PROPRIEDADESNACIONAIS,HANDLE
PI_PROPRIEDADEPROVIDENCIAS,PROPRIEDADE,PI_PROPRIEDADESNACIONAIS,HANDLE
PI_PROPRIEDADEPROVIDENCIAS,PROVIDENCIA,PI_PROVIDENCIAS,HANDLE
PI_PROPRIEDADEPROVIDENCIAS,SOLICITANTE,GN_PESSOAS,HANDLE
PI_PROPRIEDADEPROVIDENCIAS,CUMPRIDOPOR,Z_GRUPOUSUARIOS,HANDLE
PI_PROPRIEDADEPROVIDENCIAS,RESPONSAVELPAPEL,Z_WFPAPEIS,HANDLE
PI_PROPRIEDADESINTERNACIONAIS,EMPRESA,EMPRESAS,HANDLE
PI_PROPRIEDADESINTERNACIONAIS,PAISDEPOSITO,PAISES,HANDLE
PI_PROPRIEDADESINTERNACIONAIS,PAISORIGEM,PAISES,HANDLE
PI_PROPRIEDADESINTERNACIONAIS,ESCRITORIOINTERNACIONAL,GN_PESSOAS,HANDLE
PI_PROPRIEDADESINTERNACIONAIS,PROPRIEDADE,PI_PROPRIEDADES,HANDLE
PI_PROPRIEDADESINTERNACIONAIS,TITULAR,GN_PESSOAS,HANDLE
PI_PROPRIEDADESINTERNACIONAIS,ADVOGADO,GN_PESSOAS,HANDLE
PI_PROPRIEDADESINTERNACIONAIS,AGENTE,GN_PESSOAS,HANDLE
PI_PROPRIEDADESINTERNACIONAIS,PROVIDENCIARESPONSAVEL,GN_PESSOAS,HANDLE
PI_PROPRIEDADESINTERNACIONAIS,PROVIDENCIAPAPELRESPONSAVEL,Z_WFPAPEIS,HANDLE
PI_PROPRIEDADESINTERNACIONAIS,PROVIDENCIATIPO,PI_PROVIDENCIAS,HANDLE
PI_PROPRIEDADESNACIONAIS,PAISDEPOSITO,PAISES,HANDLE
PI_PROPRIEDADESNACIONAIS,PAISORIGEM,PAISES,HANDLE
PI_PROPRIEDADESNACIONAIS,PROPRIEDADECONFLITANTE,PI_PROPRIEDADESNACIONAIS,HANDLE
PI_PROPRIEDADESNACIONAIS,PROPRIEDADE,PI_PROPRIEDADES,HANDLE
PI_PROPRIEDADESNACIONAIS,INTERESSADO,GN_PESSOAS,HANDLE
PI_PROPRIEDADESNACIONAIS,TITULAR,GN_PESSOAS,HANDLE
PI_PROPRIEDADESNACIONAIS,CORRESPONDENTE,GN_PESSOAS,HANDLE
PI_PROPRIEDADESNACIONAIS,AGENTE,GN_PESSOAS,HANDLE
PI_PROPRIEDADESNACIONAIS,EMPRESA,EMPRESAS,HANDLE
PI_PROPRIEDADESNACIONAIS,IN51SUB1,PI_TABELAINPICLASSIFICACOES,HANDLE
PI_PROPRIEDADESNACIONAIS,IN51SUB2,PI_TABELAINPICLASSIFICACOES,HANDLE
PI_PROPRIEDADESNACIONAIS,IN51SUB3,PI_TABELAINPICLASSIFICACOES,HANDLE
PI_PROPRIEDADESNACIONAIS,PROCURADOR,GN_PESSOAS,HANDLE
PI_PROPRIEDADESNACIONAIS,PROVIDENCIARESPONSAVEL,GN_PESSOAS,HANDLE
PI_PROPRIEDADESNACIONAIS,PROVIDENCIAPAPELRESPONSAVEL,Z_WFPAPEIS,HANDLE
PI_PROPRIEDADESNACIONAIS,PROVIDENCIATIPO,PI_PROVIDENCIAS,HANDLE
PR_ASSOCIACAOAVALIACOESGESTAO,ANDAMENTO,PR_EVENTOS,HANDLE
PR_ASSOCIARAVALIACAOAUDIENCIA,ANDAMENTO,PR_EVENTOS,HANDLE
PR_ASSOCIARAVALIACAOAUDIENCIA,AVALIACAO,PR_AVALIACOESAUDIENCIA,HANDLE
PR_ATUALIZACAOCAMPOSCLIENTE,CAMPOVALORORIGINAL,Z_CAMPOS,HANDLE
PR_ATUALIZACAOCAMPOSCLIENTE,CAMPOVALORATUALIZADO,Z_CAMPOS,HANDLE
PR_ATUALIZACAOCAMPOSCLIENTE,CAMPOVALORDOLAR,Z_CAMPOS,HANDLE
PR_ATUALIZACAOCAMPOSCLIENTE,CAMPOVALORDOLARATUALIZADO,Z_CAMPOS,HANDLE
PR_ATUALIZACAOCAMPOSCLIENTE,Campo,Z_CAMPOS,HANDLE
PR_ATUALIZACAOCAMPOSCLIENTE,Campo,Z_CAMPOS,HANDLE
PR_ATUALIZACAOCAMPOSCLIENTE,CAMPOATUALIZADOATE,Z_CAMPOS,HANDLE
PR_ATUALIZACAOCAMPOSCLIENTE,FILTRO,Z_FILTROS,HANDLE
PR_ATUALIZACAOCAMPOSCLIENTE,CAMPOLIGACAOPROCESSOS,Z_CAMPOS,HANDLE
PR_AVALIACAOAUDIENCIATESTEMUNH,TESTEMUNHA,GN_PESSOAS,HANDLE
PR_AVALIACAOAUDIENCIATESTEMUNH,ENTREVISTADOR,GN_PESSOAS,HANDLE
PR_AVALIACAOAUDIENCIATESTEMUNH,AUDIENCIA,PR_PROCESSOEVENTOS,HANDLE
PR_AVALIACAOINDICADORES,AVALIACAO,PR_AVALIACOES,HANDLE
PR_AVALIACAOINDICADORES,CATEGORIA,PR_CATEGORIAS,HANDLE
PR_AVALIACAOINDICADORESMANUAIS,AVALIACAO,PR_AVALIACAOINDICADORES,HANDLE
PR_AVALIACAOPOSAUDIENCIA,TESTEMUNHAAVALIACAO,GN_PESSOAS,HANDLE
PR_AVALIACOES,INCLUIDOPOR,Z_GRUPOUSUARIOS,HANDLE
PR_AVALIACOES,ALTERADOPOR,Z_GRUPOUSUARIOS,HANDLE
PR_AVALIACOESAUDIENCIA,AUDIENCIA,PR_PROCESSOEVENTOS,HANDLE
PR_AVALIACOESPEDIDOGESTAO,AVALIACAOGESTAOHANDLE,PR_AVALIACOESGESTAO,HANDLE
PR_AVALIACOESPEDIDOGESTAO,TIPOPEDIDOHANDLE,PR_PEDIDOS,HANDLE
PR_BEMTIPOS,BEM,PR_BENS,HANDLE
PR_BEMTIPOS_EMPRESA,TIPOBEM,PR_BEMTIPOS,HANDLE
PR_BEMTIPOS_EMPRESA,CONTADEBITOPENHORA,FN_CONTAS,HANDLE
PR_BLOQUEIOVALORESHISTORICOS,PROCESSO,PR_PROCESSOS,HANDLE
PR_CADASTRORAPIDOPASTA,PEDIDO1,PR_PEDIDOS,HANDLE
PR_CADASTRORAPIDOPASTA,PEDIDO2,PR_PEDIDOS,HANDLE
PR_CADASTRORAPIDOPASTA,EVENTO1,PR_EVENTOS,HANDLE
PR_CADASTRORAPIDOPASTA,EVENTO2,PR_EVENTOS,HANDLE
PR_CADASTRORAPIDOPASTA,EVENTO3,PR_EVENTOS,HANDLE
PR_CADASTRORAPIDOPASTA,EVENTO4,PR_EVENTOS,HANDLE
PR_CADASTRORAPIDOPASTA,LOCALIZACAO,GN_ARQUIVOSFISICOS,HANDLE
PR_CADASTRORAPIDOPASTA,LOCALEXTERNOEMPRESA,EMPRESAS,HANDLE
PR_CADASTRORAPIDOPASTA,LOCALEXTERNOFILIAL,FILIAIS,HANDLE
PR_CADASTRORAPIDOPASTA,LOCALEXTERNODEPARTAMENTO,PR_DEPARTAMENTOS,HANDLE
PR_CADASTRORAPIDOPASTA,LOCALEXTERNODIVISAO,PR_DEPARTAMENTODIVISOES,HANDLE
PR_CADASTRORAPIDOPASTA,LOCALEXTERNO,GN_PESSOAS,HANDLE
PR_CADASTRORAPIDOPASTA,RESPONSAVELLOCAL,GN_PESSOAS,HANDLE
PR_CADASTRORAPIDOPASTA,RISCO,PR_RISCOS,HANDLE
PR_CADASTRORAPIDOPASTA,FAIXAIMPACTOECONOMICO,PR_INSTANCIAS,HANDLE
PR_CADASTRORAPIDOPASTA,RITO,PR_RITOS,HANDLE
PR_CADASTRORAPIDOPASTA,FASE,PR_FASES,HANDLE
PR_CADASTRORAPIDOPASTA,ORGAO,PR_COMARCAORGAOS,HANDLE
PR_CADASTRORAPIDOPASTA,UF,ESTADOS,HANDLE
PR_CADASTRORAPIDOPASTA,COMARCA,PR_ORGAOSCOMARCA,HANDLE
PR_CADASTRORAPIDOPASTA,TIPODOCUMENTO,PR_DOCUMENTOS,HANDLE
PR_CADASTRORAPIDOPASTA,JUIZODISTRIBUICAO,PR_COMARCAORGAODISTRIBUICOES,HANDLE
PR_CADASTRORAPIDOPASTA,FORO,PR_ORGAOCOMARCAFOROS,HANDLE
PR_CADASTRORAPIDOPASTA,CNPJADVERSO,PR_PEDIDOS,HANDLE
PR_CADASTRORAPIDOPASTA,RISCOPEDIDO19,PR_RISCOS,HANDLE
PR_CADASTRORAPIDOPASTA,RISCOPEDIDO20,PR_RISCOS,HANDLE
PR_CADASTRORAPIDOPASTA,RISCOPEDIDO1,PR_RISCOS,HANDLE
PR_CADASTRORAPIDOPASTA,RISCOPEDIDO2,PR_RISCOS,HANDLE
PR_CADASTRORAPIDOPASTA,RISCOPEDIDO3,PR_RISCOS,HANDLE
PR_CADASTRORAPIDOPASTA,RISCOPEDIDO4,PR_RISCOS,HANDLE
PR_CADASTRORAPIDOPASTA,RISCOPEDIDO5,PR_RISCOS,HANDLE
PR_CADASTRORAPIDOPASTA,TIPODOCUMENTOARQUIVO1,GE_TIPODOCUMENTO,HANDLE
PR_CADASTRORAPIDOPASTA,EMPRESA,EMPRESAS,HANDLE
PR_CADASTRORAPIDOPASTA,FILIAL,FILIAIS,HANDLE
PR_CADASTRORAPIDOPASTA,UNIDADE,GN_FILIALUNIDADES,HANDLE
PR_CADASTRORAPIDOPASTA,DEPARTAMENTO,PR_DEPARTAMENTOS,HANDLE
PR_CADASTRORAPIDOPASTA,DIVISAO,PR_DEPARTAMENTODIVISOES,HANDLE
PR_CADASTRORAPIDOPASTA,CATEGORIA,PR_CATEGORIAS,HANDLE
PR_CADASTRORAPIDOPASTA,ASSUNTO,PR_CATEGORIATIPOACAOASSUNTOS,HANDLE
PR_CADASTRORAPIDOPASTA,MOTIVORELEVANCIA,PR_MOTIVORELEVANCIAPROCESSO,HANDLE
PR_CADASTRORAPIDOPASTA,UFORGAOREGULAMENTADOR,ESTADOS,HANDLE
PR_CADASTRORAPIDOPASTA,CONSELHO,PR_CONSELHOS,HANDLE
PR_CADASTRORAPIDOPASTA,PROFISSAO,PR_PROFISSOES,HANDLE
PR_CADASTRORAPIDOPASTA,ADVOGADOADVERSO,GN_PESSOAS,HANDLE
PR_CADASTRORAPIDOPASTA,CLASSELOTE2,GN_PESSOAS,HANDLE
PR_CADASTRORAPIDOPASTA,CONDICAOLOTE2,PR_PARTEQUALIFICACAO,HANDLE
PR_CADASTRORAPIDOPASTA,CONDICAOLOTE1,PR_PARTEQUALIFICACAO,HANDLE
PR_CADASTRORAPIDOPASTA,INCLUIDOPOR,Z_GRUPOUSUARIOS,HANDLE
PR_CADASTRORAPIDOPASTA,PASTAGERADA,PR_PROCESSOS,HANDLE
PR_CADASTRORAPIDOPASTA,ARQUIVOCAPTURA,Z_ARQUIVOSTEMPORARIOS,HANDLE
PR_CADASTRORAPIDOPASTA,RISCOPEDIDO14,PR_RISCOS,HANDLE
PR_CADASTRORAPIDOPASTA,RISCOPEDIDO15,PR_RISCOS,HANDLE
PR_CADASTRORAPIDOPASTA,RISCOPEDIDO16,PR_RISCOS,HANDLE
PR_CADASTRORAPIDOPASTA,RISCOPEDIDO17,PR_RISCOS,HANDLE
PR_CADASTRORAPIDOPASTA,RISCOPEDIDO18,PR_RISCOS,HANDLE
PR_CADASTRORAPIDOPASTA,CONTADISTRIBUICAOPASTAS,PR_CFGDISTRIBUICAOPASTAS,HANDLE
PR_CADASTRORAPIDOPASTA,CAUSARAIZ,PR_CAUSARAIZ,HANDLE
PR_CADASTRORAPIDOPASTA,INICIOCOMPUTOJUROS,GN_PESSOAS,HANDLE
PR_CADASTRORAPIDOPASTA,PARTICIPANTE3,GN_PESSOAS,HANDLE
PR_CADASTRORAPIDOPASTA,PARTICIPANTE4,GN_PESSOAS,HANDLE
PR_CADASTRORAPIDOPASTA,PARTICIPANTE5,GN_PESSOAS,HANDLE
PR_CADASTRORAPIDOPASTA,CONDICAO1,PR_PARTEQUALIFICACAO,HANDLE
PR_CADASTRORAPIDOPASTA,CONDICAO2,PR_PARTEQUALIFICACAO,HANDLE
PR_CADASTRORAPIDOPASTA,CONDICAO3,PR_PARTEQUALIFICACAO,HANDLE
PR_CADASTRORAPIDOPASTA,CONDICAO4,PR_PARTEQUALIFICACAO,HANDLE
PR_CADASTRORAPIDOPASTA,ADVOGADOEXTERNO,GN_PESSOAS,HANDLE
PR_CADASTRORAPIDOPASTA,ADVOGADOINTERNO,GN_PESSOAS,HANDLE
PR_CADASTRORAPIDOPASTA,RISCOPEDIDO6,PR_RISCOS,HANDLE
PR_CADASTRORAPIDOPASTA,RISCOPEDIDO7,PR_RISCOS,HANDLE
PR_CADASTRORAPIDOPASTA,RISCOPEDIDO8,PR_RISCOS,HANDLE
PR_CADASTRORAPIDOPASTA,PEDIDO9,PR_PEDIDOS,HANDLE
PR_CADASTRORAPIDOPASTA,RISCOPEDIDO9,PR_RISCOS,HANDLE
PR_CADASTRORAPIDOPASTA,RISCOPEDIDO10,PR_RISCOS,HANDLE
PR_CADASTRORAPIDOPASTA,RISCOPEDIDO11,PR_RISCOS,HANDLE
PR_CADASTRORAPIDOPASTA,RISCOPEDIDO12,PR_RISCOS,HANDLE
PR_CADASTRORAPIDOPASTA,RISCOPEDIDO13,PR_RISCOS,HANDLE
PR_CADASTRORAPIDOPASTA,EVENTO11,PR_EVENTOS,HANDLE
PR_CADASTRORAPIDOPASTA,ANDAMENTO18,PR_EVENTOS,HANDLE
PR_CADASTRORAPIDOPASTA,EVENTO12,PR_EVENTOS,HANDLE
PR_CADASTRORAPIDOPASTA,EVENTO17,PR_EVENTOS,HANDLE
PR_CADASTRORAPIDOPASTA,EVENTO9,PR_EVENTOS,HANDLE
PR_CADASTRORAPIDOPASTA,PRODUTO,PR_PRODUTOITENS,HANDLE
PR_CADASTRORAPIDOPASTA,EVENTO15,PR_EVENTOS,HANDLE
PR_CADASTRORAPIDOPASTA,EVENTO18,PR_EVENTOS,HANDLE
PR_CADASTRORAPIDOPASTA,EVENTO6,PR_EVENTOS,HANDLE
PR_CADASTRORAPIDOPASTAVINCULO,FASE,PR_FASES,HANDLE
PR_CADASTRORAPIDOPASTAVINCULO,INCLUIDOPOR,Z_GRUPOUSUARIOS,HANDLE
PR_CADASTRORAPIDOPASTAVINCULO,DESDOBRAMENTOGERADO,PR_PROCESSODESDOBRAMENTOS,HANDLE
PR_CADASTRORAPIDOPASTAVINCULO,INSTANCIA,PR_INSTANCIAS,HANDLE
PR_CADASTRORAPIDOPASTAVINCULO,FILIAL,FILIAIS,HANDLE
PR_CADASTRORAPIDOPASTAVINCULO,TIPODOCUMENTO,PR_DOCUMENTOS,HANDLE
PR_CADASTRORAPIDOPASTAVINCULO,DESDOBRAMENTO,PR_DESDOBRAMENTOS,HANDLE
PR_CADASTRORAPIDOPASTAVINCULO,ADVERSOPRINCIPAL,GN_PESSOAS,HANDLE
PR_CADASTRORAPIDOPASTAVINCULO,UF,ESTADOS,HANDLE
PR_CADASTRORAPIDOPASTAVINCULO,RITO,PR_RITOS,HANDLE
PR_CADASTRORAPIDOPASTAVINCULO,PASTA,PR_PROCESSOS,HANDLE
PR_CADASTRORAPIDOPASTAVINCULO,ORGAO,PR_COMARCAORGAOS,HANDLE
PR_CADASTRORAPIDOPASTAVINCULO,DISTRITO,PR_DISTRITOSPOLICIAIS,HANDLE
PR_CADASTRORAPIDOPASTAVINCULO,JUIZO,PR_COMARCAORGAODISTRIBUICOES,HANDLE
PR_CADASTRORAPIDOPASTAVINCULO,PROCESSOPRINCIPAL,PR_PROCESSOS,HANDLE
PR_CADASTRORAPIDOPASTAVINCULO,CATEGORIA,PR_CATEGORIAS,HANDLE
PR_CATEGORIACAUSARAIZ,Z_GRUPO,PR_CAUSARAIZ,HANDLE
PR_CATEGORIAINDICADORES,CATEGORIA,GN_PESSOACATEGORIAS,HANDLE
PR_CATEGORIAINDICADORES,INDICADORMANUAL,PR_INDICADORES,HANDLE
PR_CATEGORIAINDICADORES,AVALIADOPOR,Z_GRUPOUSUARIOS,HANDLE
PR_CATEGORIAOBJETODEPOSITOATU,CATEGORIA,PR_CATEGORIAS,HANDLE
PR_CATEGORIAOBJETODEPOSITOATU,CATEGORIAOBJETO,PR_CATEGORIAOBJETODEPOSITO,HANDLE
PR_CATEGORIAOBJETODEPOSITOATU,OBJETO,PR_OBJETODEPOSITOS,HANDLE
PR_CATEGORIAOBJETODEPOSITOATU,MOEDA,GN_MOEDAS,HANDLE
PR_CATEGORIAOBJETODEPOSITOATU,CRITERIO,GN_CRITERIOS,HANDLE
PR_CATEGORIAPREDICOES,CATEGORIA,PR_CATEGORIAS,HANDLE
PR_CATEGORIARESPONSAVEIS,CATEGORIA,PR_CATEGORIAS,HANDLE
PR_CATEGORIARESPONSAVEIS,PESSOA,GN_PESSOAS,HANDLE
PR_CATEGORIAS,RAMOPROCESSUAL,PR_RAMOSPROCESSUAIS,HANDLE
PR_CATEGORIAS,CALCULAINSS,INSS,HANDLE
PR_CATEGORIAS,MOEDA,GN_MOEDAS,HANDLE
PR_CATEGORIAS,CRITERIO,GN_CRITERIOS,HANDLE
PR_CATEGORIAS,UTILIZARENCERRAMENTOPASTA,PR_RISCOS,HANDLE
PR_CATEGORIAS,PAPELPARAINCONSISTENCIAS,Z_WFPAPEIS,HANDLE
PR_CATEGORIAS,PAPELAPROVACAOTECNICA,Z_WFPAPEIS,HANDLE
PR_CATEGORIAS,PARAMETRIZACAOCAMPOS,PR_PARAMETRIZACAOCATEGORIAS,HANDLE
PR_CATEGORIAS,PAPELPARAPAGAMENTO,Z_WFPAPEIS,HANDLE
PR_CATEGORIAS,ORGANOGRAMAALCADAVALORES,Z_WFGRUPOS,HANDLE
PR_CATEGORIAS,ORGANOGRAMAALCADAVALORESS,Z_WFGRUPOS,HANDLE
PR_CATEGORIAS,ORGANOGRAMACONTRATACAOSG,Z_WFGRUPOS,HANDLE
PR_CATEGORIAS,TIPOALCADAVALORESSG,Z_WFGRUPOS,HANDLE
PR_CATEGORIAS,TIPODOCUMENTOSOLICITACAOSG,GE_TIPODOCUMENTO,HANDLE
PR_CATEGORIAS,AMBIENTAL,R_RELATORIOS,HANDLE
PR_CATEGORIAS,PAPELRESPRECUSAHONOR,Z_WFPAPEIS,HANDLE
PR_CATEGORIAS,PAPELPREPARACAOPAGAMENTO,Z_WFPAPEIS,HANDLE
PR_CATEGORIAS,PAPELRECUSATECNICA,Z_WFPAPEIS,HANDLE
PR_CATEGORIAS,PAPELRESPONSAVELINTEGRACAO,Z_WFPAPEIS,HANDLE
PR_CATEGORIAS,PAPELRECUSAVALORES,Z_WFPAPEIS,HANDLE
PR_CATEGORIAS,PAPELANALISECALCULO,Z_WFPAPEIS,HANDLE
PR_CATEGORIAS,PAPELLIBERACAOCALCULO,Z_WFPAPEIS,HANDLE
PR_CATEGORIAS,CONTACONTABIL,FN_CONTAS,HANDLE
PR_CATEGORIAS,PAPELRESPONSAVELVALIDACAO,Z_WFPAPEIS,HANDLE
PR_CATEGORIAS,PAPELPEDIDODECOMPRA,Z_WFPAPEIS,HANDLE
PR_CATEGORIAS,IDIOMA,Z_IDIOMAS,HANDLE
PR_CATEGORIATIPOACAOASSUNTOS,CATEGORIA,PR_CATEGORIAS,HANDLE
PR_CATEGORIATIPOACAOASSUNTOS,TIPOACAO,PR_CATEGORIATIPOACOES,HANDLE
PR_CATEGORIATIPOACOES,CATEGORIA,PR_CATEGORIAS,HANDLE
PR_CFGDISTRIBUICAOPASTAS,RESPONSAVELAPROVACAO,Z_WFPAPEIS,HANDLE
PR_CFGDISTRIBUICAOPASTAS,CATEGORIAJUSTICACOMUM,PR_CATEGORIAS,HANDLE
PR_CFGDISTRIBUICAOPASTAS,CATEGORIATRABALHISTA,PR_CATEGORIAS,HANDLE
PR_CFGDISTRIBUICAOPASTAS,CATEGORIAFEDERAL,PR_CATEGORIAS,HANDLE
PR_CFGDISTRIBUICAOPASTAS,RESPONSAVELAPROVACAOTRABAL,Z_WFPAPEIS,HANDLE
PR_CFGDISTRIBUICAOPASTAS,RESPONSAVELAPROVACAOFEDERA,Z_WFPAPEIS,HANDLE
PR_CFGDISTRIBUICAOPASTAS,CATEGORIAELEITORAL,PR_CATEGORIAS,HANDLE
PR_CFGDISTRIBUICAOPASTAS,RESPONSAVELAPROVACAOELEITOR,Z_WFPAPEIS,HANDLE
PR_COMARCACIDADES,COMARCA,PR_COMARCAS,HANDLE
PR_COMARCACIDADES,PAIS,PAISES,HANDLE
PR_COMARCAORGAODISTRIBUICOES,ESTADO,ESTADOS,HANDLE
PR_COMARCAORGAODISTRIBUICOES,MUNICIPIO,MUNICIPIOS,HANDLE
PR_COMARCAORGAODISTRIBUICOES,PAIS,PAISES,HANDLE
PR_COMARCAORGAODISTRIBUICOES,ORGAO,PR_COMARCAORGAOS,HANDLE
PR_COMARCAORGAODISTRIBUICOES,COMARCA,PR_ORGAOSCOMARCA,HANDLE
PR_COMARCAORGAOS,PAIS,PAISES,HANDLE
PR_COMARCAORGAOS,MUNICIPIO,MUNICIPIOS,HANDLE
PR_COMARCAORGAOS,ESTADO,ESTADOS,HANDLE
PR_COMARCAS,PAIS,PAISES,HANDLE
PR_COMARCAS,ESTADO,ESTADOS,HANDLE
PR_CONFIGURACAORAPIDA,DEPARTAMENTO,PR_DEPARTAMENTOS,HANDLE
PR_CONFIGURACAORAPIDA,DIVISAO,PR_DEPARTAMENTODIVISOES,HANDLE
PR_CONFIGURACOES,DOLARPADRAO,GN_MOEDAS,HANDLE
PR_CONFIGURACOES,MIDIAPADRAO,BL_MIDIAS,HANDLE
PR_CONFIGURACOES,EMAILTODASCATEGORIAS,INSS,HANDLE
PR_CONFIGURACOES,TABELAPERCINSS,Z_TABELAS,HANDLE
PR_CONFIGURACOES,CAMPOPERCINSS,Z_CAMPOS,HANDLE
PR_CONFIGURACOES,CAMPOINSS,Z_CAMPOS,HANDLE
PR_CONFIGURACOES,CAMPOTRADE,Z_CAMPOS,HANDLE
PR_CONFIGURACOES,MOEDAREAL,GN_MOEDAS,HANDLE
PR_CONFIGURACOES,PROVIDENCIAPADRAOKIT,PR_PROVIDENCIAEVENTOS,HANDLE
PR_CONFIGURACOES,EUROPADRAO,GN_MOEDAS,HANDLE
PR_CONFIGURACOES,CAMPOAJUSTE,Z_CAMPOS,HANDLE
PR_CONFIGURACOES,DOCPARALOTE,GE_TIPODOCUMENTO,HANDLE
PR_CONFIGURACOES,MOTIVORELEVANCIAVALOR,PR_MOTIVORELEVANCIAPROCESSO,HANDLE
PR_CONFIGURACOES,MOTIVORELEVANCIAPARTICIPANTE,PR_MOTIVORELEVANCIAPROCESSO,HANDLE
PR_CONFIGURACOES,DOCPARAPREPOSICAO,GE_TIPODOCUMENTO,HANDLE
PR_CONFIGURACOES,DOCPARAPROCURACAO,GE_TIPODOCUMENTO,HANDLE
PR_CONFIGURACOES,AJUSTARDATALANCAMENTO,GE_TIPODOCUMENTO,HANDLE
PR_CONFIGURACOES,K9_IDENTIFICADORSISTEMA,Z_GRUPOUSUARIOS,HANDLE
PR_CONFIGURACOESAUDIENCIA,PAPELNAOINDICAR,Z_WFPAPEIS,HANDLE
PR_CONTAPREDICOES,RESPONSAVEL,Z_WFPAPEIS,HANDLE
PR_CONTASANDAMENTOS,TIPODOCUMENTO,GE_TIPODOCUMENTO,HANDLE
PR_CONTASANDAMENTOS,UTILIZACLASSIFICACAOIA,PR_RITOS,HANDLE
PR_CONTASCATEGORIAFILIAL,FILIAL,FILIAIS,HANDLE
PR_CONTASCATEGORIAFILIAL,CATEGORIA,PR_CATEGORIAS,HANDLE
PR_CONTASINTIMACOES,CATEGORIAELEITORAL,PR_CATEGORIAS,HANDLE
PR_CONTASINTIMACOES,CATEGORIAJUSTICACOMUM,PR_CATEGORIAS,HANDLE
PR_CONTASINTIMACOES,CATEGORIAFEDERAL,PR_CATEGORIAS,HANDLE
PR_CONTASPUBLICACOES,NOTIFICARADVOGADOINTERNO,Z_GRUPOUSUARIOS,HANDLE
PR_CONTASPUBLICACOESINTIMACOES,RESPONSAVEL,Z_GRUPOUSUARIOS,HANDLE
PR_CONTASPUBLICACOESINTIMACOES,SISTEMATRIBUNAL,PR_TRIBUNALINTIMACOES,HANDLE
PR_CONTASPUBLICACOESINTIMACOES,CONTA,PR_CONTASPUBLICACOES,HANDLE
PR_CONTASPUBLICACOESINTIMACOES,CRIADOPOR,Z_GRUPOUSUARIOS,HANDLE
PR_DADOSSGU,NIP,NP_PROCESSOS,HANDLE
PR_DADOSSGU,PARTICIPANTENIP,NP_PROCESSOPARTICIPANTES,HANDLE
PR_DADOSSGU,PARTICIPANTEPASTA,PR_PROCESSOPARTICIPANTES,HANDLE
PR_DADOSSGU,PASTA,PR_PROCESSOS,HANDLE
PR_DEPARTAMENTODIVISOES,DEPARTAMENTO,PR_DEPARTAMENTOS,HANDLE
PR_DEPARTAMENTORESPONSAVEIS,DEPARTAMENTO,PR_DEPARTAMENTOS,HANDLE
PR_DEPARTAMENTORESPONSAVEIS,RESPONSAVEL,GN_PESSOAS,HANDLE
PR_DEPARTAMENTOS,RESPONSAVELAPROVFINANCEIRA,GN_PESSOAS,HANDLE
PR_DEPARTAMENTOS,UNIDADE,GN_FILIALUNIDADES,HANDLE
PR_DEPARTAMENTOS,RESPONSAVELAPROVARSOLICITAC,Z_GRUPOUSUARIOS,HANDLE
PR_DEPARTAMENTOS,PAPELRESPONSAVELAPROVARSOLI,Z_WFPAPEIS,HANDLE
PR_DEPARTAMENTOS,IDIOMA,Z_IDIOMAS,HANDLE
PR_DEPARTAMENTOS,ORGANOGRAMAALCADAADITIVOS,Z_WFGRUPOS,HANDLE
PR_DEPARTAMENTOS,PRAZOTOTALSOLICITACAOADITIVO,Z_WFGRUPOS,HANDLE
PR_DEPEDIDOS,PEDIDO,PR_PEDIDOS,HANDLE
PR_DEPEDIDOS,CATEGORIA,PR_CATEGORIAS,HANDLE
PR_DEPEDIDOS,PEDIDOINTEGRACAO,IN_SERVICOCODIGOREGISTRO,HANDLE
PR_DEPEDIDOS,INCLUIDOPOR,Z_GRUPOUSUARIOS,HANDLE
PR_DEPEDIDOS,ALTERADOPOR,Z_GRUPOUSUARIOS,HANDLE
PR_DESDOBRAMENTOCATEGORIAS,CATEGORIA,PR_CATEGORIAS,HANDLE
PR_DISTRIBUICAOINFOINICIAIS,CATEGORIA,PR_CATEGORIAS,HANDLE
PR_DISTRIBUICAOINFOINICIAIS,ASSUNTO,PR_CATEGORIATIPOACAOASSUNTOS,HANDLE
PR_DISTRIBUICAOINFOINICIAIS,DESDOBRAMENTO,PR_DESDOBRAMENTOS,HANDLE
PR_DISTRIBUICAOINFOINICIAIS,INSTANCIA,PR_INSTANCIAS,HANDLE
PR_DISTRIBUICAOINFOINICIAIS,FASE,PR_FASES,HANDLE
PR_DISTRIBUICAOINFOINICIAIS,TIPODOCUMENTO,PR_DOCUMENTOS,HANDLE
PR_DISTRIBUICAOINFOINICIAIS,RISCO,PR_RISCOS,HANDLE
PR_DISTRIBUICAOINFOINICIAIS,PARTICIPANTECLIENTE,GN_PESSOAS,HANDLE
PR_DISTRIBUICAOINFOINICIAIS,CONDICAOCLIENTE,PR_PARTEQUALIFICACAO,HANDLE
PR_DISTRIBUICAOINFOINICIAIS,CONDICAOADVERSO,PR_PARTEQUALIFICACAO,HANDLE
PR_DISTRIBUICAOINFOINICIAIS,CONTADISTRIBUICAO,PR_CFGDISTRIBUICAOPASTAS,HANDLE
PR_DISTRIBUICAOINFOINICIAIS,TIPODOCUMENTODOC,GE_TIPODOCUMENTO,HANDLE
PR_DISTRIBUICAOINFOINICIAIS,RISCOPEDIDO,PR_RISCOS,HANDLE
PR_DISTRIBUICAOINFOINICIAIS,INDICE,GN_MOEDAS,HANDLE
PR_DISTRIBUICAOINFOINICIAIS,SUMARIO,PR_RITOS,HANDLE
PR_DISTRIBUICAOINFOINICIAIS,SUMARISSIMO,PR_RITOS,HANDLE
PR_DISTRIBUICAOINFOINICIAIS,ORDINARIO,PR_RITOS,HANDLE
PR_DISTRIBUICAOINFOINICIAIS,DEPARTAMENTO,PR_DEPARTAMENTOS,HANDLE
PR_DISTRIBUICAOINFOINICIAIS,DIVISAO,PR_DEPARTAMENTODIVISOES,HANDLE
PR_DISTRIBUICAOINFOINICIAIS,FILIAL,FILIAIS,HANDLE
PR_DISTRIBUICAOINFOINICIAIS,UNIDADE,GN_FILIALUNIDADES,HANDLE
PR_DISTRIBUICAOINFOINICIAIS,RESPONSAVEL,Z_WFPAPEIS,HANDLE
PR_DISTRIBUICAOINFOINICIAIS,ADVOGADOINTERNO,GN_PESSOAS,HANDLE
PR_DISTRIBUICAOINFOINICIAIS,ESCRITORIO,GN_PESSOAS,HANDLE
PR_DISTRIBUICAOINFOINICIAIS,AUDIENCIASUMARIO,PR_CAUSARAIZ,HANDLE
PR_DISTRIBUICAOINFOINICIAIS,AUDIENCIASUMARISSIMO,PR_EVENTOS,HANDLE
PR_DISTRIBUICAOINFOINICIAIS,AUDIENCIAORDINARIO,PR_EVENTOS,HANDLE
PR_DISTRIBUICAOINFOINICIAIS,CONDICAOMAGISTRADO,PRODUTOS,HANDLE
PR_DISTRITOSPOLICIAIS,COMARCA,PR_ORGAOSCOMARCA,HANDLE
PR_DOMICILIOINFOINICIAIS,ASSUNTO,PR_CATEGORIATIPOACAOASSUNTOS,HANDLE
PR_DOMICILIOINFOINICIAIS,DEPARTAMENTO,PR_DEPARTAMENTOS,HANDLE
PR_DOMICILIOINFOINICIAIS,INDICE,GN_MOEDAS,HANDLE
PR_DOMICILIOINFOINICIAIS,TIPODOCUMENTODOC,GE_TIPODOCUMENTO,HANDLE
PR_DOMICILIOINFOINICIAIS,PEDIDO,PR_PEDIDOS,HANDLE
PR_DOMICILIOINFOINICIAIS,CONDICAOADVERSO,PR_PARTEQUALIFICACAO,HANDLE
PR_DOMICILIOINFOINICIAIS,FASE,PR_FASES,HANDLE
PR_DOMICILIOINFOINICIAIS,CONTA,PR_CONTASINTIMACOES,HANDLE
PR_DOMICILIOINFOINICIAIS,ADVOGADOINTERNO,GN_PESSOAS,HANDLE
PR_DOMICILIOINFOINICIAIS,SUMARIO,PR_RITOS,HANDLE
PR_DOMICILIOINFOINICIAIS,ESCRITORIO,GN_PESSOAS,HANDLE
PR_DOMICILIOINFOINICIAIS,ORDINARIO,PR_RITOS,HANDLE
PR_DOMICILIOINFOINICIAIS,CATEGORIA,PR_CATEGORIAS,HANDLE
PR_DOMICILIOINFOINICIAIS,INSTANCIA,PR_INSTANCIAS,HANDLE
PR_DOMICILIOINFOINICIAIS,RISCOPEDIDO,PR_RISCOS,HANDLE
PR_DOMICILIOINFOINICIAIS,SUMARISSIMO,PR_RITOS,HANDLE
PR_DOMICILIOINFOINICIAIS,FILIAL,FILIAIS,HANDLE
PR_DOMICILIOINFOINICIAIS,CONDICAOCLIENTE,PR_PARTEQUALIFICACAO,HANDLE
PR_DOMICILIOINFOINICIAIS,PARTICIPANTECLIENTE,GN_PESSOAS,HANDLE
PR_DOMICILIOINFOINICIAIS,RISCO,PR_RISCOS,HANDLE
PR_DOMICILIOINFOINICIAIS,TIPODOCUMENTO,PR_DESDOBRAMENTOS,HANDLE
PR_DOMICILIOINFOINICIAIS,DIVISAO,PR_DEPARTAMENTODIVISOES,HANDLE
PR_DOMICILIOSPALAVRASREL,CONTA,PR_CONTASINTIMACOES,HANDLE
PR_DOMICILIOSPALAVRASREL,PAPEL,Z_WFPAPEIS,HANDLE
PR_EVENTORITOPEDIDO,RITO,PR_RITOS,HANDLE
PR_EVENTORITOPEDIDO,RAMOPROCESSUAL,PR_RITORAMOSPROCESSUAIS,HANDLE
PR_EVENTOS,RITO,PR_RITOS,HANDLE
PR_EVENTOS,INFORMARCLIENTE,PR_FASES,HANDLE
PR_EVENTOS,RAMOPROCESSUAL,PR_RITORAMOSPROCESSUAIS,HANDLE
PR_EVENTOSUGESTAOPROVIDENCIAS,EVENTO,PR_EVENTOS,HANDLE
PR_EVENTOSUGESTAOPROVIDENCIAS,PROVIDENCIA,PR_PROVIDENCIAEVENTOS,HANDLE
PR_EVENTOSUGESTAOPROVIDENCIAS,RESPONSAVEL,GN_PESSOAS,HANDLE
PR_EVENTOSUGESTAOPROVIDENCIAS,EVENTOGERADO,PR_EVENTOS,HANDLE
PR_EVENTOSUGESTAOPROVIDENCIAS,OBRIGACAO,PR_SENTENCAOBRIGACOES,HANDLE
PR_EVENTOSUGESTAOPROVIDENCIAS,RESPONSAVELPAPEL,Z_WFPAPEIS,HANDLE
PR_EVENTOSUGESTAOPROVIDENCIAS,SOLICITANTE,GN_PESSOAS,HANDLE
PR_EVENTOSUGESTAOPROVIDENCIAS,PROVIDENCIASUGERIDA,PR_EVENTOSUGESTAOPROVIDENCIAS,HANDLE
PR_EVENTOSUGESTAOPROVIDENCIAS,ANDAMENTOSUGERIDO,PR_EVENTOS,HANDLE
PR_FASEREDUCOES,FASE,PR_FASES,HANDLE
PR_FASEREDUCOES,FILIAL,FILIAIS,HANDLE
PR_FASEREDUCOES,DEPARTAMENTO,PR_DEPARTAMENTOS,HANDLE
PR_FASEREDUCOES,CATEGORIA,PR_CATEGORIAS,HANDLE
PR_FASES,OBJETIVOCALCULO,CT_CALCULOOBJETIVOS,HANDLE
PR_FASES,FASECALCULO,CT_CALCULOFASES,HANDLE
PR_FILTROPROCESSOS,EMACORDO,PR_PROCESSOS,HANDLE
PR_FILTROPROCESSOS,FKPROCESSO,PR_PROCESSODESDOBRAMENTOS,HANDLE
PR_FILTROPUBLICACOES,NUMERODISTRIBUICAO,PR_PROCESSODESDOBRAMENTOS,HANDLE
PR_FILTROPUBLICACOES,PASTA,PR_PROCESSOS,HANDLE
PR_FILTROPUBLICACOES,CATEGORIA,PR_CATEGORIAS,HANDLE
PR_FILTROPUBLICACOES,PARTICIPANTE,OPCOES,HANDLE
PR_HISTORICOAUDIENCIA,AUDIENCIA,PR_PROCESSOEVENTOS,HANDLE
PR_HISTORICOPETICAO,USUARIO,Z_GRUPOUSUARIOS,HANDLE
PR_HISTORICOPREDICAOPEDIDO,PEDIDO,PR_PEDIDOS,HANDLE
PR_HISTORICOPREDICAOPROCESSO,PROCESSO,PR_PROCESSODESDOBRAMENTOS,HANDLE
PR_HISTORICOVALORES,FECHAMENTOCATEGORIA,PR_PROVISAOFECHAMCATEGORIA,HANDLE
PR_HISTORICOVALORES,FECHAMENTO,PR_PROVISAOVALORESFECHAMENTO,HANDLE
PR_HISTORICOVALORES,INCLUIDOPOR,Z_GRUPOUSUARIOS,HANDLE
PR_HISTORICOVALORES,CANCELADOPOR,Z_GRUPOUSUARIOS,HANDLE
PR_INATIVACAOPROVISOES,USUARIORESPONSAVEL,Z_GRUPOUSUARIOS,HANDLE
PR_INSTANCIAS,OBJETIVOCALCULO,CT_CALCULOOBJETIVOS,HANDLE
PR_INTIMACOESPALAVRASREL,PAPEL,Z_WFPAPEIS,HANDLE
PR_INTIMACOESPALAVRASREL,CONTA,PR_CONTASINTIMACOES,HANDLE
PR_JURISPRUDENCIADOCUMENTOS,JURISPRUDENCIA,PR_JURISPRUDENCIAS,HANDLE
PR_KITBASICODOCUMENTOS,DOCUMENTO,GE_TIPODOCUMENTO,HANDLE
PR_KITBASICODOCUMENTOS,PASTAVIRTUAL,PR_PASTAVIRTUAL,HANDLE
PR_KITBASICODOCUMENTOS,KIT,PR_KITBASICOS,HANDLE
PR_KITBASICOS,CATEGORIA,PR_CATEGORIAS,HANDLE
PR_KITBASICOS,TIPOACAO,PR_CATEGORIATIPOACOES,HANDLE
PR_KITBASICOS,FAMILIA,PR_PRODUTOS,HANDLE
PR_OBJETODEPOSITO_EMPRESA,CONTADEPOSITO,FN_CONTAS,HANDLE
PR_OBJETODEPOSITO_EMPRESA,CONTARESGATE,FN_CONTAS,HANDLE
PR_OBJETODEPOSITO_EMPRESA,CONTADEPOSITOADVERSO,FN_CONTAS,HANDLE
PR_OBJETODEPOSITO_EMPRESA,CONTARESGATEADVERSO,FN_CONTAS,HANDLE
PR_OBJETODEPOSITO_EMPRESA,CONTADEPOSITOPERITO,FN_CONTAS,HANDLE
PR_OBJETODEPOSITO_EMPRESA,CONTARESGATEPERITO,FN_CONTAS,HANDLE
PR_OBJETODEPOSITO_EMPRESA,CONTADEPOSITOIRRF,FN_CONTAS,HANDLE
PR_OBJETODEPOSITO_EMPRESA,CONTARESGATEIRRF,FN_CONTAS,HANDLE
PR_OBJETODEPOSITO_EMPRESA,CONTADEPOSITOINSS,FN_CONTAS,HANDLE
PR_OBJETODEPOSITO_EMPRESA,CONTADEPOSITOOUTROS,FN_CONTAS,HANDLE
PR_OBJETODEPOSITO_EMPRESA,CONTARESGATEINSS,FN_CONTAS,HANDLE
PR_OBJETODEPOSITO_EMPRESA,CONTARESGATEOUTROS,FN_CONTAS,HANDLE
PR_OBJETODEPOSITO_EMPRESA,EMPRESA,EMPRESAS,HANDLE
PR_OBJETODEPOSITOS,CATEGORIA,PR_CATEGORIAOBJETODEPOSITO,HANDLE
PR_OBJETODEPOSITOS,MOEDA,GN_MOEDAS,HANDLE
PR_OBJETODEPOSITOS,CRITERIO,GN_CRITERIOS,HANDLE
PR_OPERACAOTIPODOCUMENTO,CATEGORIA,PR_CATEGORIAS,HANDLE
PR_OPERACAOTIPODOCUMENTO,TIPODESPESA,FI_TIPODESPESAS,HANDLE
PR_ORGAOCOMARCAFOROS,ESTADO,ESTADOS,HANDLE
PR_ORGAOCOMARCAFOROS,MUNICIPIO,MUNICIPIOS,HANDLE
PR_ORGAOCOMARCAFOROS,COMARCA,PR_ORGAOSCOMARCA,HANDLE
PR_ORGAOCOMARCAFOROS,PAIS,PAISES,HANDLE
PR_ORIGENSMOVIMENTACAOFIN,TIPODOCUMENTO,FN_TIPOSDOCUMENTOS,HANDLE
PR_PASTASENVIADAS,PASTA,PR_PROCESSOS,HANDLE
PR_PASTASENVIADAS,REMESSA,PR_REMESSARECEPCAOPASTAS,HANDLE
PR_PEDIDOQUESTIONAMENTOS,RESPONSAVEL,GN_PESSOAS,HANDLE
PR_PEDIDOQUESTIONAMENTOS,FILIAL,FILIAIS,HANDLE
PR_PEDIDOQUESTIONAMENTOS,DEPARTAMENTO,PR_DEPARTAMENTOS,HANDLE
PR_PEDIDOQUESTIONAMENTOS,DIVISAO,PR_DEPARTAMENTODIVISOES,HANDLE
PR_PEDIDOQUESTIONAMENTOS,PEDIDO,PR_PEDIDOS,HANDLE
PR_PEDIDOQUESTIONAMENTOS,QUESTIONAMENTO,PR_QUESTIONAMENTOSPEDIDOS,HANDLE
PR_PEDIDOS,CATEGORIA,PR_CATEGORIAS,HANDLE
PR_PEDIDOS,CALCULAINSS,INSS,HANDLE
PR_PEDIDOS,VERBACCT,CA_CCTVERBAS,HANDLE
PR_PEDIDOS,CLASSIFICACAO,PR_CLASSIFICACAOPEDIDOS,HANDLE
PR_PEDIDOS,CODIGOVERBATRABALHISTA,K9_NOMEINTEGRACAO,HANDLE
PR_PEDIDOSUBSIDIOS,JORNADAS,GE_TIPODOCUMENTO,HANDLE
PR_PEDIDOSUBSIDIOS,PEDIDO,PR_PEDIDOS,HANDLE
PR_PEDIDOSUBSIDIOS,NOTIFICAR,GE_TIPODOCUMENTO,HANDLE
PR_PEDIDOSUBSIDIOS,PAPEL,MEDIDASDISCIPLINARES,HANDLE
PR_POSSIVELTESTEMUNHA,TESTEMUNHA,GN_PESSOAS,HANDLE
PR_POSSIVELTESTEMUNHA,PROCESSO,PR_PROCESSOS,HANDLE
PR_POSSIVELTESTEMUNHA,EVENTO,PR_PROCESSOEVENTOS,HANDLE
PR_PROCACORDOSHV,FECHAMENTO,PR_PROVISAOVALORESFECHAMENTO,HANDLE
PR_PROCACORDOSHV,ACORDO,PR_PROCESSOACORDOS,HANDLE
PR_PROCACORDOSHV,INCLUIDOPOR,Z_GRUPOUSUARIOS,HANDLE
PR_PROCCARTASFIANCASHV,CARTAFIANCA,PR_PROCESSOCARTASFIANCAS,HANDLE
PR_PROCCARTASFIANCASHV,FECHAMENTO,PR_PROVISAOVALORESFECHAMENTO,HANDLE
PR_PROCCARTASFIANCASHV,INCLUIDOPOR,Z_GRUPOUSUARIOS,HANDLE
PR_PROCDEPOSITOLANCAMENTOSHV,DEPOSITOLANCAMENTO,PR_PROCESSODEPOSITOLANCAMENTOS,HANDLE
PR_PROCDEPOSITOLANCAMENTOSHV,FECHAMENTO,PR_PROVISAOVALORESFECHAMENTO,HANDLE
PR_PROCDEPOSITOLANCAMENTOSHV,INCLUIDOPOR,Z_GRUPOUSUARIOS,HANDLE
PR_PROCDEPOSITOSHV,DEPOSITO,PR_PROCESSODEPOSITOS,HANDLE
PR_PROCDEPOSITOSHV,FECHAMENTO,PR_PROVISAOVALORESFECHAMENTO,HANDLE
PR_PROCDEPOSITOSHV,INCLUIDOPOR,Z_GRUPOUSUARIOS,HANDLE
PR_PROCDEPOSITOSHV,CODIGOINTERNO,PR_HISTORICOVALORES,HANDLE
PR_PROCDESDOBRAMENTOSHV,DESDOBRAMENTO,PR_PROCESSODESDOBRAMENTOS,HANDLE
PR_PROCDESDOBRAMENTOSHV,FECHAMENTO,PR_PROVISAOVALORESFECHAMENTO,HANDLE
PR_PROCDESDOBRAMENTOSHV,FASE,PR_FASES,HANDLE
PR_PROCDESDOBRAMENTOSHV,INCLUIDOPOR,Z_GRUPOUSUARIOS,HANDLE
PR_PROCDESDOBRAOBRIGACOESHV,OBRIGACAO,PR_PROCESSODESDOBRAOBRIGACOES,HANDLE
PR_PROCDESDOBRAOBRIGACOESHV,FECHAMENTO,PR_PROVISAOVALORESFECHAMENTO,HANDLE
PR_PROCDESDOBRAOBRIGACOESHV,INCLUIDOPOR,Z_GRUPOUSUARIOS,HANDLE
PR_PROCESSOACORDOS,OBRIGACAO,PR_PROCESSODESDOBRAOBRIGACOES,HANDLE
PR_PROCESSOANDAMENTOSONLINE,CONTA,PR_CONTASANDAMENTOS,HANDLE
PR_PROCESSOANDAMENTOSONLINE,TIPOMOVIMENTACAO,TEXTODECISOES,HANDLE
PR_PROCESSOANDAMENTOSONLINEDOC,CODIGODOCUMENTO,PR_PROCESSOANDAMENTOSONLINE,HANDLE
PR_PROCESSOCALCULOTRABALHISTA,OBJETIVO,CT_CALCULOOBJETIVOS,HANDLE
PR_PROCESSOCALCULOTRABALHISTA,FASE,CT_CALCULOFASES,HANDLE
PR_PROCESSOCARTASFIANCAS,BANCO,GN_BANCOS,HANDLE
PR_PROCESSOCARTASFIANCAS,ESTADO,ESTADOS,HANDLE
PR_PROCESSOCARTASFIANCAS,MUNICIPIO,MUNICIPIOS,HANDLE
PR_PROCESSOCARTASFIANCAS,METODOATUALIZACAO,GN_MOEDAS,HANDLE
PR_PROCESSOCARTASFIANCAS,CRITERIO,GN_CRITERIOS,HANDLE
PR_PROCESSOCARTASFIANCAS,DESDOBRAMENTO,PR_PROCESSODESDOBRAMENTOS,HANDLE
PR_PROCESSOCARTASFIANCAS,EVENTO,PR_PROCESSOEVENTOS,HANDLE
PR_PROCESSOCARTASFIANCAS,MOTIVO,PR_MOTIVOSENCERRACARTASFIANCAS,HANDLE
PR_PROCESSOCONEXOS,PASTA,PR_PROCESSOS,HANDLE
PR_PROCESSOCONEXOS,CATEGORIA,PR_CATEGORIAS,HANDLE
PR_PROCESSOCONEXOS,ADVERSOPRINCIPAL,GN_PESSOAS,HANDLE
PR_PROCESSODECISAOINSTANCIAS,PROCESSO,PR_PROCESSOS,HANDLE
PR_PROCESSODECISAOINSTANCIAS,INSTANCIA,PR_INSTANCIAS,HANDLE
PR_PROCESSODEPOSITOLANCAMENTOS,sitos,PR_PROCESSOS,HANDLE
PR_PROCESSODEPOSITOLANCAMENTOS,DEPOSITARIO,PR_DEPOSITARIOS,HANDLE
PR_PROCESSODEPOSITOLANCAMENTOS,BANCO,GN_BANCOS,HANDLE
PR_PROCESSODEPOSITOLANCAMENTOS,RESPONSAVELRESGATE,PR_PROCESSOPARTICIPANTES,HANDLE
PR_PROCESSODEPOSITOLANCAMENTOS,RESPONSAVELRESGATE2,GN_PESSOAS,HANDLE
PR_PROCESSODEPOSITOLANCAMENTOS,SOLICITACAOPAGAMENTO,FI_SOLICITACAOPAGAMENTODEPOSIT,HANDLE
PR_PROCESSODEPOSITOLANCAMENTOS,SOLICITACAODEPOSITO,FI_SOLICITACAODEPOSITOS,HANDLE
PR_PROCESSODEPOSITOLANCAMENTOS,K9_BANCO,GN_BANCOS,HANDLE
PR_PROCESSODEPOSITOS,Z_GRUPO,GN_MOEDAS,HANDLE
PR_PROCESSODEPOSITOS,DESDOBRAMENTO,PR_PROCESSODESDOBRAMENTOS,HANDLE
PR_PROCESSODEPOSITOS,EVENTO,PR_PROCESSOEVENTOS,HANDLE
PR_PROCESSODEPOSITOS,CATEGORIA,PR_CATEGORIAOBJETODEPOSITO,HANDLE
PR_PROCESSODEPOSITOS,RESPONSAVELENCERRAMENTO,GN_PESSOAS,HANDLE
PR_PROCESSODEPOSITOS,SALDOORIGINALEURO,PR_DEPOSITARIOS,HANDLE
PR_PROCESSODEPOSITOS,GUIAPAGAMENTO,FN_GUIASPAGAMENTOS,HANDLE
PR_PROCESSODESDOBRAMENTOMON,PASTA,GN_PESSOAS,HANDLE
PR_PROCESSODESDOBRAMENTOMON,ORGAO,PR_COMARCAORGAOS,HANDLE
PR_PROCESSODESDOBRAMENTOMON,JUIZO,PR_JUIZOS,HANDLE
PR_PROCESSODESDOBRAMENTOMON,UFVARA,ESTADOS,HANDLE
PR_PROCESSODESDOBRAMENTOMON,CODMUNICIPIO,MUNICIPIOS,HANDLE
PR_PROCESSODESDOBRAMENTOMON,UFORGAO,PR_COMARCAORGAOS,HANDLE
PR_PROCESSODESDOBRAMENTOMON,IDVARA,PR_COMARCAORGAODISTRIBUICOES,HANDLE
PR_PROCESSODESDOBRAMENTOS,PROCESSO,PR_PROCESSOS,HANDLE
PR_PROCESSODESDOBRAMENTOS,ORGAO,PR_COMARCAORGAOS,HANDLE
PR_PROCESSODESDOBRAMENTOS,INSTANCIA,PR_INSTANCIAS,HANDLE
PR_PROCESSODESDOBRAMENTOS,RITO,PR_RITOS,HANDLE
PR_PROCESSODESDOBRAMENTOS,DESDOBRAMENTO,PR_TIPOSENTENCA,HANDLE
PR_PROCESSODESDOBRAMENTOS,FORO,PR_ORGAOCOMARCAFOROS,HANDLE
PR_PROCESSODESDOBRAMENTOS,TIPODOCUMENTO,PR_DOCUMENTOS,HANDLE
PR_PROCESSODESDOBRAMENTOS,FASE,PR_FASES,HANDLE
PR_PROCESSODESDOBRAMENTOS,TIPOOUTROS,PR_TIPOOUTROSDESDOBRAMENTO,HANDLE
PR_PROCESSODESDOBRAMENTOS,COMARCA,PR_ORGAOSCOMARCA,HANDLE
PR_PROCESSODESDOBRAMENTOS,INDICATIVODECISAO,ES_INDICATIVODECISOES,HANDLE
PR_PROCESSODESDOBRAMENTOS,UF,ESTADOS,HANDLE
PR_PROCESSODESDOBRAMENTOS,DISTRITO,PR_DISTRITOSPOLICIAIS,HANDLE
PR_PROCESSODESDOBRAMENTOS,MOTIVOENCERRAMENTO,PR_TIPOSENCERRAMENTO,HANDLE
PR_PROCESSODESDOBRAMENTOS,TIPOACORDO,PR_TIPOACORDO,HANDLE
PR_PROCESSODESDOBRAMENTOS,PREPROCESSO,EP_PROCESSODESDOBRAMENTOS,HANDLE
PR_PROCESSODESDOBRAMENTOS,ALTERADOEM,Z_GRUPOUSUARIOS,HANDLE
PR_PROCESSODESDOBRAMENTOS,ALTERADOPOR,Z_GRUPOUSUARIOS,HANDLE
PR_PROCESSODESDOBRAMENTOS,CADASTROINTEGRACAO,PR_CADASTRORAPIDOPASTA,HANDLE
PR_PROCESSODESDOBRAMENTOS,ADVERSOINTEGRACAO,GN_PESSOAS,HANDLE
PR_PROCESSODESDOBRAOBRIGACOES,PROCESSO,PR_PROCESSOS,HANDLE
PR_PROCESSODESDOBRAOBRIGACOES,DESDOBRAMENTO,PR_PROCESSODESDOBRAMENTOS,HANDLE
PR_PROCESSODESDOBRAOBRIGACOES,OBRIGACAO,PR_SENTENCAOBRIGACOES,HANDLE
PR_PROCESSODESDOBRDOCUMENTOS,OBRIGACAO,PR_PROCESSODESDOBRAOBRIGACOES,HANDLE
PR_PROCESSODOCUMENTOS,EVENTO,PR_PROCESSOEVENTOS,HANDLE
PR_PROCESSODOCUMENTOS,PROVIDENCIA,PR_PROCESSOEVENTOPROVIDENCIAS,HANDLE
PR_PROCESSODOCUMENTOS,PASTAVIRTUAL,PR_PASTAVIRTUAL,HANDLE
PR_PROCESSODOCUMENTOS,RECEPCAO,EP_RECEPCOES,HANDLE
PR_PROCESSODOCUMENTOS,PREPROCESSO,EP_PROCESSOS,HANDLE
PR_PROCESSODOCUMENTOS,USUARIOALTERACAO,Z_GRUPOUSUARIOS,HANDLE
PR_PROCESSODOCUMENTOS,KITDOCUMENTO,PR_PROCESSOKITBASICODOCUMENTOS,HANDLE
PR_PROCESSODOCUMENTOS,DADOCONCILIACAO,FI_LOTES,HANDLE
PR_PROCESSODOCUMENTOS,SOLICITACAODEPOSITO,FI_SOLICITACAODEPOSITOS,HANDLE
PR_PROCESSODOCUMENTOS,SOLICITACAOPAGAMENTO,FI_SOLICITACAOPAGAMENTOS,HANDLE
PR_PROCESSODOCUMENTOS,OBRIGACAOACORDO,PR_PROCESSODESDOBRAOBRIGACOES,HANDLE
PR_PROCESSODOCUMENTOS,OBRIGACAOLIMINAR,PR_PROCESSOEVENTOOBRIGACOES,HANDLE
PR_PROCESSODOCUMENTOS,SOLICITACAOSEGUROGARANTIA,PR_SOLICITACAOSEGUROGARANTIA,HANDLE
PR_PROCESSODOCUMENTOS,REMESSA,FI_REMESSAPAGAMENTOS,HANDLE
PR_PROCESSODOCUMENTOS,DEPOSITO,PR_PROCESSODEPOSITOS,HANDLE
PR_PROCESSODOCUMENTOS,PENHORA,PR_PROCESSOPENHORAS,HANDLE
PR_PROCESSODOCUMENTOS,ITEMREMESSAADIANTAMENTO,FI_REMESSAPAGAMENTOITENS,HANDLE
PR_PROCESSODOCUMENTOS,CARTAFIANCA,PR_PROCESSOCARTASFIANCAS,HANDLE
PR_PROCESSODOCUMENTOS,SEGUROGARANTIA,PR_PROCESSOSEGUROGARANTIAS,HANDLE
PR_PROCESSODOCUMENTOS,SOLICITACAOGENERICA,WG_SOLICITACOES,HANDLE
PR_PROCESSOEVENTOOBRDOCUMENTOS,SUGERIUPROVIDENCIAS,PR_SENTENCAOBRIGACOES,HANDLE
PR_PROCESSOEVENTOOBRIGACOES,Z_GRUPO,PR_PROCESSOS,HANDLE
PR_PROCESSOEVENTOOBRIGVALORES,OBRIGACAO,PR_PROCESSOEVENTOOBRIGACOES,HANDLE
PR_PROCESSOEVENTOOBRIGVALORES,PROCESSO,PR_PROCESSOS,HANDLE
PR_PROCESSOEVENTOPROVIDENCIAS,EVENTO,PR_PROCESSOEVENTOS,HANDLE
PR_PROCESSOEVENTOPROVIDENCIAS,PROVIDENCIA,PR_EVENTOSUGESTAOPROVIDENCIAS,HANDLE
PR_PROCESSOEVENTOPROVIDENCIAS,PROCESSO,PR_PROCESSOS,HANDLE
PR_PROCESSOEVENTOPROVIDENCIAS,HANDLEPROVIDENCIA,PR_PROVIDENCIAEVENTOS,HANDLE
PR_PROCESSOEVENTOPROVIDENCIAS,CONTARPRAZOSEMDOBRO,PR_PROCESSOEVENTOOBRIGACOES,HANDLE
PR_PROCESSOEVENTOPROVIDENCIAS,CUMPRIDOPOR,Z_GRUPOUSUARIOS,HANDLE
PR_PROCESSOEVENTOPROVIDENCIAS,RESPONSAVEL,GN_PESSOAS,HANDLE
PR_PROCESSOEVENTOPROVIDENCIAS,SOLICITANTE,GN_PESSOAS,HANDLE
PR_PROCESSOEVENTOPROVIDENCIAS,EVENTOHAGERAR,PR_EVENTOS,HANDLE
PR_PROCESSOEVENTOPROVIDENCIAS,INCLUIDOPOR,Z_GRUPOUSUARIOS,HANDLE
PR_PROCESSOEVENTOPROVIDENCIAS,ALTERADOPOR,Z_GRUPOUSUARIOS,HANDLE
PR_PROCESSOEVENTOPROVIDENCIAS,RESPONSAVELPAPEL,Z_WFPAPEIS,HANDLE
PR_PROCESSOEVENTOPROVIDENCIAS,RESPONSAVELADVINT,GN_PESSOAS,HANDLE
PR_PROCESSOEVENTOPROVIDENCIAS,RESPONSAVELADVEXT,GN_PESSOAS,HANDLE
PR_PROCESSOEVENTOPROVIDENCIAS,DESDOBRAMENTOOBRIGACAO,PR_PROCESSODESDOBRAOBRIGACOES,HANDLE
PR_PROCESSOEVENTOPROVIDENCIAS,EVENTOGERADO,PR_PROCESSOEVENTOS,HANDLE
PR_PROCESSOEVENTOPROVIDENCIAS,CONTARPRAZOEM,PR_EVENTOS,HANDLE
PR_PROCESSOEVENTOS,PROCESSO,PR_PROCESSOS,HANDLE
PR_PROCESSOEVENTOS,EVENTO,PR_EVENTOS,HANDLE
PR_PROCESSOEVENTOS,DESDOBRAMENTO,PR_PROCESSODESDOBRAMENTOS,HANDLE
PR_PROCESSOEVENTOS,MOTIVOCASSACAO,PR_MOTIVOCASSACAOLIMINARES,HANDLE
PR_PROCESSOEVENTOS,PRECCOMARCA,PR_ORGAOSCOMARCA,HANDLE
PR_PROCESSOEVENTOS,PRECFORO,PR_ORGAOCOMARCAFOROS,HANDLE
PR_PROCESSOEVENTOS,PRECJUIZO,PR_COMARCAORGAODISTRIBUICOES,HANDLE
PR_PROCESSOEVENTOS,PRECORGAO,PR_COMARCAORGAOS,HANDLE
PR_PROCESSOEVENTOS,CADASTRADOPOR,Z_GRUPOUSUARIOS,HANDLE
PR_PROCESSOEVENTOS,ALTERADOPOR,Z_GRUPOUSUARIOS,HANDLE
PR_PROCESSOEVENTOS,PROCESSOPUBLICACAO,PR_PROCESSOPUBLICACOES,HANDLE
PR_PROCESSOEVENTOS,EVENTOORIGEM,PR_PROCESSOEVENTOS,HANDLE
PR_PROCESSOEVENTOS,INTIMACAO,PR_PROCESSOINTIMACOES,HANDLE
PR_PROCESSOEVENTOS,PERITO,PR_PROCESSOPARTICIPANTES,HANDLE
PR_PROCESSOEVENTOS,RESULTADOPERICIA,PR_PERICIARESULTADOS,HANDLE
PR_PROCESSOEVENTOS,OBJETOPERICIA,PR_PERICIAS,HANDLE
PR_PROCESSOEVENTOTEMPORARIO,PASTA,PR_PROCESSOS,HANDLE
PR_PROCESSOEVENTOTEMPORARIO,COMPROMISSOPARA,PR_PROCESSOPARTICIPANTES,HANDLE
PR_PROCESSOEXCLUSOES,PASTA,PR_PROCESSOS,HANDLE
PR_PROCESSOHISTORICOSRISCO,NOVORISCO,PR_RISCOS,HANDLE
PR_PROCESSOHISTORICOSRISCO,PERCRISCO,PR_RISCOS,HANDLE
PR_PROCESSOHISTORICOSRISCO,MOTIVO,PR_MOTIVOSPROVISAOVALORES,HANDLE
PR_PROCESSOHISTORICOSRISCO,INCLUIDOPOR,Z_GRUPOUSUARIOS,HANDLE
PR_PROCESSOIMAGENS,EVENTO,PR_PROCESSOEVENTOS,HANDLE
PR_PROCESSOIMAGENS,PROVIDENCIA,PR_PROCESSOEVENTOPROVIDENCIAS,HANDLE
PR_PROCESSOINTIMACAODOCS,INTIMACAO,PR_PROCESSOINTIMACOES,HANDLE
PR_PROCESSOINTIMACOES,CONTA,PR_CONTASINTIMACOES,HANDLE
PR_PROCESSOINTIMACOES,CADASTRORAPIDO,PR_CADASTRORAPIDOPASTA,HANDLE
PR_PROCESSOINTIMACOESLOG,PASTA,PR_PROCESSOS,HANDLE
PR_PROCESSOINTIMACOESLOG,USUARIO,Z_GRUPOUSUARIOS,HANDLE
PR_PROCESSOJURISPRUDENCIAS,PROCESSO,PR_PROCESSOS,HANDLE
PR_PROCESSOJURISPRUDENCIAS,JURISPRUDENCIA,PR_JURISPRUDENCIAS,HANDLE
PR_PROCESSOKITBASICODOCUMENTOS,MOTIVOCANCELAMENTO,PR_MOTIVOCANCELAMENTODOCUMENTO,HANDLE
PR_PROCESSOKITBASICODOCUMENTOS,CONCLUIDOPOR,Z_GRUPOUSUARIOS,HANDLE
PR_PROCESSOKITBASICODOCUMENTOS,CANCELADOPOR,Z_GRUPOUSUARIOS,HANDLE
PR_PROCESSOKITBASICODOCUMENTOS,PROVIDENCIAKIT,PR_PROCESSOEVENTOPROVIDENCIAS,HANDLE
PR_PROCESSOKITBASICODOCUMENTOS,PASTAVIRTUAL,PR_PASTAVIRTUAL,HANDLE
PR_PROCESSOKITBASICODOCUMENTOS,DOCUMENTO,GE_TIPODOCUMENTO,HANDLE
PR_PROCESSOKITBASICODOCUMENTOS,USUARIOALTERACAO,Z_GRUPOUSUARIOS,HANDLE
PR_PROCESSOLOGS,PASTAACESSADA,PR_PROCESSOS,HANDLE
PR_PROCESSOLOGS,ARQUIVOACESSADO,PR_PROCESSODOCUMENTOS,HANDLE
PR_PROCESSOMOVIMENTACOES,PROCESSO,PR_PROCESSOS,HANDLE
PR_PROCESSOMOVIMENTACOES,INCLUIDAPOR,Z_GRUPOUSUARIOS,HANDLE
PR_PROCESSOMOVIMENTACOES,LOCALIZACAO,GN_ARQUIVOSFISICOS,HANDLE
PR_PROCESSOMOVIMENTACOES,LOCALEXTERNOEMPRESA,EMPRESAS,HANDLE
PR_PROCESSOMOVIMENTACOES,LOCALEXTERNOFILIAL,FILIAIS,HANDLE
PR_PROCESSOMOVIMENTACOES,LOCALEXTERNODEPARTAMENTO,PR_DEPARTAMENTOS,HANDLE
PR_PROCESSOMOVIMENTACOES,LOCALEXTERNODIVISAO,PR_DEPARTAMENTODIVISOES,HANDLE
PR_PROCESSOMOVIMENTACOES,LOCALPASTA,GN_PESSOAS,HANDLE
PR_PROCESSOMOVIMENTACOES,RESPONSAVEL,GN_PESSOAS,HANDLE
PR_PROCESSOMOVIMENTACOES,REMETENTE,GN_PESSOAS,HANDLE
PR_PROCESSOMOVIMENTACOESFIN,FECHAMENTO,PR_PROVISAOVALORESFECHAMENTO,HANDLE
PR_PROCESSOMOVIMENTACOESFIN,ORIGEM,PR_ORIGENSMOVIMENTACAOFIN,HANDLE
PR_PROCESSOMOVIMENTACOESFIN,CATEGORIA,PR_CATEGORIAS,HANDLE
PR_PROCESSOMOVIMENTACOESFIN,TABELAORIGEM,Z_TABELAS,HANDLE
PR_PROCESSOMOVIMENTACOESFIN,USUARIOAJUSTE,Z_GRUPOUSUARIOS,HANDLE
PR_PROCESSOMOVIMENTACOESFIN,K9_INTEGRADOPROVISAO,K9_DOCUMENTOCONTABILPROVISA,HANDLE
PR_PROCESSOMOVIMENTACOESRAT,TABELADESTINO,Z_TABELAS,HANDLE
PR_PROCESSOMOVIMENTACOESRAT,MOVIMENTO,PR_PROCESSOMOVIMENTACOESFIN,HANDLE
PR_PROCESSOPAITRIBUTOS,PROCESSO,PR_PROCESSOS,HANDLE
PR_PROCESSOPAITRIBUTOS,TRIBUTO,PR_TRIBUTOS,HANDLE
PR_PROCESSOPARTICIPANTEAUDITOR,PARTICIPANTE,PR_PROCESSOPARTICIPANTES,HANDLE
PR_PROCESSOPARTICIPANTEAUDITOR,PARTICIPANTEATUAL,GN_PESSOAS,HANDLE
PR_PROCESSOPARTICIPANTEAUDITOR,PARTICIPANTENOVO,GN_PESSOAS,HANDLE
PR_PROCESSOPARTICIPANTEAUDITOR,MOTIVO,PR_MOTIVOMUDANCAPARTICIPANTES,HANDLE
PR_PROCESSOPARTICIPANTEAUDITOR,REGRA,PR_REGRASDISTRIBUICAO,HANDLE
PR_PROCESSOPARTICIPANTEAUDITOR,INCLUIDOPOR,Z_GRUPOUSUARIOS,HANDLE
PR_PROCESSOPARTICIPANTEAUDITOR,PROCESSO,PR_PROCESSOS,HANDLE
PR_PROCESSOPARTICIPANTEAUDITOR,DESDOBRAMENTO,PR_PROCESSODESDOBRAMENTOS,HANDLE
PR_PROCESSOPARTICIPANTEAUDITOR,ESCRITORIOSUGERIDO,GN_PESSOAS,HANDLE
PR_PROCESSOPARTICIPANTEAUDITOR,REGRAADVINTERNO,PR_REGRASDISTRIBUICAO,HANDLE
PR_PROCESSOPARTICIPANTEAUDITOR,ADVOGADOSUGERIDO,GN_PESSOAS,HANDLE
PR_PROCESSOPARTICIPANTELOG,PASTA,PR_PROCESSOS,HANDLE
PR_PROCESSOPARTICIPANTES,DESDOBRAMENTO,PR_PROCESSODESDOBRAMENTOS,HANDLE
PR_PROCESSOPARTICIPANTES,CATEGORIA,PR_CATEGORIAS,HANDLE
PR_PROCESSOPARTICIPANTES,ASSUNTO,PR_CATEGORIATIPOACAOASSUNTOS,HANDLE
PR_PROCESSOPARTICIPANTES,PROCESSO,PR_PROCESSOS,HANDLE
PR_PROCESSOPARTICIPANTES,PARTICIPANTE,GN_PESSOAS,HANDLE
PR_PROCESSOPARTICIPANTES,CONDICAO,PR_PARTEQUALIFICACAO,HANDLE
PR_PROCESSOPARTICIPANTES,PEDIDO,PR_PROCESSOPEDIDOS,HANDLE
PR_PROCESSOPARTICIPANTES,PARTICIPANTEPRINCIPALANTIGO,GN_PESSOAS,HANDLE
PR_PROCESSOPEDIDOCALCULOS,OBJETIVO,CT_CALCULOOBJETIVOS,HANDLE
PR_PROCESSOPEDIDOCALCULOS,FASE,CT_CALCULOFASES,HANDLE
PR_PROCESSOPEDIDOCALCULOS,CALCULO,CT_CALCULOTRABALHISTA,HANDLE
PR_PROCESSOPEDIDOHSTAPROVACOES,PEDIDO,PR_PROCESSOPEDIDOS,HANDLE
PR_PROCESSOPEDIDOINSTANCIAS,PROCESSO,PR_PROCESSOS,HANDLE
PR_PROCESSOPEDIDOINSTANCIAS,PEDIDO,PR_PROCESSOPEDIDOS,HANDLE
PR_PROCESSOPEDIDOINSTANCIAS,INSTANCIA,PR_INSTANCIAS,HANDLE
PR_PROCESSOPEDIDOINSTANCIAS,DECISAOINSTANCIA,PR_PROCESSODECISAOINSTANCIAS,HANDLE
PR_PROCESSOPEDIDOPROVISOES,PROCESSO,PR_PROCESSOS,HANDLE
PR_PROCESSOPEDIDOPROVISOES,PEDIDO,PR_PROCESSOPEDIDOS,HANDLE
PR_PROCESSOPEDIDOQUEST,CONCLUIDOPOR,Z_GRUPOUSUARIOS,HANDLE
PR_PROCESSOPEDIDOQUEST,RECUSADOPOR,Z_GRUPOUSUARIOS,HANDLE
PR_PROCESSOPEDIDOQUEST,MOTIVORECUSA,PR_MOTIVORECUSAQUEST,HANDLE
PR_PROCESSOPEDIDOQUEST,CANCELADOPOR,Z_GRUPOUSUARIOS,HANDLE
PR_PROCESSOPEDIDOQUEST,SOLICITANTE,GN_PESSOAS,HANDLE
PR_PROCESSOPEDIDOQUEST,PROCESSO,PR_PROCESSOS,HANDLE
PR_PROCESSOPEDIDOQUEST,PEDIDO,PR_PROCESSOPEDIDOS,HANDLE
PR_PROCESSOPEDIDOQUEST,RESPONSAVEL,GN_PESSOAS,HANDLE
PR_PROCESSOPEDIDOQUEST,FILIAL,FILIAIS,HANDLE
PR_PROCESSOPEDIDOQUEST,DEPARTAMENTO,PR_DEPARTAMENTOS,HANDLE
PR_PROCESSOPEDIDOQUEST,QUESTIONAMENTO,PR_PEDIDOQUESTIONAMENTOS,HANDLE
PR_PROCESSOPEDIDOQUEST,CONFIRMADOPOR,Z_GRUPOUSUARIOS,HANDLE
PR_PROCESSOPEDIDOQUEST,INCLUIDOPOR,Z_GRUPOUSUARIOS,HANDLE
PR_PROCESSOPEDIDOS,PEDIDO,PR_PEDIDOS,HANDLE
PR_PROCESSOPEDIDOS,MOEDA,GN_MOEDAS,HANDLE
PR_PROCESSOPEDIDOS,CRITERIO,GN_CRITERIOS,HANDLE
PR_PROCESSOPEDIDOS,DESDOBRAMENTO,PR_PROCESSODESDOBRAMENTOS,HANDLE
PR_PROCESSOPEDIDOS,RISCO,PR_RISCOS,HANDLE
PR_PROCESSOPEDIDOS,PEDIDODEPENDEDE,PR_PROCESSOPEDIDOS,HANDLE
PR_PROCESSOPEDIDOS,RISCOPROVAVEL,PR_RISCOS,HANDLE
PR_PROCESSOPEDIDOS,RISCOPOSSIVEL,PR_RISCOS,HANDLE
PR_PROCESSOPEDIDOS,RISCOREMOTO,PR_RISCOS,HANDLE
PR_PROCESSOPEDIDOS,FASETRABALHISTA,CT_CALCULOFASES,HANDLE
PR_PROCESSOPEDIDOS,OBJETIVOTRABALHISTA,CT_CALCULOOBJETIVOS,HANDLE
PR_PROCESSOPENHORABENSPENHORAD,PROCESSO,PR_PROCESSOS,HANDLE
PR_PROCESSOPENHORABENSPENHORAD,PENHORA,PR_PROCESSOPENHORAS,HANDLE
PR_PROCESSOPENHORABENSPENHORAD,PATRIMONIO,PR_PATRIMONIO,HANDLE
PR_PROCESSOPENHORALEVANTAMENTO,PENHORA,PR_PROCESSOPENHORAS,HANDLE
PR_PROCESSOPENHORALEVANTAMENTO,PROCESSO,PR_PROCESSOS,HANDLE
PR_PROCESSOPENHORALEVANTAMENTO,RESPONSAVELENCERRAMENTO,GN_PESSOAS,HANDLE
PR_PROCESSOPENHORAONLINE,BANCO,GN_BANCOS,HANDLE
PR_PROCESSOPENHORAONLINE,AGENCIA,GN_BANCOAGENCIAS,HANDLE
PR_PROCESSOPENHORAONLINEDESBLO,CATEGORIA,PR_CATEGORIAOBJETODEPOSITO,HANDLE
PR_PROCESSOPENHORAONLINEDESBLO,OBJETO,PR_OBJETODEPOSITOS,HANDLE
PR_PROCESSOPENHORAONLINEDESBLO,BANCO,GN_BANCOS,HANDLE
PR_PROCESSOPENHORAS,RESPONSAVEL,GN_PESSOAS,HANDLE
PR_PROCESSOPENHORAS,UNIDADEBEM,PR_BEMTIPOS,HANDLE
PR_PROCESSOPENHORAS,PROCESSO,PR_PROCESSOS,HANDLE
PR_PROCESSOPENHORAS,DESDOBRAMENTO,PR_PROCESSODESDOBRAMENTOS,HANDLE
PR_PROCESSOPENHORAS,FIELDEPOSITARIO,GN_PESSOAS,HANDLE
PR_PROCESSOPENHORAS,BEM,PR_BENS,HANDLE
PR_PROCESSOPENHORAS,CATEGORIABEM,PR_BEMTIPOS,HANDLE
PR_PROCESSOPENHORAS,MOEDA,GN_MOEDAS,HANDLE
PR_PROCESSOPENHORAS,CRITERIO,GN_CRITERIOS,HANDLE
PR_PROCESSOPENHORAS,EVENTO,PR_PROCESSOEVENTOS,HANDLE
PR_PROCESSOPRODUTOS,PROCESSO,PR_PROCESSOS,HANDLE
PR_PROCESSOPRODUTOS,PRODUTO,PR_PRODUTOS,HANDLE
PR_PROCESSOPRODUTOS,ITEM,PR_PRODUTOITENS,HANDLE
PR_PROCESSOPRODUTOS,PARTICIPANTE,PR_PROCESSOPARTICIPANTES,HANDLE
PR_PROCESSOPROVISAOALTERACOES,PASTA,PR_PROCESSOS,HANDLE
PR_PROCESSOPROVISAOALTERACOES,INCLUIDOPOR,Z_GRUPOUSUARIOS,HANDLE
PR_PROCESSOPROVISAOALTERACOES,MOTIVO,PR_MOTIVOSPROVISAOVALORES,HANDLE
PR_PROCESSOPROVISAOVALORES,INATIVACAO,PR_INATIVACAOPROVISOES,HANDLE
PR_PROCESSOPROVISAOVALORES,MOTIVOENCERRAMENTO,PR_MOTIVOSENCERPROVISAOVALORES,HANDLE
PR_PROCESSOPROVISAOVALORES,USUARIOENCERROU,Z_GRUPOUSUARIOS,HANDLE
PR_PROCESSOPROVISAOVALORES,MOTIVO,PR_MOTIVOSPROVISAOVALORES,HANDLE
PR_PROCESSOPROVISAOVALORES,FECHAMENTO,PR_PROVISAOVALORESFECHAMENTO,HANDLE
PR_PROCESSOPROVISAOVALORES,EMPRESA,EMPRESAS,HANDLE
PR_PROCESSOPROVISAOVALORES,VALORINSSPRINCIPAL,VALORESZERADOS,HANDLE
PR_PROCESSOPUBLICACOES,PROCESSO,PR_PROCESSOS,HANDLE
PR_PROCESSOPUBLICACOES,DESDOBRAMENTO,PR_PROCESSODESDOBRAMENTOS,HANDLE
PR_PROCESSOPUBLICACOES,PREPROCESSO,EP_PROCESSODESDOBRAMENTOS,HANDLE
PR_PROCESSOPUBLICACOES,CADASTRORAPIDO,PR_CADASTRORAPIDOPASTA,HANDLE
PR_PROCESSOPUBLICACOESDOCUMENT,PUBLICACAO,PR_PROCESSOPUBLICACOES,HANDLE
PR_PROCESSOPUBLICACOESLOG,PUBLICACAO,PR_PROCESSOPUBLICACOES,HANDLE
PR_PROCESSOPUBLICACOESLOG,RESPONSAVELLEITURA,Z_GRUPOUSUARIOS,HANDLE
PR_PROCESSOREATIVACAOPASTA,PASTA,PR_PROCESSOS,HANDLE
PR_PROCESSOREATIVACAOPASTA,SOLICITANTE,GN_PESSOAS,HANDLE
PR_PROCESSOREATIVACAOPASTA,APROVADOR,Z_GRUPOUSUARIOS,HANDLE
PR_PROCESSOS,CATEGORIA,PR_CATEGORIAS,HANDLE
PR_PROCESSOS,DEPARTAMENTO,PR_DEPARTAMENTOS,HANDLE
PR_PROCESSOS,DIVISAO,PR_DEPARTAMENTODIVISOES,HANDLE
PR_PROCESSOS,ASSUNTO,PR_CATEGORIATIPOACAOASSUNTOS,HANDLE
PR_PROCESSOS,RISCO,PR_RISCOS,HANDLE
PR_PROCESSOS,MOEDA,GN_MOEDAS,HANDLE
PR_PROCESSOS,CRITERIO,GN_CRITERIOS,HANDLE
PR_PROCESSOS,FASE,PR_FASES,HANDLE
PR_PROCESSOS,EMPRESA,EMPRESAS,HANDLE
PR_PROCESSOS,FILIAL,FILIAIS,HANDLE
PR_PROCESSOS,RESPONSAVEL,GN_PESSOAS,HANDLE
PR_PROCESSOS,REMETENTE,GN_PESSOAS,HANDLE
PR_PROCESSOS,INCLUIDAPOR,Z_GRUPOUSUARIOS,HANDLE
PR_PROCESSOS,LOCALEXTERNOEMPRESA,EMPRESAS,HANDLE
PR_PROCESSOS,LOCALEXTERNOFILIAL,FILIAIS,HANDLE
PR_PROCESSOS,LOCALEXTERNODEPARTAMENTO,PR_DEPARTAMENTOS,HANDLE
PR_PROCESSOS,LOCALEXTERNODIVISAO,PR_DEPARTAMENTODIVISOES,HANDLE
PR_PROCESSOS,MOTIVOENCERRAMENTO,PR_TIPOSENCERRAMENTO,HANDLE
PR_PROCESSOS,ALTERADOPOR,Z_GRUPOUSUARIOS,HANDLE
PR_PROCESSOS,LOCALIZACAO,GN_ARQUIVOSFISICOS,HANDLE
PR_PROCESSOS,MOTIVORELEVANCIA,PR_MOTIVORELEVANCIAPROCESSO,HANDLE
PR_PROCESSOS,ENCERRADOPOR,Z_GRUPOUSUARIOS,HANDLE
PR_PROCESSOS,CENTRODECUSTOS,CT_CC,HANDLE
PR_PROCESSOS,LOCAL,GN_PESSOAS,HANDLE
PR_PROCESSOS,FAIXAIMPACTOECONOMICO,PR_FAIXASIMPACTOECONOMICO,HANDLE
PR_PROCESSOS,ADVERSOPRINCIPAL,GN_PESSOAS,HANDLE
PR_PROCESSOS,CREDENCIADO,GN_PESSOAS,HANDLE
PR_PROCESSOS,DESDOBRAMENTOPRINCIPAL,PR_PROCESSODESDOBRAMENTOS,HANDLE
PR_PROCESSOS,ADVOGADOINTERNO,GN_PESSOAS,HANDLE
PR_PROCESSOS,UNIDADEFILIAL,GN_FILIALUNIDADES,HANDLE
PR_PROCESSOS,MOTIVOREABERTURA,PR_MOTIVOSREATIVACAOPASTA,HANDLE
PR_PROCESSOS,USUARIOREATIVACAOPASTA,Z_GRUPOUSUARIOS,HANDLE
PR_PROCESSOS,PROCESSOPRINCIPAL,PR_PROCESSOS,HANDLE
PR_PROCESSOS,CAUSARAIZ,PR_CAUSARAIZ,HANDLE
PR_PROCESSOS,MOTIVO,PR_MOTIVOENCSEGUROGARANTIA,HANDLE
PR_PROCESSOS,SOLICITACAOSEGUROGARANTIA,PR_SOLICITACAOSEGUROGARANTIA,HANDLE
PR_PROCESSOS,PROCESSO,PR_PROCESSOS,HANDLE
PR_PROCESSOSQ,PROCESSO,PR_PROCESSOS,HANDLE
PR_PROCESSOSQ,ANDAMENTO,PR_PROCESSOEVENTOS,HANDLE
PR_PROCESSOSQ,TESTEMUNHA,GN_PESSOAS,HANDLE
PR_PROCESSOSQ,QUALIDADEDEPOIMENTO,PR_TESTQUALIDADEDEPOIMENTOS,HANDLE
PR_PROCESSOSQ,DESDOBRAMENTO,PR_PROCESSODESDOBRAMENTOS,HANDLE
PR_PROCESSOSQ,INCLUIDOPOR,Z_GRUPOUSUARIOS,HANDLE
PR_PROCESSOTRIBUTOS,PROCESSO,PR_PROCESSOS,HANDLE
PR_PROCESSOTRIBUTOS,MOEDA,GN_MOEDAS,HANDLE
PR_PROCESSOTRIBUTOS,VALORJUROS,PR_TRIBUTOS,HANDLE
PR_PROCESSOTRIBUTOS,VALORREMOTOPRINCIPAL,PERIODICIDADEJUROSJUROS,HANDLE
PR_PROCEVENTOOBRIGACOESHV,FECHAMENTO,PR_PROVISAOVALORESFECHAMENTO,HANDLE
PR_PROCEVENTOOBRIGACOESHV,INCLUIDOPOR,Z_GRUPOUSUARIOS,HANDLE
PR_PROCEVENTOOBRIGACOESHV,EVENTOOBRIGACAO,PR_PROCESSOEVENTOOBRIGACOES,HANDLE
PR_PROCEVENTOOBRIGVALORESHV,Z_GRUPO,PR_PROCESSOEVENTOOBRIGVALORES,HANDLE
PR_PROCEVENTOOBRIGVALORESHV,COMPETENCIA,PR_PROVISAOVALORESFECHAMENTO,HANDLE
PR_PROCEVENTOOBRIGVALORESHV,PAGAMENTO,Z_GRUPOUSUARIOS,HANDLE
PR_PROCEVENTOPROVIDPRORROGADAS,PROCESSO,PR_PROCESSOS,HANDLE
PR_PROCEVENTOPROVIDPRORROGADAS,EVENTO,PR_PROCESSOEVENTOS,HANDLE
PR_PROCEVENTOPROVIDTRANSFERIDA,PROCESSO,PR_PROCESSOS,HANDLE
PR_PROCEVENTOPROVIDTRANSFERIDA,EVENTO,PR_PROCESSOEVENTOS,HANDLE
PR_PROCEVENTOPROVIDTRANSFERIDA,HISTORICOPROVISAOVALORES,PR_PROCPEDIDOPROVHISTVALORES,HANDLE
PR_PROCEVENTOPROVIDTRANSFERIDA,PROCESSO,PR_PROCESSOS,HANDLE
PR_PROCEVENTOPROVIDTRANSFERIDA,PROVISAO,PR_PROCESSOPROVISAOVALORES,HANDLE
PR_PROCHISTPROVISAORATEIO,RISCO,PR_RISCOS,HANDLE
PR_PROCHISTPROVISAORATEIO,INCLUIDOPOR,Z_GRUPOUSUARIOS,HANDLE
PR_PROCHISTPROVISAORATEIO,HISTORICO,PR_HISTORICOVALORES,HANDLE
PR_PROCHV,PROCESSO,PR_PROCESSOS,HANDLE
PR_PROCHV,FECHAMENTO,PR_PROVISAOVALORESFECHAMENTO,HANDLE
PR_PROCMOVIMENTACOESAUDITORIA,MOVIMENTACAO,PR_PROCESSOMOVIMENTACOESFIN,HANDLE
PR_PROCMOVIMENTACOESAUDITORIA,USUARIO,Z_GRUPOUSUARIOS,HANDLE
PR_PROCPEDIDOHV,PEDIDO,PR_PROCESSOPEDIDOS,HANDLE
PR_PROCPEDIDOHV,FECHAMENTO,PR_PROVISAOVALORESFECHAMENTO,HANDLE
PR_PROCPEDIDOHV,RISCO,PR_RISCOS,HANDLE
PR_PROCPEDIDOHV,INCLUIDOPOR,Z_GRUPOUSUARIOS,HANDLE
PR_PROCPEDIDOHV,HISTORICO,PR_HISTORICOVALORES,HANDLE
PR_PROCPEDIDOHV,RISCOPROVAVEL,PR_RISCOS,HANDLE
PR_PROCPEDIDOHV,RISCOPOSSIVEL,PR_RISCOS,HANDLE
PR_PROCPEDIDOHV,RISCOREMOTO,PR_RISCOS,HANDLE
PR_PROCPEDIDOINSTANCIAHV,PEDIDOINSTANCIA,PR_PROCESSOPEDIDOINSTANCIAS,HANDLE
PR_PROCPEDIDOINSTANCIAHV,FECHAMENTO,PR_PROVISAOVALORESFECHAMENTO,HANDLE
PR_PROCPEDIDOINSTANCIAHV,INCLUIDOPOR,Z_GRUPOUSUARIOS,HANDLE
PR_PROCPEDIDOINSTANCIAHV,HISTORICO,PR_HISTORICOVALORES,HANDLE
PR_PROCPEDIDOPROVHISTVALORES,USUARIOENCERROU,Z_GRUPOUSUARIOS,HANDLE
PR_PROCPEDIDOPROVHISTVALORES,USUARIOINCLUIU,Z_GRUPOUSUARIOS,HANDLE
PR_PROCPEDIDOPROVHISTVALORES,INATIVACAO,PR_INATIVACAOPROVISOES,HANDLE
PR_PROCPEDIDOPROVHISTVALORES,MOTIVO,PR_MOTIVOSPROVISAOVALORES,HANDLE
PR_PROCPEDIDOPROVHISTVALORES,MOTIVOENCERRAMENTO,PR_MOTIVOSENCERPROVISAOVALORES,HANDLE
PR_PROCPEDIDOPROVHISTVALORES,PROCESSO,PR_PROCESSOS,HANDLE
PR_PROCPEDIDOPROVHISTVALORES,FECHAMENTO,PR_PROVISAOVALORESFECHAMENTO,HANDLE
PR_PROCPEDIDOPROVISOESHV,PEDIDOPROVISAO,PR_PROCESSOPEDIDOPROVISOES,HANDLE
PR_PROCPEDIDOPROVISOESHV,FECHAMENTO,PR_PROVISAOVALORESFECHAMENTO,HANDLE
PR_PROCPEDIDOPROVISOESHV,INCLUIDOPOR,Z_GRUPOUSUARIOS,HANDLE
PR_PROCPEDIDOPROVISOESHV,HISTORICO,PR_HISTORICOVALORES,HANDLE
PR_PROCPENHORAHV,PENHORA,PR_PROCESSOPENHORAS,HANDLE
PR_PROCPENHORAHV,FECHAMENTO,PR_PROVISAOVALORESFECHAMENTO,HANDLE
PR_PROCPENHORAHV,INCLUIDOPOR,Z_GRUPOUSUARIOS,HANDLE
PR_PROCPENHORAHV,HISTORICO,PR_HISTORICOVALORES,HANDLE
PR_PROCPENHORALEVANTAMENTOHV,PENHORALEVANTAMENTO,PR_PROCESSOPENHORALEVANTAMENTO,HANDLE
PR_PROCPENHORALEVANTAMENTOHV,FECHAMENTO,PR_PROVISAOVALORESFECHAMENTO,HANDLE
PR_PROCPENHORALEVANTAMENTOHV,INCLUIDOPOR,Z_GRUPOUSUARIOS,HANDLE
PR_PROCPENHORALEVANTAMENTOHV,HISTORICO,PR_HISTORICOVALORES,HANDLE
PR_PROCPENHORAONLINEHV,PENHORAONLINE,PR_PROCESSOPENHORAONLINE,HANDLE
PR_PROCPENHORAONLINEHV,FECHAMENTO,PR_PROVISAOVALORESFECHAMENTO,HANDLE
PR_PROCPENHORAONLINEHV,INCLUIDOPOR,Z_GRUPOUSUARIOS,HANDLE
PR_PROCPREVISAOCONTRATUAIS,PASTA,PR_PROCESSOS,HANDLE
PR_PROCPREVISAOCONTRATUAIS,CONTRATO,FN_CONTRATOS,HANDLE
PR_PROCTRIBUTOSHV,PROCESSOTRIBUTO,PR_PROCESSOTRIBUTOS,HANDLE
PR_PROCTRIBUTOSHV,FECHAMENTO,PR_PROVISAOVALORESFECHAMENTO,HANDLE
PR_PROCTRIBUTOSHV,INCLUIDOPOR,Z_GRUPOUSUARIOS,HANDLE
PR_PRODUTOITENS,NIVELSUPERIOR,PR_PRODUTOITENS,HANDLE
PR_PRODUTOITENS,PRODUTO,PR_PRODUTOS,HANDLE
PR_PRODUTOS,NIVELSUPERIOR,PR_PRODUTOS,HANDLE
PR_PROVIDENCIAEVENTOS,OBRIGACAO,PR_SENTENCAOBRIGACOES,HANDLE
PR_PROVISAOFECHAMCATEGORIA,CATEGORIA,PR_CATEGORIAS,HANDLE
PR_PROVISAOFECHAMCATEGORIA,FECHAMENTO,PR_PROVISAOVALORESFECHAMENTO,HANDLE
PR_PROVISAOHISTMESANTECEDENTES,REGRAMEDIACATEGORIA,PR_PROVISAOHISTORICOMEDIACAT,HANDLE
PR_PROVISAOHISTMESANTECEDENTES,FECHAMENTO,PR_PROVISAOVALORESFECHAMENTO,HANDLE
PR_PROVISAOHISTMESANTECEDENTES,INCLUIDOPOR,Z_GRUPOUSUARIOS,HANDLE
PR_PROVISAOHISTORICOMEDIACAT,INCLUIDOPOR,Z_GRUPOUSUARIOS,HANDLE
PR_PROVISAOHISTORICOMEDIACAT,ALTERADOPOR,Z_GRUPOUSUARIOS,HANDLE
PR_PROVISAOHISTORICOMEDIACAT,DESCARTPASTACOMPET,PR_CATEGORIATIPOACAOASSUNTOS,HANDLE
PR_PROVISAOPROCESSOS,INCLUIDOPOR,Z_GRUPOUSUARIOS,HANDLE
PR_PROVISAOPROCESSOS,FECHAMENTO,PR_PROVISAOVALORESFECHAMENTO,HANDLE
PR_PROVISAOPROCESSOS,PROCESSO,PR_PROCESSOS,HANDLE
PR_PROVISAOPROCESSOS,CATEGORIA,PR_CATEGORIAS,HANDLE
PR_PROVISAOREGRAMEDIAFILTROS,ASSUNTO,PR_CATEGORIATIPOACAOASSUNTOS,HANDLE
PR_PROVISAOREGRAMEDIAFILTROS,FILIAL,FILIAIS,HANDLE
PR_PROVISAOREGRAMEDIAFILTROS,CAUSARAIZ,PR_CAUSARAIZ,HANDLE
PR_PROVISAOVALORESFECHAMENTO,MOTIVOCANCELAMENTO,PR_MOTIVOSCANCELAMENTOFECHAMEN,HANDLE
PR_PROVISAOVALORESFECHAMENTO,INCLUIDOPOR,Z_GRUPOUSUARIOS,HANDLE
PR_PROVISAOVALORESFECHAMENTO,CANCELADOPOR,Z_GRUPOUSUARIOS,HANDLE
PR_PUBLICACOESPALAVRASREL,USUARIORESPONSAVEL,Z_GRUPOUSUARIOS,HANDLE
PR_PUBLICACOESPALAVRASREL,PAPEL,Z_WFPAPEIS,HANDLE
PR_PUBLICACOESPALAVRASREL,PUBLICACAO,PR_CONTASPUBLICACOES,HANDLE
PR_PUBLICACOESPALAVRASREL,OBJETIVOCALCULO,CT_CALCULOOBJETIVOS,HANDLE
PR_PUBLICACOESPALAVRASREL,PUBLICACAOANDAMENTO,PR_CONTASANDAMENTOS,HANDLE
PR_PUBLICACOESPALAVRASREL,FASECALCULO,CT_CALCULOFASES,HANDLE
PR_REGRASDISTRIBUICAO,ADVOGADOINTERNO,GN_PESSOAS,HANDLE
PR_REGRASDISTRIBUICAO,ADVOGADOCREDENCIADO,GN_PESSOAS,HANDLE
PR_REGRASDISTRIBUICAO,CATEGORIA,PR_CATEGORIAS,HANDLE
PR_REGRASDISTRIBUICAO,TIPOACAO,PR_CATEGORIATIPOACOES,HANDLE
PR_REGRASDISTRIBUICAO,UF,ESTADOS,HANDLE
PR_REGRASDISTRIBUICAO,ORGAO,PR_COMARCAORGAOS,HANDLE
PR_REGRASDISTRIBUICAO,COMARCA,PR_ORGAOSCOMARCA,HANDLE
PR_REGRASDISTRIBUICAO,PEDIDO,PR_PEDIDOS,HANDLE
PR_REGRASDISTRIBUICAO,INCLUIDOPOR,Z_GRUPOUSUARIOS,HANDLE
PR_REGRASDISTRIBUICAO,ALTERADOPOR,Z_GRUPOUSUARIOS,HANDLE
PR_REGRASDISTRIBUICAO,FORO,PR_ORGAOCOMARCAFOROS,HANDLE
PR_REGRASDISTRIBUICAO,FILIAL,FILIAIS,HANDLE
PR_REMESSARECEPCAOPASTAS,LOCALEXTERNOEMPRESA,EMPRESAS,HANDLE
PR_REMESSARECEPCAOPASTAS,LOCALIZACAO,GN_ARQUIVOSFISICOS,HANDLE
PR_REMESSARECEPCAOPASTAS,LOCALEXTERNOFILIAL,FILIAIS,HANDLE
PR_REMESSARECEPCAOPASTAS,LOCALEXTERNODEPARTAMENTO,PR_DEPARTAMENTOS,HANDLE
PR_REMESSARECEPCAOPASTAS,LOCALEXTERNODIVISAO,PR_DEPARTAMENTODIVISOES,HANDLE
PR_REMESSARECEPCAOPASTAS,RESPONSAVEL,GN_PESSOAS,HANDLE
PR_REMESSARECEPCAOPASTAS,REMETENTE,GN_PESSOAS,HANDLE
PR_REMESSARECEPCAOPASTAS,LOCAL,GN_PESSOAS,HANDLE
PR_RESPOSTAAVALIACAOAUDIENCIA,AVALIACAOTESTEMUNHA,PR_AVALIACAOAUDIENCIATESTEMUNH,HANDLE
PR_RESPOSTAAVALIACAOAUDIENCIA,AVALIACAOASSOCIACAO,PR_ASSOCIARAVALIACAOAUDIENCIA,HANDLE
PR_RITORAMOSPROCESSUAIS,RITO,PR_RITOS,HANDLE
PR_RITOS,RITO,PR_EVENTOS,HANDLE
PR_RITOS,EVENTOACORDOPROCESSO,PR_EVENTOS,HANDLE
PR_RITOS,EVENTOENCERRAMENTOPENHORA,PR_EVENTOS,HANDLE
PR_SOLICITACAOPEDIDOS,PEDIDOGERADO,PR_PROCESSOPEDIDOS,HANDLE
PR_SOLICITACAOPEDIDOS,PROCESSO,PR_PROCESSOS,HANDLE
PR_SOLICITACAOPEDIDOS,CRITERIO,GN_CRITERIOS,HANDLE
PR_SOLICITACAOPEDIDOS,PEDIDO,PR_PEDIDOS,HANDLE
PR_SOLICITACAOPEDIDOS,MOEDA,GN_MOEDAS,HANDLE
PR_SOLICITACAOPEDIDOS,PEDIDODEPENDEDE,PR_PROCESSOPEDIDOS,HANDLE
PR_SOLICITACAOPEDIDOS,RISCO,PR_RISCOS,HANDLE
PR_SOLICITACAOPEDIDOS,DESDOBRAMENTO,PR_PROCESSODESDOBRAMENTOS,HANDLE
PR_SOLICITACAOPEDIDOS,RISCOPOSSIVEL,PR_RISCOS,HANDLE
PR_SOLICITACAOPEDIDOS,RISCOREMOTO,PR_RISCOS,HANDLE
PR_SOLICITACAOPEDIDOS,RISCOPROVAVEL,PR_RISCOS,HANDLE
PR_SOLICITACAOSEGUROGARANTIA,FINALIDADECONTRATACAO,PR_FINALIDADESEGUROGARANTIA,HANDLE
PR_SOLICITACAOSEGUROGARANTIA,PRAZO,PR_PRAZOSEGUROGARANTIA,HANDLE
PR_SOLICITACAOSEGUROGARANTIA,SOLICITANTE,Z_GRUPOUSUARIOS,HANDLE
PR_SOLICITACAOSEGUROGARANTIA,ESTADO,ESTADOS,HANDLE
PR_SOLICITACAOSEGUROGARANTIA,MUNICIPIO,MUNICIPIOS,HANDLE
PR_SOLICITACAOSEGUROGARANTIA,TIPOSOLICITACAO,PR_TIPOSEGUROGARANTIA,HANDLE
PR_SOLICITACAOSEGUROGARANTIA,SEGURADORA,GN_BANCOS,HANDLE
PR_TIPOSENCERRAMENTO,GRUPOENCERRAMENTO,PR_GRUPOENCERRAMENTO,HANDLE
PR_TIPOSENCERRAMENTODOCS,ENCERRAMENTO,PR_TIPOSENCERRAMENTO,HANDLE
PR_TIPOSENCERRAMENTODOCS,TIPODOCUMENTO,GE_TIPODOCUMENTO,HANDLE
PR_TITULOS,PRONOME,PR_PRONOMESTRATAMENTO,HANDLE
PR_TRIBUTOS,MOEDA,GN_MOEDAS,HANDLE
PR_TRIBUTOS,CRITERIO,GN_CRITERIOS,HANDLE
PR_VINCULOCONTAPROCESSO,CONTA,PR_CONTASANDAMENTOS,HANDLE
PV_PROVIDENCIAPRORROGACOES,PRORROGADOPOR,Z_GRUPOUSUARIOS,HANDLE
PV_PROVIDENCIATRANSFERENCIAS,NOVORESPONSAVELUSUARIO,Z_GRUPOUSUARIOS,HANDLE
PV_PROVIDENCIATRANSFERENCIAS,RESPONSAVELPESSOAANTERIOR,GN_PESSOAS,HANDLE
PV_PROVIDENCIATRANSFERENCIAS,RESPONSAVELPAPELANTERIOR,Z_WFPAPEIS,HANDLE
PV_PROVIDENCIATRANSFERENCIAS,NOVORESPONSAVELPESSOA,GN_PESSOAS,HANDLE
PV_PROVIDENCIATRANSFERENCIAS,NOVORESPONSAVELPAPEL,Z_WFPAPEIS,HANDLE
Q_AGRUPADORPROCESSOPEDIDOS,PEDIDO,PR_PEDIDOS,HANDLE
Q_AGRUPADORPROCESSOPEDIDOS,RISCO,PR_RISCOS,HANDLE
Q_AGRUPADORPROCESSOPEDIDOS,DESDOBRAMENTO,PR_PROCESSODESDOBRAMENTOS,HANDLE
Q_AGRUPADORPROCESSOPEDIDOS,PROCESSO,PR_PROCESSOS,HANDLE
Q_BL_ITENS,COLECAO,BL_COLECOES,HANDLE
Q_BL_ITENS,EDITORA,BL_EDITORAS,HANDLE
Q_BL_ITENS,MIDIA,BL_MIDIAS,HANDLE
Q_CHART_VC_CONTRATOSPORTIPO,TIPOCONTRATO,VC_TIPOSCONTRATOS,HANDLE
Q_FLUXOS,PASTA,PR_PROCESSOS,HANDLE
Q_FLUXOS,MODELO,Z_WFMODELOS,HANDLE
Q_FLUXOSPARTICIPANTES,MODELOINSTANCIA,Z_WFMODELOINSTANCIAS,HANDLE
Q_REMESSASELECAOITENS,PASTA,PR_PROCESSOS,HANDLE
Q_REMESSASELECAOITENS,FILIAL,FILIAIS,HANDLE
Q_REMESSASELECAOITENS,UNIDADE,GN_FILIALUNIDADES,HANDLE
Q_REMESSASELECAOITENS,FAVORECIDO,GN_PESSOAS,HANDLE
Q_REMESSASELECAOITENS,TIPODESPESA,FI_TIPODESPESAS,HANDLE
Q_REMESSASELECAOITENS,CREDENCIADO,GN_PESSOAS,HANDLE
Q_REMESSASELECAOITENS,GUIAPAGAMENTO,FN_GUIASPAGAMENTOS,HANDLE
Q_RESUMO_ANDAMENTOS,PROCESSO,PR_PROCESSOS,HANDLE
Q_RESUMO_ANDAMENTOS,DESDOBRAMENTO,PR_PROCESSODESDOBRAMENTOS,HANDLE
Q_RESUMO_PARTES,PARTICIPANTE,GN_PESSOAS,HANDLE
Q_VIEW_ADMINISTRADORESSOCIET,HINSTITUICAO,SO_INSTITUICOES,HANDLE
Q_VIEW_ADMINISTRADORESSOCIET,PESSOA,GN_PESSOAS,HANDLE
Q_VIEW_ADMINISTRADORESSOCIET,CARGO,GN_CARGOS,HANDLE
Q_VIEW_CONSULTIVOSMART,EMPRESA,EMPRESAS,HANDLE
Q_VIEW_CONSULTIVOSMART,FILIAL,FILIAIS,HANDLE
Q_VIEW_CONSULTIVOSMART,USUARIOSOLICITANTE,Z_GRUPOUSUARIOS,HANDLE
Q_VIEW_CONSULTIVOSMART,CONTRATANTE,GN_PESSOAS,HANDLE
Q_VIEW_CONSULTIVOSMART,CONTRATADA,GN_PESSOAS,HANDLE
Q_VIEW_CONSULTIVOSMART,ASSUNTOPREDEFINIDO,EJ_PARECERASSUNTOS,HANDLE
Q_VIEW_CRITERIOSCONSULTIVO,SOLICITANTEHANDLE,Z_GRUPOUSUARIOS,HANDLE
Q_VIEW_CRITERIOSCONSULTIVO,RESPONSAVELPAPEL,Z_WFPAPEIS,HANDLE
Q_VIEW_CRITERIOSCONSULTIVO,RESPONSAVELDEPARTAMENTO,PR_DEPARTAMENTOS,HANDLE
Q_VIEW_CRITERIOSCONSULTIVO,RESPONSAVELUSUARIO,Z_GRUPOUSUARIOS,HANDLE
Q_VIEW_CRITERIOSCONSULTIVO,DEPARTAMENTOHANDLE,PR_DEPARTAMENTOS,HANDLE
Q_VIEW_CRITERIOSCONSULTIVO,FILIALHANDLE,FILIAIS,HANDLE
Q_VIEW_DELIBERACOESSOCIET,CLASSIFICACAODOATO,SO_CLASSIFICACAOATOS,HANDLE
Q_VIEW_PARTICIPACOESACOES,INSTITUICAO,SO_INSTITUICOES,HANDLE
Q_VIEW_PARTICIPACOESACOES,ACIONISTA,SO_INSTITUICAOACIONISTAS,HANDLE
Q_VIEW_PARTICIPACOESACOES,TIPOACAO,SO_TIPOACOES,HANDLE
Q_VIEW_PARTICIPACOESQUOTAS,INSTITUICAO,SO_INSTITUICOES,HANDLE
Q_VIEW_PARTICIPACOESQUOTAS,ACIONISTA,SO_INSTITUICAOACIONISTAS,HANDLE
Q_WF_TAREFASCOORDENACAO,TAREFA,Z_WFTAREFAS,HANDLE
Q_WF_TAREFASCOORDENACAO,INSTANCIA,Z_WFMODELOINSTANCIAS,HANDLE
Q_WF_TAREFASCOORDENACAO,RESPONSAVEL,Z_GRUPOUSUARIOS,HANDLE
Q_WF_TAREFASCOORDENACAO,ATIVIDADE,Z_WFMODELOINSTANCIAATIVIDADES,HANDLE
R_CLASSIFICACOES,NIVELSUPERIOR,R_CLASSIFICACOES,HANDLE
R_CLASSIFICACOES,DETALHE,R_DETALHES,HANDLE
R_CLASSIFICACOES,CAMPO,Z_CAMPOS,HANDLE
R_CLASSIFICACOES,IMAGEM,Z_IMAGENS,HANDLE
R_DETALHEDETALHES,DETALHE,R_DETALHES,HANDLE
R_DETALHEDETALHES,CARREGAR,R_DETALHES,HANDLE
R_DETALHEDETALHES,SUMARIO,R_DETALHES,HANDLE
R_DETALHEDETALHES,CABECALHO,R_DETALHES,HANDLE
R_DETALHES,RELATORIO,R_RELATORIOS,HANDLE
R_DETALHES,SISTEMA,Z_CAMPOS,HANDLE
R_DETALHES,LINHASDEPOIS,NAOEXIBIRTOTAIS,HANDLE
R_GRUPORELATORIOS,MODULO,Z_ARVORES,HANDLE
R_GRUPORELATORIOS,GRUPO,R_GRUPOSRELATORIOS,HANDLE
R_QUEBRASDETALHE,RODAPE,R_DETALHES,HANDLE
R_QUEBRASDETALHE,DETALHE,R_DETALHES,HANDLE
R_RELATORIOFONTESDADOS,RELATORIO,R_RELATORIOS,HANDLE
R_RELATORIOFONTESDADOS,FONTEDADOS,Z_FONTESDADOS,HANDLE
R_RELATORIOIMPRESSOES,USUARIO,Z_GRUPOUSUARIOS,HANDLE
R_RELATORIOS,SUMARIO,R_DETALHES,HANDLE
R_RELATORIOS,DETALHE,R_DETALHES,HANDLE
R_RELATORIOS,CABECALHO,R_DETALHES,HANDLE
R_RELATORIOS,FILTRO,Z_FORMULARIOS,HANDLE
R_RELATORIOS,TITULO,R_DETALHES,HANDLE
R_RELATORIOS,TABELAVIRTUAL,Z_TABELAS,HANDLE
R_RELATORIOS,MODULO,Z_ARVORES,HANDLE
R_TAREFARELATORIOS,TAREFA,Z_TAREFAS,HANDLE
R_TAREFARELATORIOS,RELATORIO,R_RELATORIOS,HANDLE
RE_CONFIGURACOES,EMPRESA,EMPRESAS,HANDLE
RE_CONFIGURACOES,TIPOCONTADOR,QTDEDIGITOS,HANDLE
RE_DOCUMENTOANEXOS,DOCUMENTO,RE_DOCUMENTOS,HANDLE
RE_DOCUMENTOANEXOS,OBSERVACOES,EMPRESAS,HANDLE
RE_DOCUMENTOEVENTOPROVIDENCIAS,DOCUMENTO,RE_DOCUMENTOS,HANDLE
RE_DOCUMENTOEVENTOPROVIDENCIAS,EVENTO,RE_DOCUMENTOEVENTOS,HANDLE
RE_DOCUMENTOEVENTOPROVIDENCIAS,PROVIDENCIA,RE_PROVIDENCIAS,HANDLE
RE_DOCUMENTOEVENTOPROVIDENCIAS,RESPONSAVEL,GN_PESSOAS,HANDLE
RE_DOCUMENTOEVENTOPROVIDENCIAS,RESPONSAVELPAPEL,Z_WFPAPEIS,HANDLE
RE_DOCUMENTOEVENTOPROVIDENCIAS,SOLICITANTE,GN_PESSOAS,HANDLE
RE_DOCUMENTOEVENTOPROVIDENCIAS,CUMPRIDOPOR,Z_GRUPOUSUARIOS,HANDLE
RE_DOCUMENTOEVENTOS,INCLUIDOPOR,Z_GRUPOUSUARIOS,HANDLE
RE_DOCUMENTONUMERODOCS,DOCUMENTO,RE_DOCUMENTOS,HANDLE
RE_DOCUMENTOS,DOCUMENTO,RE_DOCUMENTOS,HANDLE
RE_DOCUMENTOS,EMPRESA,EMPRESAS,HANDLE
RE_DOCUMENTOS,FILIAL,FILIAIS,HANDLE
RE_DOCUMENTOS,USERASSOCIOUARQ,Z_GRUPOUSUARIOS,HANDLE
RE_DOCUMENTOS,MOTIVO,GE_MOTIVOS,HANDLE
RE_DOCUMENTOS,UNIDADEFILIAL,GN_FILIALUNIDADES,HANDLE
RE_DOCUMENTOS,IMOVEL,IM_PROPRIEDADEIMOBILIARIAS,HANDLE
RE_DOCUMENTOS,ENCERRADOPOR,Z_GRUPOUSUARIOS,HANDLE
RE_DOCUMENTOS,FILIALORIGEM,FILIAIS,HANDLE
RE_DOCUMENTOS,DEPARTAMENTO,PR_DEPARTAMENTOS,HANDLE
RE_DOCUMENTOS,ORGAO,PR_COMARCAORGAOS,HANDLE
RE_DOCUMENTOS,COMARCA,PR_ORGAOSCOMARCA,HANDLE
RE_DOCUMENTOS,INCLUIDOPOR,Z_GRUPOUSUARIOS,HANDLE
RE_DOCUMENTOS,TIPOLICENCA,RE_TIPOSLICENCAALVARA,HANDLE
RE_DOCUMENTOS,OBJETOLICENCA,RE_ASSUNTOS,HANDLE
RE_DOCUMENTOS,DIVISAO,PR_DEPARTAMENTODIVISOES,HANDLE
RE_DOCUMENTOS,LOCALIZACAO,GN_ARQUIVOSFISICOS,HANDLE
RE_DOCUMENTOS,FORO,PR_ORGAOCOMARCAFOROS,HANDLE
RE_DOCUMENTOS,JUIZO,PR_COMARCAORGAODISTRIBUICOES,HANDLE
RE_DOCUMENTOS,ORIGEMDOCUMENTO,GE_ORIGEMDOCUMENTOS,HANDLE
RE_DOCUMENTOS,ESPECIFICACAOEMISSOR,RE_DOCUMENTOS,HANDLE
RE_DOCUMENTOS,TIPOSITUACAO,RE_TIPOSSITUACAO,HANDLE
RE_DOCUMENTOS,STATUS,RE_TIPOSTATUS,HANDLE
RE_DOCUMENTOS,ORGAOEXPEDIDOR,EJ_ORGAOSCERTIDOES,HANDLE
RE_EVENTOSUGESTAOPROVIDENCIAS,RESPONSAVEL,GN_PESSOAS,HANDLE
RE_EVENTOSUGESTAOPROVIDENCIAS,EVENTO,RE_EVENTOS,HANDLE
RE_EVENTOSUGESTAOPROVIDENCIAS,PROVIDENCIA,RE_PROVIDENCIAS,HANDLE
RE_TIPOLICENCAALVARAALERTAS,TIPOLICENCAALVARA,RE_TIPOSLICENCAALVARA,HANDLE
RE_TIPOLICENCAALVARAALERTAS,ENCAMINHARPARA,GN_PESSOAS,HANDLE
RE_TIPOLICENCAALVARADOCALERTA,DOCUMENTO,RE_DOCUMENTOS,HANDLE
RE_TIPOLICENCAALVARAPROV,PROVIDENCIA,RE_PROVIDENCIAS,HANDLE
RE_TIPOSLICENCAALVARA,Z_GRUPO,IM_PARTEQUALIFICACOES,HANDLE
RE_TIPOSLICENCAALVARA,ANDAMENTO,RE_EVENTOS,HANDLE
RE_TIPOSLICENCAALVARA,PAPEL,Z_WFPAPEIS,HANDLE
SE_MONITORAMENTOLOG,MONITORAMENTO,SE_MONITORAMENTOPROCESSOS,HANDLE
SL_CONFIGURACOES,PAPELAPROVACAOCONTRATO,Z_WFPAPEIS,HANDLE
SL_CONFIGURACOES,PAPELAPROVACAOPROCURACOES,Z_WFPAPEIS,HANDLE
SL_CONFIGURACOES,PAPELAPROVAINICIALPROCURACAO,Z_WFPAPEIS,HANDLE
SL_CONFIGURACOES,PRAZODIASUTEISPROCURACAO,GE_TIPODOCUMENTO,HANDLE
SL_CONFIGURACOES,ANALISEJURIDICAPROCURACAO,GE_TIPODOCUMENTO,HANDLE
SL_CONFIGURACOES,PRAZODISTRIBUICAOPARECER,GE_TIPODOCUMENTO,HANDLE
SL_CONFIGURACOES,TIPODOCUMENTOPARECER,GE_TIPODOCUMENTO,HANDLE
SL_CONFIGURACOES,PAPELDISTRIBUICAOPROCURACAO,Z_WFPAPEIS,HANDLE
SL_CONFIGURACOES,PAPELAPROVACAOINICIALPARECER,Z_WFPAPEIS,HANDLE
SL_CONFIGURACOES,TIPODOCUMENTOPROCNOVA,GE_TIPODOCUMENTO,HANDLE
SL_CONFIGURACOES,PAPELAVALIACAOFINALPARECER,Z_WFPAPEIS,HANDLE
SL_LOTEALTERACAOPEDIDOS,SOLICITADOPOR,Z_GRUPOUSUARIOS,HANDLE
SL_LOTEALTERACAOPEDIDOS,CADASTRADOPOR,Z_GRUPOUSUARIOS,HANDLE
SL_SOLICITACAOALTERACAO,RISCOANTERIOR,PR_RISCOS,HANDLE
SL_SOLICITACAOALTERACAO,NOVORISCO,PR_RISCOS,HANDLE
SL_SOLICITACAOALTERACAO,PASTA,PR_PROCESSOS,HANDLE
SL_SOLICITACAOALTERACAO,DESDOBRAMENTO,PR_FASES,HANDLE
SL_SOLICITACAOALTERACAO,NOVAFASE,PR_FASES,HANDLE
SL_SOLICITACAOALTERACAO,SOLICITADOPOR,Z_GRUPOUSUARIOS,HANDLE
SL_SOLICITACAOALTERACAO,APROVADOPOR,Z_GRUPOUSUARIOS,HANDLE
SL_SOLICITACAOALTERACAO,REPROVADOPOR,Z_GRUPOUSUARIOS,HANDLE
SL_SOLICITACAOALTERACAO,CRITERIO,GN_CRITERIOS,HANDLE
SL_SOLICITACAOALTERACAO,CRITERIOANTERIOR,GN_CRITERIOS,HANDLE
SL_SOLICITACAOALTERACAO,LOTEPEDIDOS,SL_LOTEALTERACAOPEDIDOS,HANDLE
SL_SOLICITACAOALTERACAO,NUMEROPROCESSOPRINCIPAL,PR_PROCESSODESDOBRAMENTOS,HANDLE
SL_SOLICITACAOALTERACAO,FILIAL,FILIAIS,HANDLE
SL_SOLICITACAOALTERACAO,MOTIVOPEDIDOS,PR_MOTIVOSPROVISAOVALORES,HANDLE
SL_SOLICITACAOALTERACAO,FILIALANTERIOR,FILIAIS,HANDLE
SL_SOLICITACAOALTERACAO,JUROS,PR_CATEGORIAS,HANDLE
SL_SOLICITACAOALTERACAO,MOEDAANTERIOR,GN_MOEDAS,HANDLE
SL_SOLICITACAOALTERACAO,MOEDA,GN_MOEDAS,HANDLE
SL_SOLICITACAOALTERACAO,RISCOPOSSIVELNOVO,PR_RISCOS,HANDLE
SL_SOLICITACAOALTERACAO,RISCOREMOTONOVO,PR_RISCOS,HANDLE
SL_SOLICITACAOALTERACAO,RISCOPROVAVELANTERIOR,PR_RISCOS,HANDLE
SL_SOLICITACAOALTERACAO,RISCOREMOTOANTERIOR,PR_RISCOS,HANDLE
SL_SOLICITACAOALTERACAO,RISCOPOSSIVELANTERIOR,PR_RISCOS,HANDLE
SL_SOLICITACAOALTERACAO,RISCOPROVAVELNOVO,PR_RISCOS,HANDLE
SL_SOLICITACAOAUDITORIA,SOLICITACAO,SL_SOLICITACOES,HANDLE
SL_SOLICITACAOMANIFESTACOES,PAPELRESPONSAVEL,Z_WFPAPEIS,HANDLE
SL_SOLICITACAOMANIFESTACOES,SOLICITADOPOR,Z_GRUPOUSUARIOS,HANDLE
SL_SOLICITACAOMANIFESTACOES,SOLICITACAO,SL_SOLICITACOES,HANDLE
SL_SOLICITACAOMANIFESTACOES,FINALIZADOPOR,Z_GRUPOUSUARIOS,HANDLE
SL_SOLICITACAOMANIFESTACOES,USUARIORESPONSAVEL,Z_GRUPOUSUARIOS,HANDLE
SL_SOLICITACAOMANIFESTACOES,ENCAMINHARPARA,STATUS,HANDLE
SL_SOLICITACAOPARECERJURIDICO,USUARIOINCLUSAO,Z_GRUPOUSUARIOS,HANDLE
SL_SOLICITACOES,UNIDADEFILIAL,GN_FILIALUNIDADES,HANDLE
SL_SOLICITACOES,PROCURACAO,SO_PROCURACOES,HANDLE
SL_SOLICITACOES,SUBSTABELECIMENTO,SO_PROCURACAOSUBSTABELECIMENTO,HANDLE
SL_SOLICITACOES,CONTRATO,EJ_CONTRATOS,HANDLE
SL_SOLICITACOES,SOLICITADOPOR,Z_GRUPOUSUARIOS,HANDLE
SL_SOLICITACOES,APROVADOPOR,Z_GRUPOUSUARIOS,HANDLE
SL_SOLICITACOES,PROCESSO,PR_PROCESSOS,HANDLE
SL_SOLICITACOES,RISCO,PR_RISCOS,HANDLE
SL_SOLICITACOES,MOTIVOREATIVACAOPASTA,PR_MOTIVOSREATIVACAOPASTA,HANDLE
SL_SOLICITACOES,TRANSFERIDOPARA,Z_GRUPOUSUARIOS,HANDLE
SL_SOLICITACOES,RESPRESPOSTAPAPEL,Z_WFPAPEIS,HANDLE
SL_SOLICITACOES,RESPRESPOSTADEPARTAMENTO,PR_DEPARTAMENTOS,HANDLE
SL_SOLICITACOES,USUARIOSOLICITANTETRIAGEM,Z_GRUPOUSUARIOS,HANDLE
SL_SOLICITACOES,EMPRESA,EMPRESAS,HANDLE
SL_SOLICITACOES,FILIAL,FILIAIS,HANDLE
SL_SOLICITACOES,RESPONSAVELRESPOSTA,Z_GRUPOUSUARIOS,HANDLE
SL_SOLICITACOES,RESPRESPOSTADIVISAO,PR_DEPARTAMENTODIVISOES,HANDLE
SL_SOLICITACOES,K9_DIVISAO,PR_DEPARTAMENTODIVISOES,HANDLE
SO_ACIONISTAPARTICIPACOES,PARTICIPACAO,SO_ACIONISTAQUOTAS,HANDLE
SO_ACIONISTAPARTICIPACOES,TIPOACAO,SO_CAPITALTIPOACOES,HANDLE
SO_ACIONISTAPARTICIPACOES,INSTITUICAO,SO_INSTITUICOES,HANDLE
SO_ACIONISTAQUOTAS,INSTITUICAO,SO_INSTITUICOES,HANDLE
SO_ACIONISTAQUOTAS,ACIONISTA,SO_INSTITUICAOACIONISTAS,HANDLE
SO_ACIONISTAQUOTAS,ATO,SO_INSTITUICAOATOS,HANDLE
SO_ACIONISTAQUOTAS,INCLUSAOUSUARIO,Z_GRUPOUSUARIOS,HANDLE
SO_ACIONISTAQUOTAS,MOTIVO,SO_ACIONISTAINATIVACAOMOTIVOS,HANDLE
SO_ACIONISTAQUOTAS,ALTERACAOUSUARIO,Z_GRUPOUSUARIOS,HANDLE
SO_ADMINISTRACAOCARGOS,ADMINISTRACAO,SO_TIPOADMINISTRACOES,HANDLE
SO_ADMINISTRACAOCARGOS,CARGO,GN_CARGOS,HANDLE
SO_ATOSEMPROVIDENCIAS,INSTITUICAO,SO_INSTITUICOES,HANDLE
SO_ATOSEMPROVIDENCIAS,RESPONSAVEL,GN_PESSOAS,HANDLE
SO_ATOSEMPROVIDENCIAS,TIPOATO,SO_SIGLAATOS,HANDLE
SO_ATOSEMPROVIDENCIAS,ATO,SO_INSTITUICAOATOS,HANDLE
SO_ATOSOCIETARIOPARTICIPANTES,PARTICIPANTES,GN_PESSOAS,HANDLE
SO_ATOSPROVIDENCIAS,EVENTO,SO_INSTITUICAOEVENTOS,HANDLE
SO_ATOSPROVIDENCIAS,RESPONSAVEL,GN_PESSOAS,HANDLE
SO_CAPITALTIPOACOES,ALTERACAOCAPITAL,SO_INSTITUICAOALTERACAOCAPITAL,HANDLE
SO_CAPITALTIPOACOES,TIPOACAO,SO_TIPOACOES,HANDLE
SO_CARGOPODERES,PODER,SO_PODERES,HANDLE
SO_CARTORIOS,COMARCA,PR_COMARCAS,HANDLE
SO_CARTORIOS,MUNICIPIO,MUNICIPIOS,HANDLE
SO_COMITEASSESSORAMENTOS,COMITE,SO_COMITES,HANDLE
SO_COMITEASSESSORAMENTOS,CONSELHO,SO_INSTITUICAOCONSELHOS,HANDLE
SO_CONFIGURACOES,MOTIVOPADRAO,SO_REVOGACAOMOTIVOS,HANDLE
SO_CONFIGURACOES,COORDENADORPROCURACOES,Z_PAPEIS,HANDLE
SO_CONFIGURACOES,COORDENADORJURIDICO,Z_PAPEIS,HANDLE
SO_CONFIGURACOES,RESPONSAVELPORANEXAR,Z_PAPEIS,HANDLE
SO_INSTITUICAOACIONISTAS,INSTITUICAO,SO_INSTITUICOES,HANDLE
SO_INSTITUICAOACIONISTAS,PESSOA,GN_PESSOAS,HANDLE
SO_INSTITUICAOACIONISTAS,INCLUSAOUSUARIO,Z_GRUPOUSUARIOS,HANDLE
SO_INSTITUICAOACIONISTAS,ALTERACAOUSUARIO,Z_GRUPOUSUARIOS,HANDLE
SO_INSTITUICAOACIONISTAS,MOEDA,GN_MOEDAS,HANDLE
SO_INSTITUICAOADMCARGOS,ADMINISTRACAO,SO_INSTITUICAOADMINISTRACOES,HANDLE
SO_INSTITUICAOADMINISMANDATOS,LIVRO,SO_TIPOATOS,HANDLE
SO_INSTITUICAOADMINISMANDATOS,ATO,SO_INSTITUICAOATOS,HANDLE
SO_INSTITUICAOADMINISMANDATOS,ADMINISTRADOR,SO_INSTITUICAOADMINISTRADORES,HANDLE
SO_INSTITUICAOADMINISTRACOES,INSTITUICAO,SO_INSTITUICOES,HANDLE
SO_INSTITUICAOADMINISTRADORES,INSTITUICAO,SO_INSTITUICOES,HANDLE
SO_INSTITUICAOADMINISTRADORES,ADMINISTRACAO,SO_INSTITUICAOADMINISTRACOES,HANDLE
SO_INSTITUICAOADMINISTRADORES,PESSOA,GN_PESSOAS,HANDLE
SO_INSTITUICAOADMINISTRADORES,CARGO,SO_INSTITUICAOADMCARGOS,HANDLE
SO_INSTITUICAOADMINISTRADORES,LIVRO,SO_TIPOATOS,HANDLE
SO_INSTITUICAOADMINISTRADORES,ATO,SO_INSTITUICAOATOS,HANDLE
SO_INSTITUICAOALTERACAOCAPITAL,INSTITUICAO,SO_INSTITUICOES,HANDLE
SO_INSTITUICAOALTERACAOCAPITAL,ATO,SO_INSTITUICAOATOS,HANDLE
SO_INSTITUICAOALTERACAOCAPITAL,VALORESCONFIRMADOS,QUANTIDADEDEQUOTAS,HANDLE
SO_INSTITUICAOATODELIBERACOES,ATO,SO_INSTITUICAOATOS,HANDLE
SO_INSTITUICAOATODELIBERACOES,DELIBERACAO,OBSERVACOES,HANDLE
SO_INSTITUICAOATOS,ATO,SO_TIPOATOS,HANDLE
SO_INSTITUICAOATOS,TIPOATO,SO_SIGLAATOS,HANDLE
SO_INSTITUICAOATOS,ESPECIFICACAO,SO_CLASSIFATOSESPECIFICACOES,HANDLE
SO_INSTITUICAOATOS,CLASSIFICACAODOATO,SO_CLASSIFICACAOATOS,HANDLE
SO_INSTITUICAOCARGOAREASCOPIA,DEPARTAMENTO,PR_DEPARTAMENTOS,HANDLE
SO_INSTITUICAOCARGOAREASCOPIA,DIVISAO,PR_DEPARTAMENTODIVISOES,HANDLE
SO_INSTITUICAOCARGOAREASCOPIA,INSTITUICAO,SO_INSTITUICOES,HANDLE
SO_INSTITUICAOCARGOAREASCOPIA,INSTITUICAOCARGO,OBSERVACOES,HANDLE
SO_INSTITUICAOCARGOCOMPETENCIA,INSTITUICAO,SO_INSTITUICOES,HANDLE
SO_INSTITUICAOCARGOCOMPETENCIA,NORMA,SO_INSTITUICAONORMAS,HANDLE
SO_INSTITUICAOCONSELHOS,INSTITUICAO,SO_INSTITUICOES,HANDLE
SO_INSTITUICAODECISAOAREACOPIA,INSTITUICAO,SO_INSTITUICOES,HANDLE
SO_INSTITUICAODECISAOAREACOPIA,DECISAOCIRCULAR,SO_INSTITUICAODECISAOCIRCULAR,HANDLE
SO_INSTITUICAODECISAOAREACOPIA,DEPARTAMENTO,OBSERVACOES,HANDLE
SO_INSTITUICAODECISAOAREAENV,INSTITUICAO,SO_INSTITUICOES,HANDLE
SO_INSTITUICAODECISAOAREAENV,DECISAOCIRCULAR,SO_INSTITUICAODECISAOCIRCULAR,HANDLE
SO_INSTITUICAODECISAOAREAENV,DEPARTAMENTO,OBSERVACOES,HANDLE
SO_INSTITUICAODECISAOCIRCULAR,AREARESPONSAVEL,PR_DEPARTAMENTOS,HANDLE
SO_INSTITUICAODECISAOCIRCULAR,INSTITUICAO,SO_INSTITUICOES,HANDLE
SO_INSTITUICAODECISAOCIRCULAR,DIRETORIA,SO_INSTITUICAODIRETORIA,HANDLE
SO_INSTITUICAODECISAOCIRCULAR,CLASSIFICACAOASSUNTO,SO_CLASSIFICACAODECISAO,HANDLE
SO_INSTITUICAODECISAOCOMIALERT,NUMERODEALERTAS,SO_INSTITUICAODECISAOCOMISSAO,HANDLE
SO_INSTITUICAODECISAOCOMIALERT,ALERTA,SO_TIPOALERTAS,HANDLE
SO_INSTITUICAODECISAOCOMISSAO,EMPRESA,EMPRESAS,HANDLE
SO_INSTITUICAODECISAOCOMISSAO,HISTORICO,SO_INSTITUICAODECISAOCIRCULAR,HANDLE
SO_INSTITUICAODECISAOCOMISSAO,SITUACAOATUAL,SO_INSTITUICOES,HANDLE
SO_INSTITUICAODECISAOCOMPARTIC,OBSERVACOES,GN_PESSOAS,HANDLE
SO_INSTITUICAODECISAOCOMPARTIC,INSTITUICAO,SO_INSTITUICOES,HANDLE
SO_INSTITUICAODECISAOCOMPARTIC,DECISAOCIRCULAR,SO_INSTITUICAODECISAOCIRCULAR,HANDLE
SO_INSTITUICAODECISAOCOMPARTIC,DESLIGAMENTO,SO_INSTITUICAODECISAOCOMISSAO,HANDLE
SO_INSTITUICAODECISAOESTRUTURA,INSTITUICAO,SO_INSTITUICOES,HANDLE
SO_INSTITUICAODIRETORIAS,INSTITUICAO,SO_INSTITUICOES,HANDLE
SO_INSTITUICAOENDERECOS,INSTITUICAO,SO_INSTITUICOES,HANDLE
SO_INSTITUICAOENDERECOS,PAIS,PAISES,HANDLE
SO_INSTITUICAOENDERECOS,ESTADO,ESTADOS,HANDLE
SO_INSTITUICAOENDERECOS,MUNICIPIO,MUNICIPIOS,HANDLE
SO_INSTITUICAOENVIARPARA,ALERTA,SO_INSTITUICAODECISAOCOMIALERT,HANDLE
SO_INSTITUICAOEVENTOPROVIDENCI,SOLICITANTE,GN_PESSOAS,HANDLE
SO_INSTITUICAOEVENTOPROVIDENCI,RESPONSAVEL,GN_PESSOAS,HANDLE
SO_INSTITUICAOEVENTOPROVIDENCI,EVENTO,SO_INSTITUICAOEVENTOS,HANDLE
SO_INSTITUICAOEVENTOPROVIDENCI,PROVIDENCIA,SO_SUGESTAOPROVIDENCIAS,HANDLE
SO_INSTITUICAOEVENTOPROVIDENCI,HANDLEPROVIDENCIA,SO_PROVIDENCIAS,HANDLE
SO_INSTITUICAOEVENTOPROVIDENCI,RESPONSAVELPAPEL,Z_WFPAPEIS,HANDLE
SO_INSTITUICAOEVENTOPROVPROROG,EVENTO,SO_INSTITUICAOEVENTOS,HANDLE
SO_INSTITUICAOEVENTOPROVPROROG,PROVIDENCIA,SO_INSTITUICAOEVENTOPROVIDENCI,HANDLE
SO_INSTITUICAOEVENTOPROVTRANSF,EVENTO,SO_INSTITUICAOEVENTOS,HANDLE
SO_INSTITUICAOEVENTOPROVTRANSF,PROVIDENCIA,SO_INSTITUICAOEVENTOPROVIDENCI,HANDLE
SO_INSTITUICAOEVENTOS,INSTITUICAO,SO_INSTITUICOES,HANDLE
SO_INSTITUICAOFILIAIS,INSTITUICAO,SO_INSTITUICOES,HANDLE
SO_INSTITUICAOFILIAIS,PAIS,PAISES,HANDLE
SO_INSTITUICAOFILIAIS,ESTADO,ESTADOS,HANDLE
SO_INSTITUICAOFILIAIS,MUNICIPIO,MUNICIPIOS,HANDLE
SO_INSTITUICAOFILIAIS,TIPOFILIAL,SO_TIPOFILIAIS,HANDLE
SO_INSTITUICAOFILIAIS,MOTIVOENCERRAMENTO,SO_MOTIVOENCERRAMENTOFILIAL,HANDLE
SO_INSTITUICAOFILIAIS,LIVRO,SO_TIPOATOS,HANDLE
SO_INSTITUICAONORMAREVOGADAS,NORMA,SO_INSTITUICAONORMAS,HANDLE
SO_INSTITUICAONORMAS,INSTITUICAO,SO_INSTITUICOES,HANDLE
SO_INSTITUICAONORMAS,CLASSIFICACAOASSUNTO,SO_CLASSIFICACAONORMA,HANDLE
SO_INSTITUICAONORMAS,SIGLACLASSIFICACAO,SO_CLASSIFICACAONORMA,HANDLE
SO_INSTITUICAONORMASAREASCOP,INSTITUICAO,SO_INSTITUICOES,HANDLE
SO_INSTITUICAONORMASAREASCOP,NORMA,SO_INSTITUICAONORMAS,HANDLE
SO_INSTITUICAONORMASAREASENV,INSTITUICAO,SO_INSTITUICOES,HANDLE
SO_INSTITUICAONORMASAREASENV,NORMA,SO_INSTITUICAONORMAS,HANDLE
SO_INSTITUICAOORGANOGRAMA,INSTITUICAO,SO_INSTITUICOES,HANDLE
SO_INSTITUICAOORGANOGRAMAAREAS,ORGANOGRAMA,SO_INSTITUICAOORGANOGRAMA,HANDLE
SO_INSTITUICAOORGANOGRAMAAREAS,DEPARTAMENTO,OBSERVACOES,HANDLE
SO_INSTITUICAOTIPOSFILIAIS,INSTITUICAO,SO_INSTITUICOES,HANDLE
SO_INSTITUICOES,EMPRESA,EMPRESAS,HANDLE
SO_INSTITUICOES,TIPOINSTITUICAO,SO_TIPOINSTITUICOES,HANDLE
SO_INSTITUICOES,ATO,SO_INSTITUICAOATOS,HANDLE
SO_INSTITUICOES,MOEDA,GN_MOEDAS,HANDLE
SO_INSTITUICOES,MOTIVO,SO_MOTIVOINATIVACOES,HANDLE
SO_INSTITUICOES,ENDERECO,GN_PESSOAENDERECOS,HANDLE
SO_OUTORGADOS,PROCURACAO,SO_PROCURACOES,HANDLE
SO_OUTORGADOS,PESSOA,GN_PESSOAS,HANDLE
SO_OUTORGANTEREPRESENTANTES,PROCURACAO,SO_PROCURACOES,HANDLE
SO_OUTORGANTES,PROCURACAO,SO_PROCURACOES,HANDLE
SO_OUTORGANTES,PESSOA,GN_PESSOAS,HANDLE
SO_PERTENCEAOGRUPO,PESSOA,GN_PESSOAS,HANDLE
SO_PERTENCEAOGRUPO,PERTENCEAOGRUPO,OBSERVACOES,HANDLE
SO_PESSOACARGOS,PESSOA,GN_PESSOAS,HANDLE
SO_PESSOACARGOS,COMITE,SO_COMITES,HANDLE
SO_PESSOACARGOS,CONSELHO,SO_INSTITUICAOCONSELHOS,HANDLE
SO_PESSOACARGOS,DIRETORIA,SO_INSTITUICAODIRETORIAS,HANDLE
SO_PESSOAFUNCOES,INSTITUICAO,SO_INSTITUICOES,HANDLE
SO_PESSOAFUNCOES,ORGAOREGULADOR,SO_ORGAOREGULADOR,HANDLE
SO_PROCSUBSMANDREPRESENTANTES,MANDATARIO,SO_PROCURACAOSUBSTABMANDATARIO,HANDLE
SO_PROCSUBSMANDREPRESENTANTES,PESSOA,GN_PESSOAS,HANDLE
SO_PROCURACAOAREADESTINO,PROCURACAO,SO_PROCURACOES,HANDLE
SO_PROCURACAOAREADESTINO,AREA,PR_DEPARTAMENTOS,HANDLE
SO_PROCURACAOAREADESTINO,DIVISAO,PR_DEPARTAMENTODIVISOES,HANDLE
SO_PROCURACAOAREADESTINO,AREADESTINO,OBSERVACOES,HANDLE
SO_PROCURACAOCONTRATOS,PROCURACAO,SO_PROCURACOES,HANDLE
SO_PROCURACAODOCUMENTOS,PROCURACAO,SO_PROCURACOES,HANDLE
SO_PROCURACAODOCUMENTOS,INCLUIDOPOR,Z_GRUPOUSUARIOS,HANDLE
SO_PROCURACAODOCUMENTOS,ALTERADORPOR,Z_GRUPOUSUARIOS,HANDLE
SO_PROCURACAODOCUMENTOS,TIPODOCUMENTO,GE_TIPODOCUMENTO,HANDLE
SO_PROCURACAOPODERES,PODER,SO_PODERES,HANDLE
SO_PROCURACAOPODERPROCESSOS,PROCESSO,PR_PROCESSOS,HANDLE
SO_PROCURACAOPODERPROCESSOS,CATEGORIA,PR_PROCESSOS,HANDLE
SO_PROCURACAOSUBSTABDOCUMENTOS,SUBSTABELECIMENTO,SO_PROCURACAOSUBSTABELECIMENTO,HANDLE
SO_PROCURACAOSUBSTABELECIMENTO,CODIGORENOVADO,SO_PROCURACAOSUBSTABELECIMENTO,HANDLE
SO_PROCURACAOSUBSTABELECIMENTO,SUBSTABELECIMENTORENOVADO,SO_PROCURACAOSUBSTABELECIMENTO,HANDLE
SO_PROCURACAOSUBSTABELECIMENTO,PROCESSO,PR_PROCESSOS,HANDLE
SO_PROCURACAOSUBSTABELECIMENTO,CATEGORIA,PR_PROCESSOS,HANDLE
SO_PROCURACAOSUBSTABELECIMENTO,TIPOPROCESSO,PR_PROCESSOS,HANDLE
SO_PROCURACAOSUBSTABELECIMENTO,DEPARTAMENTO,PR_DEPARTAMENTOS,HANDLE
SO_PROCURACAOSUBSTABELECIMENTO,MOTIVOREVOGACAO,SO_REVOGACAOMOTIVOS,HANDLE
SO_PROCURACAOSUBSTABELECIMENTO,PROCURACAO,SO_PROCURACOES,HANDLE
SO_PROCURACAOSUBSTABELECIMENTO,SOLICITACAO,SL_SOLICITACOES,HANDLE
SO_PROCURACAOSUBSTABELECIMENTO,SUBSTABELECIMENTOSUPERIOR,SO_PROCURACAOSUBSTABELECIMENTO,HANDLE
SO_PROCURACAOSUBSTABELECIMENTO,RESPONSAVELRESPOSTA,Z_GRUPOUSUARIOS,HANDLE
SO_PROCURACAOSUBSTABELECIMENTO,K9_DEPARTAMENTO,PR_DEPARTAMENTOS,HANDLE
SO_PROCURACAOSUBSTABELECIMENTO,K9_DIVISAO,PR_DEPARTAMENTODIVISOES,HANDLE
SO_PROCURACAOSUBSTABMANDATARIO,SUBSTABELECIMENTO,SO_PROCURACAOSUBSTABELECIMENTO,HANDLE
SO_PROCURACAOSUBSTABMANDATARIO,MANDATARIO,OBSERVACOES,HANDLE
SO_PROCURACAOSUBSTABPODERES,SUBSTABELECIMENTO,SO_PROCURACAOSUBSTABELECIMENTO,HANDLE
SO_PROCURACAOSUBSTABPODERES,PODER,SO_PODERES,HANDLE
SO_PROCURACAOSUBSTABPODERPROC,PODER,SO_PROCURACAOSUBSTABPODERES,HANDLE
SO_PROCURACAOSUBSTABPODERPROC,PROCESSO,PR_PROCESSOS,HANDLE
SO_PROCURACAOSUBSUBSTABELECIDO,SUBSTABELECIMENTO,SO_PROCURACAOSUBSTABELECIMENTO,HANDLE
SO_PROCURACAOSUBSUBSTABELECIDO,SUBSTABELECIDO,GN_PESSOAS,HANDLE
SO_PROCURACAOUTORGADOCOMPGRUPO,OUTORGADO,SO_OUTORGADOS,HANDLE
SO_PROCURACOES,AREA,PR_DEPARTAMENTOS,HANDLE
SO_PROCURACOES,MOTIVOREVOGACAO,SO_REVOGACAOMOTIVOS,HANDLE
SO_PROCURACOES,PROCESSO,PR_PROCESSOS,HANDLE
SO_PROCURACOES,COMARCA,PR_COMARCAS,HANDLE
SO_PROCURACOES,CARTORIO,SO_CARTORIOS,HANDLE
SO_PROCURACOES,CATEGORIA,PR_PROCESSOS,HANDLE
SO_PROCURACOES,SOLICITACAO,SL_SOLICITACOES,HANDLE
SO_PROCURACOES,SOLICITACAORECUSADAPOR,GN_PESSOAS,HANDLE
SO_PROCURACOES,PROCURACAORENOVADA,SO_PROCURACOES,HANDLE
SO_PROCURACOES,CODIGORENOVADA,SO_PROCURACOES,HANDLE
SO_PROCURACOES,OUTORGADOS,GN_PESSOAS,HANDLE
SO_PROCURACOES,OUTORGANTES,GN_PESSOAS,HANDLE
SO_PROCURACOES,CONTRATO,EJ_CONTRATOS,HANDLE
SO_PROCURACOES,SOLICITACAOANALISADAPOR,GN_PESSOAS,HANDLE
SO_PROCURACOES,UNIDADEFILIAL,GN_FILIALUNIDADES,HANDLE
SO_PROCURACOES,MOTIVO,SO_MOTIVOSOLICITACOES,HANDLE
SO_PROCURACOES,MINUTA,EJ_MINUTAS,HANDLE
SO_PROCURACOES,RESPONSAVELRESPOSTA,Z_GRUPOUSUARIOS,HANDLE
SO_PROCURACOES,FILIAL,FILIAIS,HANDLE
SO_PROCURACOES,USUARIOSOLICITANTE,Z_GRUPOUSUARIOS,HANDLE
SO_PROCURACOES,PROCURACAOEXTERNA,K9_DIVISAO,HANDLE
SO_PROCURACOESGRUPOS,TIPOMINUTA,EJ_MINUTAS,HANDLE
SO_RECURSOS,RECURSO,GN_PESSOAS,HANDLE
SO_RECURSOS,VALORHORA,OBSERVACOES,HANDLE
SO_SUGESTAOPROVIDENCIAS,RESPONSAVEL,GN_PESSOAS,HANDLE
SO_TIMESHEET,RECURSO,SO_RECURSOS,HANDLE
SO_TIMESHEET,PROCESSO,PR_PROCESSOS,HANDLE
SO_TIMESHEET,DESDOBRAMENTO,PR_PROCESSODESDOBRAMENTOS,HANDLE
SO_TIPOATODOCUMENTOS,INSTITUICAO,SO_INSTITUICOES,HANDLE
SO_TIPOATODOCUMENTOS,TIPOATO,SO_TIPOATOS,HANDLE
SO_TIPOATOS,INSTITUICAO,SO_INSTITUICOES,HANDLE
SO_TIPOATOS,SIGLA,SO_SIGLAATOS,HANDLE
ST_MONITORSTATUS,ULTENVIOEMAILSUCESSO,QTDBTLPROCESSOS,HANDLE
SX_COMPETENCIAS,INCLUIDOPOR,Z_GRUPOUSUARIOS,HANDLE
SX_COMPETENCIAS,ALTERADORPOR,Z_GRUPOUSUARIOS,HANDLE
TEMP_NOVOPARTICIPANTE,PROCESSO,PR_PROCESSOS,HANDLE
TEMP_NOVOPARTICIPANTE,DESDOBRAMENTO,PR_PROCESSODESDOBRAMENTOS,HANDLE
TEMP_NOVOPARTICIPANTE,CONDICAO,PR_PARTEQUALIFICACAO,HANDLE
TEMP_NOVOPARTICIPANTE,PESSOACADASTRADA,GN_PESSOAS,HANDLE
TEMP_NOVOPARTICIPANTE,HANDLEPAGAMENTO,FI_SOLICITACAOPAGAMENTOS,HANDLE
TEMP_NOVOPARTICIPANTE,HANDLEDEPOSITO,FI_SOLICITACAODEPOSITOS,HANDLE
TEMP_NOVOPARTICIPANTE,USUARIO,Z_GRUPOUSUARIOS,HANDLE
TEMP_NOVOPARTICIPANTE,PESSOA,GN_PESSOAS,HANDLE
TMP_ATUALIZACAOCRITERIOS,CRITERIO,GN_CRITERIOS,HANDLE
TV_ACIONISTASOCIETARIO,HANDLE,SO_INSTITUICOES,HANDLE
TV_ADVOGADOINTERNOPETICAO,PROCESSO,PR_PROCESSOS,HANDLE
TV_ALTERRESPONSAIMOBILIARIO,RESPONSAVEL,Z_GRUPOUSUARIOS,HANDLE
TV_ALTERRESPONSAIMOBILIARIO,NOVORESPONSAVEL,Z_GRUPOUSUARIOS,HANDLE
TV_ALTERRESPONSAIMOBILIARIO,MOTIVODESCRICAO,CONTRATOS,HANDLE
TV_ASSOCIARQUESTIONARIO,Z_GRUPO,PEDIDOS,HANDLE
TV_AUDIENCIAS,Z_GRUPO,GN_PESSOAS,HANDLE
TV_COMPROMISSOS,USUARIO,Z_GRUPOUSUARIOS,HANDLE
TV_COMPROMISSOS,PENDENTES,CUMPRIDOS,HANDLE
TV_CONSULTAUSUARIOS,Z_GRUPO,EMPRESAS,HANDLE
TV_CONSULTAUSUARIOS,EMPRESA,EMPRESAS,HANDLE
TV_CONSULTAUSUARIOS,GRUPO,Z_GRUPOS,HANDLE
TV_CONSULTAUSUARIOS,RELATORIO,GI_RELATORIOS,HANDLE
TV_CONSULTIVOSMART,SOLICITADOATE,PR_DEPARTAMENTOS,HANDLE
TV_CONSULTIVOSMART,PRAZO,EJ_PARECERASSUNTOS,HANDLE
TV_CONSULTIVOSMART,RELATORIO,GI_RELATORIOS,HANDLE
TV_CONSULTIVOSMART,TIPOCONTRATO,GN_PESSOAS,HANDLE
TV_CONSULTIVOSMART,SOLICITANTE,PR_DEPARTAMENTODIVISOES,HANDLE
TV_CONTRATOSSINTETICO,FILTRO,GN_PESSOAS,HANDLE
TV_COPIARCRITERIO,VIGENCIA,CT_CRITERIOVIGENCIAS,HANDLE
TV_DEFINICAOASSINANTESDIGITAIS,Z_GRUPO,GN_ASSINANTEDIGITAL,HANDLE
TV_DEFINICAOASSINANTESDIGITAIS,CONTRATO,EJ_CONTRATOS,HANDLE
TV_DIFERENCAACEITAVEL,CONCILIACAOCRUZADO,CB_CONCILIACAOCRUZADOS,HANDLE
TV_DOCUMENTOS,Z_GRUPO,GE_PALAVRASREFERENCIA,HANDLE
TV_DOCUMENTOS,FILTRO,FT_DOCUMENTOS,HANDLE
TV_DOCUMENTOS,FINAL,Z_GRUPOUSUARIOS,HANDLE
TV_DOCUMENTOS,EXPRESSAOPALAVRAREFERENCIA,INFORMACOES,HANDLE
TV_ENCERRARPASTA,PASTA,PR_PROCESSOS,HANDLE
TV_FILTROACERVOS,ACAO,BL_ITENS,HANDLE
TV_FILTROAGENDA,PENDENTES,Z_GRUPOUSUARIOS,HANDLE
TV_FILTROAGENDA,CUMPRIDOS,PR_CATEGORIAS,HANDLE
TV_FILTROAPROVACAOTECNICA,Z_GRUPO,FI_LOTES,HANDLE
TV_FILTROAPROVACAOTECNICA,TIPOPESSOAADTREEMB,FI_TIPODESPESAS,HANDLE
TV_FILTROAPROVACAOTECNICA,TRANSFERENCIABANCDEP,FN_GUIASPAGAMENTOS,HANDLE
TV_FILTROAPROVACAOTECNICA,CONVENIODEP,FI_SOLICITACAOPAGAMENTOS,HANDLE
TV_FILTROAPROVACAOTECNICA,GERARPARCPAG,PR_CATEGORIAOBJETODEPOSITO,HANDLE
TV_FILTROAPROVACAOTECNICA,VENCIMENTOFINAL,CT_CC,HANDLE
TV_FILTROAPROVACAOTECNICA,TRANSFERENCIABANCADTREEMB,PR_CATEGORIAS,HANDLE
TV_FILTROAPROVACAOTECNICA,GERAPARCELASDEP,FN_GUIASPAGAMENTOS,HANDLE
TV_FILTROAPROVACAOTECNICA,CONVENIOPAG,FI_TIPODESPESAS,HANDLE
TV_FILTROAUDIENCIAS,ADVERSOPRINCIPAL,GN_PESSOAS,HANDLE
TV_FILTROCALCULOTRABALHISTA,Z_GRUPO,PR_CATEGORIAS,HANDLE
TV_FILTROCALCULOTRABALHISTA,TIPOPROCESSO,PR_FASES,HANDLE
TV_FILTROCALCULOTRABALHISTA,RELATORIO,GI_RELATORIOS,HANDLE
TV_FILTROCAPTURAMOVIMENTACOES,NUMEROPROCESSO,GN_PESSOAS,HANDLE
TV_FILTROCODIGOEXTERNO,HANDLE,Z_TABELAS,HANDLE
TV_FILTROCOMPARACAOPROVISAO,PASSIVO,PR_CATEGORIATIPOACOES,HANDLE
TV_FILTROCONSULTAFLUXOGENERICO,Z_GRUPO,PR_DEPARTAMENTODIVISOES,HANDLE
TV_FILTROCONSULTAFLUXOGENERICO,STCONCLUIDO,Z_GRUPOUSUARIOS,HANDLE
TV_FILTROCONSULTAFLUXOGENERICO,RELATORIO,GI_RELATORIOS,HANDLE
TV_FILTROCONSULTAFLUXOGENERICO,INICIOATE,Z_GRUPOUSUARIOS,HANDLE
TV_FILTROCONSULTAPROVISAO,EMENCERRAMENTO,PR_CATEGORIATIPOACOES,HANDLE
TV_FILTROCONSULTAPROVISAO,RELATORIO,GI_RELATORIOS,HANDLE
TV_FILTROCONSULTAPROVISAO,COMPETENCIA,PR_PROCESSOS,HANDLE
TV_FILTROCONSULTAPROVISAO,PASSIVO,UNIDADES,HANDLE
TV_FILTROCONSULTATAREFAS,VENCEATE,Z_GRUPOUSUARIOS,HANDLE
TV_FILTROESOCIAL,RELATORIO,PROCESSOSGERADOS,HANDLE
TV_FILTROESOCIALFATOSGERADORES,RELATORIO,GI_RELATORIOS,HANDLE
TV_FILTROFECHAMENTOHONORARIOS,SITUACAOPASTA,PR_DEPARTAMENTOS,HANDLE
TV_FILTROFECHAMENTOHONORARIOS,COMPETENCIAFIM,GN_PESSOAS,HANDLE
TV_FILTROFECHAMENTOHONORARIOS,RELATORIO,GI_RELATORIOS,HANDLE
TV_FILTROFECHAMENTOHONORARIOS,PASTA,PR_PROCESSOS,HANDLE
TV_FILTROFECHAMENTOSPROVISOES,CATEGORIA,PR_CATEGORIAS,HANDLE
TV_FILTROFECHAMENTOSPROVISOES,RELATORIO,GI_RELATORIOS,HANDLE
TV_FILTROFECHAMENTOSPROVISOES,TIPOACAO,PR_CATEGORIATIPOACOES,HANDLE
TV_FILTROFECHAMENTOSPROVISOES,EMPRESA,FILIAIS,HANDLE
TV_FILTROIMOBILIARIO,PARTICIPANTETABELA,GN_PESSOAS,HANDLE
TV_FILTROIMOBILIARIO,MUNICIPIO,MUNICIPIOS,HANDLE
TV_FILTROIMOBILIARIO,TIPOLICENCA,RE_TIPOSLICENCAALVARA,HANDLE
TV_FILTROIMOBILIARIO,ORGAO,EJ_ORGAOSCERTIDOES,HANDLE
TV_FILTROIMOBILIARIO,IMOVELFILIAL,FILIAIS,HANDLE
TV_FILTROIMOBILIARIO,TIPOIMOVEL,IM_TIPOLOJAS,HANDLE
TV_FILTROIMOBILIARIO,INCLUIDOPOR,Z_GRUPOUSUARIOS,HANDLE
TV_FILTROIMOVEISDISPONIVEIS,ESTADO,ESTADOS,HANDLE
TV_FILTROIMOVEISDISPONIVEIS,MUNICIPIO,MUNICIPIOS,HANDLE
TV_FILTROIMOVEISDISPONIVEIS,TIPODEIMOVEL,IM_TIPOLOJAS,HANDLE
TV_FILTROIMOVEISLIVRES,ESTADO,ESTADOS,HANDLE
TV_FILTROIMOVEISLIVRES,MUNICIPIO,MUNICIPIOS,HANDLE
TV_FILTROIMOVEISLIVRES,TIPOIMOVEL,IM_TIPOLOJAS,HANDLE
TV_FILTROINDICADORCONTRATOS,INICIOATE,PR_DEPARTAMENTOS,HANDLE
TV_FILTROINDICADORCONTRATOS,PRAZOTAREFAATE,PR_DEPARTAMENTOS,HANDLE
TV_FILTROINDICADORCONTRATOS,TIPOSOLICITACAO,Z_GRUPOUSUARIOS,HANDLE
TV_FILTROINDICADORCONTRATOS,UNIDADEFILIAL,GN_FILIALUNIDADES,HANDLE
TV_FILTROINDICADORPARECERES,Z_GRUPO,PR_DEPARTAMENTOS,HANDLE
TV_FILTROINDICADORPARECERES,COMPETENCIAFIM,PR_PRODUTOS,HANDLE
TV_FILTROINDICADORPASTAS,Z_GRUPO,GN_PESSOAS,HANDLE
TV_FILTROINDICADORPASTAS,UNIDADEFILIAL,PR_PEDIDOS,HANDLE
TV_FILTROINDICADORPASTAS,COMPETENCIAFIM,PR_CATEGORIATIPOACAOASSUNTOS,HANDLE
TV_FILTROINDICADORPASTAS,COMPETENCIAINICIO,PR_COMARCAS,HANDLE
TV_FILTROINDICADORPASTAS,MOTIVOENCERRAMENTO,PR_TIPOSENCERRAMENTO,HANDLE
TV_FILTROINDICADORPASTAS,FILIAL,FILIAIS,HANDLE
TV_FILTROINDICADORPASTAS,DEFERIMENTO,ESTADOS,HANDLE
TV_FILTROINDICADORPASTAS,EMPRESA,EMPRESAS,HANDLE
TV_FILTROINDICADORPASTAS,JUIZO,PR_COMARCAORGAODISTRIBUICOES,HANDLE
TV_FILTROINDICADORPASTAS,CONSIDERARASSUNTO,PR_PRODUTOS,HANDLE
TV_FILTROINDICADORPASTAS,PASTA,PR_PROCESSOS,HANDLE
TV_FILTROINDICADORPASTAS,COMARCAORGAOS,PR_COMARCAORGAOS,HANDLE
TV_FILTROINDICADORPASTAS,ORGAOSCOMARCA,PR_ORGAOSCOMARCA,HANDLE
TV_FILTROINDICADORPROCURACOES,Z_GRUPO,PR_DEPARTAMENTOS,HANDLE
TV_FILTROINDICADORTAREFAS,PRAZOTAREFAINICIO,Z_GRUPOUSUARIOS,HANDLE
TV_FILTROLISTAGEMIMOVEIS,Z_GRUPO,GN_FILIALUNIDADES,HANDLE
TV_FILTROLISTAGEMIMOVEIS,ESTADO,ESTADOS,HANDLE
TV_FILTROLISTAGEMIMOVEIS,MUNICIPIO,FILIAIS,HANDLE
TV_FILTROLISTAGEMIMOVEIS,TIPOIMOVEL,IM_TIPOLOJAS,HANDLE
TV_FILTROLOGAUDITORIA,USUARIO,Z_GRUPOUSUARIOS,HANDLE
TV_FILTROMINUTA,SITUACAOINDICADA,EJ_MINUTASITUACOESINDICADAS,HANDLE
TV_FILTROMINUTA,MINUTA,EJ_MINUTAS,HANDLE
TV_FILTROMINUTA,PASTA,PR_PROCESSOS,HANDLE
TV_FILTROMINUTA,PROCESSO,PR_PROCESSODESDOBRAMENTOS,HANDLE
TV_FILTROMINUTA,TIPODOCUMENTO,GE_TIPODOCUMENTO,HANDLE
TV_FILTROPADRAOENTADAPASTA,Z_GRUPO,EP_PROCESSODESDOBRAMENTOS,HANDLE
TV_FILTROPADRAOENTADAPASTA,SITUACAO,GN_PESSOAS,HANDLE
TV_FILTROPADRAOENTADAPASTA,Z_GRUPO,GN_PESSOAS,HANDLE
TV_FILTROPAGAMENTOS,RELATORIO,Z_GRUPOUSUARIOS,HANDLE
TV_FILTROPAGAMENTOS,STATUS,PR_CATEGORIAS,HANDLE
TV_FILTROPARTICIPANTESNIP,EMBAIXA,GN_FILIALUNIDADES,HANDLE
TV_FILTROPARTICIPANTESNIP,K9_DATAINICIALENCERRADOEM,K9_DATAFINALENCERRADOEM,HANDLE
TV_FILTROPASTA,Z_GRUPO,PR_CATEGORIATIPOACOES,HANDLE
TV_FILTROPASTA,RELATORIO,PR_COMARCAORGAODISTRIBUICOES,HANDLE
TV_FILTROPASTA,VALORCAUSA,PR_CATEGORIAS,HANDLE
TV_FILTROPASTA,FINAL,PR_COMARCAS,HANDLE
TV_FILTROPASTA,OBSERVACOES,PR_COMARCAORGAOS,HANDLE
TV_FILTRORELACAOLICENCAS,Z_GRUPO,FILIAIS,HANDLE
TV_FILTRORELACAOLICENCAS,NUMEROINTERNO,RE_TIPOSLICENCAALVARA,HANDLE
TV_FILTRORELREGULATORIO,RELATORIO,GI_RELATORIOS,HANDLE
TV_FILTRORELREGULATORIO,SAENCERRADO,GE_MOTIVOS,HANDLE
TV_FILTRORELREGULATORIO,GPSIM,ANDAMENTOS,HANDLE
TV_FILTROREPROCESSAFECHAMENTO,IDENTIFICADORESPASTA,PR_CATEGORIAS,HANDLE
TV_FILTROSOLICITACAOPEDIDOS,ADVINTERNO,GN_PESSOAS,HANDLE
TV_FILTROTAREFASCONSULTIVO,VENCEDE,EJ_TIPOCLASSIFICACAOCONTRATOS,HANDLE
TV_FILTROTAREFASCONSULTIVO,TIPOPROCURACAO,PR_DEPARTAMENTOS,HANDLE
TV_FILTROTAREFASCONSULTIVO,SERVICO,PR_DEPARTAMENTOS,HANDLE
TV_FILTROTAREFASCONSULTIVO,CONCLUIDAS,Z_GRUPOUSUARIOS,HANDLE
TV_FILTROTAREFASCOORDENACAO,EQUIPE,GN_EQUIPES,HANDLE
TV_FILTROTAREFASCOORDENACAO,PAPEL,Z_WFPAPEIS,HANDLE
TV_FILTROTAREFASCOORDENACAO,PESSOA,GN_PESSOAS,HANDLE
TV_FILTROTAREFASCOORDENACAO,USUARIO,Z_GRUPOUSUARIOS,HANDLE
TV_FILTROTAREFASCOORDENACAO,PARAPAPEL,Z_WFPAPEIS,HANDLE
TV_FILTROTAREFASCOORDENACAO,PARAPESSOA,GN_PESSOAS,HANDLE
TV_FILTROTAREFASCOORDENACAO,PARAUSUARIO,Z_GRUPOUSUARIOS,HANDLE
TV_FILTROTAREFASCOORDENACAO,MOTIVO,WF_MOTIVOALTERACAOTAREFAS,HANDLE
TV_FINALIZACADASTROPASTA,CADASTRORAPIDO,PR_CADASTRORAPIDOPASTA,HANDLE
TV_GERADORINFORMACOES,MODELO,GI_RELATORIOS,HANDLE
TV_GERAPROCURACAO,PROCESSO,PR_PROCESSOS,HANDLE
TV_GERARCARTAPREPOSICAO,PROCESSO,PR_PROCESSOS,HANDLE
TV_INFORMACAODEPOSITOS,PASTA,PR_PROCESSOS,HANDLE
TV_INFORMACAODEPOSITOS,CATEGORIA,PR_CATEGORIAOBJETODEPOSITO,HANDLE
TV_INFORMACAODEPOSITOS,OBJETO,PR_OBJETODEPOSITOS,HANDLE
TV_INFORMACAODEPOSITOS,BANCO,GN_BANCOS,HANDLE
TV_INFORMACAODEPOSITOS,DEPOSITO,PR_PROCESSODEPOSITOS,HANDLE
TV_INFORMACAOLANCAMENTOS,PASTA,PR_PROCESSOS,HANDLE
TV_INFORMACAOLANCAMENTOS,RESPONSAVELRESGATE,GN_PESSOAS,HANDLE
TV_INFORMACAOLANCAMENTOS,VALORRESGATE,OBSERVACOES,HANDLE
TV_INFORMACOESGUIA,GUIAPAGAMENTO,FN_GUIASPAGAMENTOS,HANDLE
TV_INFORMACOESGUIA,VALORINSS,INSS,HANDLE
TV_LANCAMENTOPORCOMPETENCIA,RELATORIO,GI_RELATORIOS,HANDLE
TV_MAPAMENSALEVENTO,FINAL,CATEGORIAS,HANDLE
TV_MAPAMENSALPROV,FINAL,CATEGORIAS,HANDLE
TV_MAPEARMATRIZRISCO,DOCUMENTO,GE_TIPODOCUMENTO,HANDLE
TV_MAPEARMATRIZRISCO,ANDAMENTO,PR_EVENTOS,HANDLE
TV_MAPEARMATRIZRISCO,RELATORIO,R_RELATORIOS,HANDLE
TV_NOVOPARTICIPANTE,PROCESSO,PR_PROCESSOS,HANDLE
TV_NOVOPARTICIPANTE,DESDOBRAMENTO,PR_PROCESSODESDOBRAMENTOS,HANDLE
TV_NOVOPARTICIPANTE,CONDICAO,PR_PARTEQUALIFICACAO,HANDLE
TV_NOVOPARTICIPANTE,PESSOACADASTRADA,GN_PESSOAS,HANDLE
TV_PESQUISAAVANCADAEDOCS,FINAL,INFORMACOES,HANDLE
TV_PESQUISAPESSOAS,PESSOA,PR_CATEGORIATIPOACAOASSUNTOS,HANDLE
TV_POSSIVELTESTEMUNHA,EVENTO,PR_PROCESSOEVENTOS,HANDLE
TV_POSSIVELTESTEMUNHA,FLUXO,WF_EXECUCAOPROVIDENCIAS,HANDLE
TV_PROCESSOPODEESERNCERRADO,ADVINTERNO,GN_PESSOAS,HANDLE
TV_PROCESSOSEMMOVIMENTOS,RELATORIO,GI_RELATORIOS,HANDLE
TV_PROCURACOES,DIASPARAVENCIMENTO,SO_PODERES,HANDLE
TV_PROCURACOES,FILTRO,FT_PROCURACOES,HANDLE
TV_REATIVARPASTA,RISCO,PR_RISCOS,HANDLE
TV_REATIVARPASTA,PEDIDO,PR_PEDIDOS,HANDLE
TV_RELIMOBILIARIO,NUMEROPROJETO,IM_TIPOCONTRATOS,HANDLE
TV_RELIMOBILIARIO,RELATORIO,IM_REGIOES,HANDLE
TV_RELKPIIMOBILIARIO,RELATORIO,GI_RELATORIOS,HANDLE
TV_RELKPIIMOBILIARIO,SOLICITACAO,Z_GRUPOUSUARIOS,HANDLE
TV_SOLICITACAOANALISENEGOCIO,CONTRATO,EJ_CONTRATOS,HANDLE
TV_SOLICITACAOANALISENEGOCIO,ADITIVO,EJ_CONTRATOADITIVOS,HANDLE
TV_SOLICITACAOANALISENEGOCIO,PAPEL,Z_WFPAPEIS,HANDLE
TV_SOLICITACOES,Z_GRUPO,SL_SOLICITACOES,HANDLE
TV_SOLICITACOES,FILTRO,PR_DEPARTAMENTOS,HANDLE
TV_SOLICITACOES,ACAO,APROVADORES,HANDLE
TV_SOLICITARCALCULO,PROCESSO,PR_PROCESSOS,HANDLE
TV_SOLICITARCALCULO,OBJETIVOCALCULO,CT_CALCULOOBJETIVOS,HANDLE
TV_SOLICITARCALCULO,PUBLICACAO,PR_PROCESSOPUBLICACOES,HANDLE
TV_SOLICPRORROGACAOPRAZOTAREFA,TAREFA,Z_WFTAREFAS,HANDLE
TV_SYSTEMMONITOR,TEMPOPROVIDERSEGUNDOS,TEMPOFILASEGUNDOS,HANDLE
TV_TROCARESPONSABILIDADEPASTA,ADVOGADOINTERNOORIGEM,GN_PESSOAS,HANDLE
TV_TROCARESPONSABILIDADEPASTA,ADVOGADOEXTERNOORIGEM,GN_PESSOAS,HANDLE
TV_TROCARESPONSABILIDADEPASTA,ADVOGADOINTERNODESTINO,GN_PESSOAS,HANDLE
TV_TROCARESPONSABILIDADEPASTA,ADVOGADOEXTERNODESTINO,GN_PESSOAS,HANDLE
TV_TROCARESPONSABILIDADEPASTA,MOTIVO,PR_MOTIVOMUDANCAPARTICIPANTES,HANDLE
TV_TROCARESPONSABILIDADEPASTA,FILIAL,FILIAIS,HANDLE
TV_TROCARESPONSABILIDADEPASTA,CATEGORIA,PR_CATEGORIAS,HANDLE
TV_TROCARESPONSABILIDADEPASTA,TIPOACAO,PR_CATEGORIATIPOACOES,HANDLE
TV_TROCARESPONSABILIDADEPASTA,ESTADO,ESTADOS,HANDLE
TV_TROCARESPONSABILIDADEPASTA,REVERTERAUTOMATICAMENTE,PR_CATEGORIATIPOACOES,HANDLE
TV_TROCARESPONSABILIDADEPASTA,COMARCA,PR_COMARCAS,HANDLE
TV_TROCARESPONSABILIDADEPASTA,PESSOAOUTROSORIGEM,GN_PESSOAS,HANDLE
TV_VALIDARDEPENDENCIAS,REGISTRO,APENASREGISTROSLIGADOS,HANDLE
TV_WFINFORMACAOCONCILIACAO,ADVOGADOINTERNO,GN_PESSOAS,HANDLE
TV_WFINFORMACAOCONCILIACAO,CREDENCIADO,GN_PESSOAS,HANDLE
TV_WFTAREFASDELEGAR,MOTIVO,WF_MOTIVOALTERACAOTAREFAS,HANDLE
TV_WFTAREFASDELEGAR,PARAPAPEL,Z_WFPAPEIS,HANDLE
TV_WFTAREFASDELEGAR,PARAPESSOA,GN_PESSOAS,HANDLE
TV_WFTAREFASDELEGAR,PARAUSUARIO,Z_GRUPOUSUARIOS,HANDLE
UR_UNIFICARREGISTROLOG,EXECUTADOPOR,Z_GRUPOUSUARIOS,HANDLE
VC_CONTRATOPARTICIPANTES,CONDICAO,PR_PARTEQUALIFICACAO,HANDLE
VC_CONTRATOPARTICIPANTES,CONTRATO,VC_CONTRATOSCLIENTES,HANDLE
VC_CONTRATOPARTICIPANTES,PARTICIPANTE,GN_PESSOAS,HANDLE
VC_CONTRATOSCLIENTES,TIPOCONTRATO,VC_TIPOSCONTRATOS,HANDLE
VC_CONTRATOSCLIENTES,PASTA,PR_PROCESSOS,HANDLE
VC_CONTRATOSCLIENTES,NUMEROPROCESSO,PR_PROCESSODESDOBRAMENTOS,HANDLE
VC_CONTRATOSCLIENTES,CLIENTE,GN_PESSOAS,HANDLE
VC_GARANTIASCONTRATOSCLIENTES,CONTRATO,VC_CONTRATOSCLIENTES,HANDLE
VC_PAPELFLUXO,PAPEL,Z_WFPAPEIS,HANDLE
VC_PARAMETROS,CONTRATO,VC_CONTRATOSCLIENTES,HANDLE
W_APLICACAOGRUPOS,APLICACAO,W_APLICACOES,HANDLE
W_APLICACAOGRUPOS,GRUPO,Z_GRUPOS,HANDLE
W_APLICACOES,ESTILOBUSCA,W_ESTILOS,HANDLE
W_APLICACOES,USUARIOANONIMO,Z_GRUPOUSUARIOS,HANDLE
W_APLICACOES,MENUPRINCIPAL,W_GRUPOS,HANDLE
W_CAMPOLINKS,CONSULTA,W_CONSULTAS,HANDLE
W_CONSULTAS,ENCADEAR,W_CONSULTAS,HANDLE
W_CONSULTAS,SQL,LINHAS,HANDLE
W_CONTEUDOACESSOS,CONTEUDO,W_CONTEUDOS,HANDLE
W_CONTEUDOACESSOS,GRUPO,Z_GRUPOS,HANDLE
W_CONTEUDOCOMPLEMENTOS,CONTEUDO,W_CONTEUDOS,HANDLE
W_CONTEUDOS,ESTILO,W_ESTILOS,HANDLE
W_CONTEUDOS,GRUPO,W_CONTEUDOS,HANDLE
W_CONTEUDOS,AUTOR,Z_GRUPOUSUARIOS,HANDLE
W_CONTEUDOS,RESPONSAVEL,Z_GRUPOUSUARIOS,HANDLE
W_CONTEUDOS,ENTIDADE,W_ENTIDADES,HANDLE
W_CONTEUDOS,VISAO,W_ENTIDADEVISOES,HANDLE
W_CONTEUDOS,CONSULTA,Z_FONTESDADOS,HANDLE
W_CRIARPAGINA,MENU,W_MENUS,HANDLE
W_CRIARPAGINACRUD,ENTIDADE,W_ENTIDADES,HANDLE
W_CRIARPAGINACRUD,MENU,W_MENUS,HANDLE
W_CRIARWIDGET,PAGINA,W_PAGINAS,HANDLE
W_CRIARWIDGET,WIDGET,W_WIDGETS,HANDLE
W_ENTIDADEVISAOFILTROS,USUARIO,Z_GRUPOUSUARIOS,HANDLE
W_ENTIDADEVISAOFILTROS,VISAO,W_ENTIDADEVISOES,HANDLE
W_ENTIDADEVISOES,ENTIDADE,W_ENTIDADES,HANDLE
W_ESTILOS,CSS,CSS,HANDLE
W_ESTILOS,PREFIXO,CSS,HANDLE
W_FILTROS,USUARIO,Z_GRUPOUSUARIOS,HANDLE
W_GRUPOITENS,LINKCONTEUDO,W_CONTEUDOS,HANDLE
W_GRUPOITENS,GRUPO,W_GRUPOS,HANDLE
W_GRUPOITENS,LINKVISAO,W_VISOES,HANDLE
W_GRUPOITENS,LINKTABVIRTUAL,W_VISOES,HANDLE
W_GRUPOITENS,ITEM,W_GRUPOITENS,HANDLE
W_GRUPOITENS,LINKGRUPO,W_GRUPOS,HANDLE
W_GRUPOITENS,LINKRELATORIO,R_RELATORIOS,HANDLE
W_GRUPOITENS,LINKFILTRO,W_VISOES,HANDLE
W_GRUPOITENS,LINKQUESTIONARIO,Z_QTQUESTIONARIOS,HANDLE
W_GRUPOS,ESTILO,W_ESTILOS,HANDLE
W_GRUPOS,ESTILOORIGINAL,W_ESTILOS,HANDLE
W_GRUPOS,USUARIO,OBSERVACOES,HANDLE
W_MENUITENS,MENU,W_MENUS,HANDLE
W_MENUITENS,ITEMSUPERIOR,W_MENUITENS,HANDLE
W_MENUITENS,PAGINA,W_PAGINAS,HANDLE
W_MENUS,ALTERADOPOR,OBSERVACOES,HANDLE
W_MODULOPASTAS,MODULO,W_MODULOS,HANDLE
W_MODULOPASTAS,PAI,W_MODULOPASTAS,HANDLE
W_PAGINARECURSOS,PAGINA,W_PAGINAS,HANDLE
W_PAGINAS,ENTIDADEPERMISSAO,W_ENTIDADES,HANDLE
W_PAGINAWIDGETS,PAGINA,W_PAGINAS,HANDLE
W_PAGINAWIDGETS,WIDGET,W_WIDGETS,HANDLE
W_PAGINAWIDGETS,WIDGETMESTRE,W_PAGINAWIDGETS,HANDLE
W_PESQUISADOCUMENTOS,CAMPOARQUIVO,Z_CAMPOS,HANDLE
W_SCRIPTS,ENTIDADE,W_ENTIDADES,HANDLE
W_SCRIPTS,VISAO,W_ENTIDADEVISOES,HANDLE
W_TAREFAPAGINAS,TAREFA,Z_TAREFAS,HANDLE
W_TAREFAPAGINAS,PAGINA,W_PAGINAS,HANDLE
W_TOKENS,USUARIO,Z_GRUPOUSUARIOS,HANDLE
W_VISAOGRUPOS,VISAO,W_VISOES,HANDLE
W_VISAORELATORIOS,VISAO,W_VISOES,HANDLE
W_VISOES,SUBSTITUTA,W_VISOES,HANDLE
W_VISOES,USUARIO,OBSERVACOES,HANDLE
W_VISOESSUBSTITUTAS,GRUPO,Z_GRUPOS,HANDLE
W_WIDGETAMCHARTS,ENTIDADEVISAO,W_ENTIDADEVISOES,HANDLE
W_WIDGETAMCHARTS,FILTROPADRAO,W_ENTIDADEVISAOFILTROS,HANDLE
W_WIDGETCUBO,ENTIDADEVISAO,W_ENTIDADEVISOES,HANDLE
W_WIDGETCUBO,CUBO,Z_CUBOS,HANDLE
W_WIDGETCUBO,ALTURA,MOSTRARPAINELCAMPOS,HANDLE
W_WIDGETFILTRO,ENTIDADEVISAO,W_ENTIDADEVISOES,HANDLE
W_WIDGETFILTRO,FILTROPADRAO,W_ENTIDADEVISAOFILTROS,HANDLE
W_WIDGETFORMULARIO,ENTIDADEVISAO,W_ENTIDADEVISOES,HANDLE
W_WIDGETFORMULARIO,ENTIDADEVISAO,W_ENTIDADEVISOES,HANDLE
W_WIDGETGRIDEDITAVEL,ENTIDADEVISAO,W_ENTIDADEVISOES,HANDLE
W_WIDGETGRIDEDITAVEL,PAGINAFORMULARIO,W_PAGINAS,HANDLE
W_WIDGETGRIDEDITAVEL,FILTROPADRAO,W_ENTIDADEVISAOFILTROS,HANDLE
W_WIDGETGRIDSIMPLES,ENTIDADEVISAO,W_ENTIDADEVISOES,HANDLE
W_WIDGETGRIDSIMPLES,PAGINAFORMULARIO,W_PAGINAS,HANDLE
W_WIDGETGRIDSIMPLES,FILTROPADRAO,W_ENTIDADEVISAOFILTROS,HANDLE
W_WIDGETGRIDWORKFLOW,ENTIDADEVISAO,W_ENTIDADEVISOES,HANDLE
W_WIDGETGRIDWORKFLOW,PAGINAFORMULARIO,W_PAGINAS,HANDLE
W_WIDGETGRIDWORKFLOW,FILTROPADRAO,W_ENTIDADEVISAOFILTROS,HANDLE
W_WIDGETMAPA,ENTIDADEVISAO,W_ENTIDADEVISOES,HANDLE
W_WIDGETMAPA,FILTROPADRAO,W_ENTIDADEVISAOFILTROS,HANDLE
W_WIDGETTILE,ENTIDADEVISAO,W_ENTIDADEVISOES,HANDLE
WF_ALCADAAPROVACAO,ORGANOGRAMA,Z_WFGRUPOS,HANDLE
WF_ALCADAAPROVACAO,GRUPOATUAL,Z_WFGRUPOS,HANDLE
WF_ALCADAAPROVACAO,ALTERADOPOR,Z_GRUPOUSUARIOS,HANDLE
WF_ALCADAAPROVACAOCONTRATOS,SOLICITADOPOR,Z_GRUPOUSUARIOS,HANDLE
WF_ALCADAAPROVACAOCONTRATOS,LIBERADOPOR,Z_GRUPOUSUARIOS,HANDLE
WF_ALCADAAPROVACAOCONTRATOS,ALTERADOPOR,Z_GRUPOUSUARIOS,HANDLE
WF_ALCADAAPROVACAOCONTRATOS,ORGANOGRAMA,Z_WFGRUPOS,HANDLE
WF_ALCADAAPROVACAOCONTRATOS,GRUPOATUAL,Z_WFGRUPOS,HANDLE
WF_ALCADAAPROVACAOCONTRATOS,CONTRATO,EJ_CONTRATOS,HANDLE
WF_ALCADAAPROVACAOCONTRATOS,CONTRATADA,GN_PESSOAS,HANDLE
WF_ALCADAAPROVACAOCONTRATOS,PAPELAPROVGESTOR,Z_WFPAPEIS,HANDLE
WF_ALCADAAPROVACAOCONTRATOS,USUARIODEVOLUCAO,Z_GRUPOUSUARIOS,HANDLE
WF_ALCADAAPROVACAOCONTRATOS,ADITIVO,EJ_CONTRATOADITIVOS,HANDLE
WF_ALCADAFINANCEIRACONTRATOS,ALTERADOPOR,Z_GRUPOUSUARIOS,HANDLE
WF_ALCADAFINANCEIRACONTRATOS,SOLICITADOPOR,Z_GRUPOUSUARIOS,HANDLE
WF_ALCADAFINANCEIRACONTRATOS,CONTRATO,EJ_CONTRATOS,HANDLE
WF_ALCADAFINANCEIRACONTRATOS,CONTRATADA,GN_PESSOAS,HANDLE
WF_ALERTADOMICILIOSPALAVRAS,CAPTURA,PR_PROCESSOINTIMACOES,HANDLE
WF_ALERTADOMICILIOSPALAVRAS,RESPONSAVELUSUARIO,Z_GRUPOUSUARIOS,HANDLE
WF_ALERTADOMICILIOSPALAVRAS,RESPONSAVELPAPEL,Z_WFPAPEIS,HANDLE
WF_ALERTADOMICILIOSPALAVRAS,PASTA,PR_PROCESSOS,HANDLE
WF_ANALISEJURIDICACONTRATOS,CONTRATO,EJ_CONTRATOS,HANDLE
WF_ANALISEJURIDICACONTRATOS,SOLICITANTE,Z_GRUPOUSUARIOS,HANDLE
WF_ANALISENEGOCIOCONTRATO,SOLICITADOPOR,Z_GRUPOUSUARIOS,HANDLE
WF_ANALISENEGOCIOCONTRATO,CONTRATO,EJ_CONTRATOS,HANDLE
WF_ANALISENEGOCIOCONTRATO,DEPARTAMENTOCONTRATO,PR_DEPARTAMENTOS,HANDLE
WF_ANALISENEGOCIOCONTRATO,ANALISADOPOR,Z_GRUPOUSUARIOS,HANDLE
WF_ANALISENEGOCIOCONTRATO,ADITIVO,EJ_CONTRATOADITIVOS,HANDLE
WF_ANALISENEGOCIOCONTRATO,PAPELANALISE,Z_WFPAPEIS,HANDLE
WF_ANALISENEGOCIOCONTRATO,SOLICITACAO,SL_SOLICITACOES,HANDLE
WF_ANALISENEGOCIOCONTRATO,USUARIOAPROVADOR,Z_GRUPOUSUARIOS,HANDLE
WF_ANALISENEGOCIOCONTRATO,PAPELAPROVADOR,Z_WFPAPEIS,HANDLE
WF_ANALISENEGOCIOCONTRATO,IDAPROVACAOACESSO,CS_SOLICITACAOACESSO,HANDLE
WF_APROVACAOASSISTENTE,SOLICITADOPOR,Z_GRUPOUSUARIOS,HANDLE
WF_APROVACAOASSISTENTE,CATEGORIA,PR_CATEGORIAS,HANDLE
WF_APROVACAOASSISTENTE,APROVADOPOR,Z_GRUPOUSUARIOS,HANDLE
WF_APROVACAOASSISTENTE,APROVADOEM,OBSERVACOES,HANDLE
WF_APROVACAOCONTRATO,SOLICITADOPOR,Z_GRUPOUSUARIOS,HANDLE
WF_APROVACAOCONTRATO,SOLICITADOEM,Z_GRUPOUSUARIOS,HANDLE
WF_APROVACAOCONTRATO,CONTRATO,EJ_CONTRATOS,HANDLE
WF_APROVACAOCONTRATO,RESPONSAVELRESPOSTA,Z_GRUPOUSUARIOS,HANDLE
WF_APROVACAOCONTRATO,SOLICITACAO,SL_SOLICITACOES,HANDLE
WF_APROVACOESFINANCEIRAS,GRUPOATUAL,Z_WFGRUPOS,HANDLE
WF_APROVACOESFINANCEIRAS,GUIAPAGAMENTO,FN_GUIASPAGAMENTOS,HANDLE
WF_APROVACOESFINANCEIRAS,PESSOAFAVORECIDA,GN_PESSOAS,HANDLE
WF_APROVACOESFINANCEIRAS,CATEGORIA,PR_CATEGORIAS,HANDLE
WF_APROVACOESFINANCEIRAS,BANCO,GN_BANCOS,HANDLE
WF_APROVACOESFINANCEIRAS,ORGANOGRAMA,Z_WFGRUPOS,HANDLE
WF_APROVACOESFINANCEIRAS,ALTERADOPOR,Z_GRUPOUSUARIOS,HANDLE
WF_APROVACOESFINANCEIRAS,PROCESSO,PR_PROCESSOS,HANDLE
WF_APROVACOESFINANCEIRAS,PRAZO,GN_PESSOAS,HANDLE
WF_APROVACOESFINANCEIRAS,USUARIOSOLICITANTE,Z_GRUPOUSUARIOS,HANDLE
WF_APROVACOESFINANCEIRAS,PAPELSOLICITANTE,Z_WFPAPEIS,HANDLE
WF_APROVACOESFINANCEIRAS,ADVOGADOINTERNO,GN_PESSOAS,HANDLE
WF_APROVACOESFINANCEIRAS,PAPELASSITENTEJURIDICO,Z_WFPAPEIS,HANDLE
WF_APROVACOESFINANCEIRAS,PAPELAPROVADORTECNICO,Z_WFPAPEIS,HANDLE
WF_APROVACOESFINANCEIRAS,FILIAL,FILIAIS,HANDLE
WF_APROVACOESFINANCEIRAS,MOTIVOMULTA,FI_TIPOMULTAS,HANDLE
WF_APROVACOESFINANCEIRAS,PAPELRESPONSAVELVALIDACAO,Z_WFPAPEIS,HANDLE
WF_APROVACOESFINANCEIRAS,USUARIOEXECUTOR,Z_GRUPOUSUARIOS,HANDLE
WF_AVALIACAOESCRITORIOSUBJETIV,AVALIACAODEESCRITORIO,AE_AVALIACAODEESCRITORIOS,HANDLE
WF_AVALIACAOESCRITORIOSUBJETIV,ESCRITORIO,GN_PESSOAS,HANDLE
WF_AVALIACAOESCRITORIOSUBJETIV,ADVOGADO,GN_PESSOAS,HANDLE
WF_AVALIACAOREVISAONOTAS,AVALIACAODEESCRITORIO,AE_AVALIACAODEESCRITORIOS,HANDLE
WF_AVALIACAOREVISAONOTAS,CREDENCIADOAVALIACAO,AE_CREDENCIADOSAVALIACAO,HANDLE
WF_AVALIACAOREVISAONOTAS,RESPONSAVELORIGINAL,GN_PESSOAS,HANDLE
WF_AVALIACAOREVISAONOTAS,INDICADORESPOSTASUB,AE_RESPADVOGADOINDICADORSUB,HANDLE
WF_COBRARDOCUMENTOSCONCILIACAO,Z_GRUPO,PR_PROCESSOS,HANDLE
WF_COBRARDOCUMENTOSCONCILIACAO,DEPOSITO,PR_PROCESSODEPOSITOS,HANDLE
WF_COBRARDOCUMENTOSCONCILIACAO,USUARIOTAREFA,Z_GRUPOUSUARIOS,HANDLE
WF_DISTRIBUICAOPASTA,ADVOGADOINTERNO,GN_PESSOAS,HANDLE
WF_DISTRIBUICAOPASTA,PASTA,PR_PROCESSOS,HANDLE
WF_DISTRIBUICAOPASTA,CREDENCIADO,GN_PESSOAS,HANDLE
WF_DISTRIBUICAOPASTA,DESCARTADOPOR,Z_GRUPOUSUARIOS,HANDLE
WF_DISTRIBUICAOPASTA,CADASTRORAPIDO,PR_CADASTRORAPIDOPASTA,HANDLE
WF_ENCERRAMENTOAUTOMATICO,ESCRITORIO,GN_PESSOAS,HANDLE
WF_ENCERRAMENTOAUTOMATICO,ADVOGADOINTERNO,GN_PESSOAS,HANDLE
WF_ENCERRAMENTOAUTOMATICO,CATEGORIA,PR_CATEGORIAS,HANDLE
WF_ENCERRAMENTOAUTOMATICO,PASTA,PR_PROCESSOS,HANDLE
WF_ENCERRAMENTOAUTOMATICO,ULTIMOAPROVADOR,GN_PESSOAS,HANDLE
WF_ENTRADACALCULOS,PROCESSO,PR_PROCESSOS,HANDLE
WF_ENTRADACALCULOS,CALCULOREVISAO,CT_CALCULOTRABALHISTA,HANDLE
WF_ENTRADACALCULOS,OBJETIVOCALCULO,CT_CALCULOOBJETIVOS,HANDLE
WF_ENTRADACALCULOS,RESPONSAVEL,Z_WFPAPEIS,HANDLE
WF_EXAPROVACAOSOLICITACAO,APROVADORTAREFA,Z_GRUPOUSUARIOS,HANDLE
WF_EXAPROVACAOSOLICITACAO,FILIAL,FILIAIS,HANDLE
WF_EXAPROVACAOSOLICITACAO,SOLICITADOPOR,Z_GRUPOUSUARIOS,HANDLE
WF_EXECUCAOPROVIDENCIAS,TABELAORIGEM,Z_TABELAS,HANDLE
WF_EXECUCAOPROVIDENCIAS,RESPONSAVELADVINT,GN_PESSOAS,HANDLE
WF_EXECUCAOPROVIDENCIAS,RESPONSAVELADVEXT,GN_PESSOAS,HANDLE
WF_EXECUCAOPROVIDENCIAS,RESPONSAVELPAPELFLUXO,Z_WFPAPEIS,HANDLE
WF_EXECUCAOPROVIDENCIAS,RESPONSAVELPESSOA,Z_WFPAPEIS,HANDLE
WF_EXECUCAOPROVIDENCIAS,ASSUMIDOPOR,Z_GRUPOUSUARIOS,HANDLE
WF_EXECUCAOPROVIDENCIAS,RESPONSAVELGESTOR,GN_PESSOAS,HANDLE
WF_EXECUCAOPROVIDENCIAS,USUARIOCOORDENACAO,Z_GRUPOUSUARIOS,HANDLE
WF_IMAPROVACAOSOLICITACAO,SOLICITADOPOR,Z_GRUPOUSUARIOS,HANDLE
WF_IMAPROVACAOSOLICITACAO,CONTRATO,IM_CONTRATOIMOBILIARIOS,HANDLE
WF_IMAPROVACAOSOLICITACAO,ADVOGADORESPONSAVEL,Z_GRUPOUSUARIOS,HANDLE
WF_IMAPROVACAOSOLICITACAO,ESCRITORIORESPONSAVEL,GN_PESSOAS,HANDLE
WF_IMAPROVACAOSOLICITACAO,APROVADOPOR,Z_GRUPOUSUARIOS,HANDLE
WF_IMAPROVACAOSOLICITACAO,ASSISTENTEADMINISTRATIVO,GN_PESSOAS,HANDLE
WF_IMAPROVACAOSOLICITACAO,CONTRATOADITIVO,IM_CONTRATOADITIVOS,HANDLE
WF_IMCONDICAORESOLUTIVA,SOLICITADOPOR,Z_GRUPOUSUARIOS,HANDLE
WF_IMCONDICAORESOLUTIVA,CONTRATO,IM_CONTRATOIMOBILIARIOS,HANDLE
WF_IMELABORACAOCONTRATO,SOLICITADOPOR,Z_GRUPOUSUARIOS,HANDLE
WF_IMPROVIDENCIAS,SOLICITADOPOR,Z_GRUPOUSUARIOS,HANDLE
WF_IMPROVIDENCIAS,CONTRATO,IM_CONTRATOIMOBILIARIOS,HANDLE
WF_INCONSISTENCIAS,CATEGORIA,PR_CATEGORIAS,HANDLE
WF_INCONSISTENCIAS,ALTERADOPOR,Z_GRUPOUSUARIOS,HANDLE
WF_INCONSISTENCIAS,CONCILIACAOCRUZADO,CB_CONCILIACAOCRUZADOS,HANDLE
WF_INCONSISTENCIAS,PASTA,PR_PROCESSOS,HANDLE
WF_MANIFESTACAOSOLICITACAO,USUARIORESPONSAVEL,Z_GRUPOUSUARIOS,HANDLE
WF_MANIFESTACAOSOLICITACAO,PROCURACAO,SO_PROCURACOES,HANDLE
WF_MANIFESTACAOSOLICITACAO,MANIFESTACAO,SL_SOLICITACAOMANIFESTACOES,HANDLE
WF_MANIFESTACAOSOLICITACAO,PAPELRESPONSAVEL,Z_WFPAPEIS,HANDLE
WF_MANIFESTACAOSOLICITACAO,PARECER,EJ_PARECERES,HANDLE
WF_NOTIFICACOESAUTOMATICAS,PASTARELACIONADA,Z_GRUPOUSUARIOS,HANDLE
WF_NOTIFICARANEXODISPONIVEL,PASTAGERADA,PR_PROCESSOS,HANDLE
WF_NOTIFICARANEXODISPONIVEL,CADASTRORAPIDO,PR_CADASTRORAPIDOPASTA,HANDLE
WF_NOTIFICARANEXODISPONIVEL,PAPEL,Z_WFPAPEIS,HANDLE
WF_PALAVRASPUBLICACOES,NOVORESPONSAVELPAPEL,Z_WFPAPEIS,HANDLE
WF_PALAVRASPUBLICACOES,NOVORESPONSAVELUSUARIO,Z_GRUPOUSUARIOS,HANDLE
WF_PALAVRASPUBLICACOES,PUBLICACAO,PR_PROCESSOPUBLICACOES,HANDLE
WF_PALAVRASPUBLICACOES,PALAVRARELEVANCIA,PR_PUBLICACOESPALAVRASREL,HANDLE
WF_PALAVRASPUBLICACOES,PASTA,PR_PROCESSOS,HANDLE
WF_PRORROGACAOPRAZOTAREFA,TRANSFERIRPARA,Z_GRUPOUSUARIOS,HANDLE
WF_PRORROGACAOPRAZOTAREFA,PAPELRESPONSAVEL,Z_WFPAPEIS,HANDLE
WF_PRORROGACAOPRAZOTAREFA,SOLICITADOPOR,Z_GRUPOUSUARIOS,HANDLE
WF_PRORROGACAOPRAZOTAREFA,TAREFA,Z_WFTAREFAS,HANDLE
WF_REATIVACAOPASTABAIXAPROVIS,SOLICITANTE,Z_GRUPOUSUARIOS,HANDLE
WF_REATIVACAOPASTABAIXAPROVIS,PAPELAPROVADOR,Z_WFPAPEIS,HANDLE
WF_REATIVACAOPASTABAIXAPROVIS,APROVADOR,Z_GRUPOUSUARIOS,HANDLE
WF_REATIVACAOPASTABAIXAPROVIS,PASTA,PR_PROCESSOS,HANDLE
WF_REATIVACAOPASTABAIXAPROVIS,MINUTA,EJ_MINUTAS,HANDLE
WF_REATIVACAOPASTABAIXAPROVIS,ADITIVORENOVAR,EJ_CONTRATOADITIVOS,HANDLE
WF_REATIVACAOPASTABAIXAPROVIS,ADITIVORENOVACAO,EJ_CONTRATOADITIVOS,HANDLE
WF_REATIVACAOPASTABAIXAPROVIS,SOLICITADOPOR,Z_GRUPOUSUARIOS,HANDLE
WF_REATIVACAOPASTABAIXAPROVIS,ANALISADOPOR,Z_GRUPOUSUARIOS,HANDLE
WF_REATIVACAOPASTABAIXAPROVIS,CONTRATO,EJ_CONTRATOS,HANDLE
WF_REATIVACAOPASTABAIXAPROVIS,DEPARTAMENTO,PR_DEPARTAMENTOS,HANDLE
WF_RENOVACAOLICENCASIMOB,TIPODELICENCA,RE_TIPOSLICENCAALVARA,HANDLE
WF_RENOVACAOLICENCASIMOB,LICENCAANTERIOR,RE_DOCUMENTOS,HANDLE
WF_SOLICITACAOADIANTAMENTOREEM,BANCO,GN_BANCOS,HANDLE
WF_SOLICITACAOADIANTAMENTOREEM,LOTE,FI_LOTES,HANDLE
WF_SOLICITACAOADIANTAMENTOREEM,CREDENCIADO,GN_PESSOAS,HANDLE
WF_SOLICITACAOADIANTAMENTOREEM,PESSOAFAVORECIDA,GN_PESSOAS,HANDLE
WF_SOLICITACAOADIANTAMENTOREEM,APROVACAOLOTE,FI_APROVACAOLOTE,HANDLE
WF_SOLICITACAOADIANTAMENTOREEM,ALTERADOPOR,Z_GRUPOUSUARIOS,HANDLE
WF_SOLICITACAOBAIXAPROVISORIA,SOLICITANTE,Z_GRUPOUSUARIOS,HANDLE
WF_SOLICITACAOBAIXAPROVISORIA,PASTA,PR_PROCESSOS,HANDLE
WF_SOLICITACAOCALCULO,MOTIVOSUSPENSAO,CT_CALCULOMOTIVOS,HANDLE
WF_SOLICITACAOCALCULO,USUARIOEXECUTOR,Z_GRUPOUSUARIOS,HANDLE
WF_SOLICITACAOCALCULO,PAPELSOLICITACAO,Z_WFPAPEIS,HANDLE
WF_SOLICITACAOCALCULO,OBSERVACAO,GE_TIPODOCUMENTO,HANDLE
WF_SOLICITACAOCALCULO,CALCULO,CT_CALCULOTRABALHISTA,HANDLE
WF_SOLICITACAOCALCULO,PROCESSO,PR_PROCESSOS,HANDLE
WF_SOLICITACAOCIRCULARIZACAO,CIRCULARIZACAO,CR_CIRCULARIZACAO,HANDLE
WF_SOLICITACAOCIRCULARIZACAO,SOLICITANTE,Z_GRUPOUSUARIOS,HANDLE
WF_SOLICITACAOCIRCULARIZACAO,PAPEL,Z_WFPAPEIS,HANDLE
WF_SOLICITACAOCIRCULARIZACAO,ESCRITORIO,GN_PESSOAS,HANDLE
WF_SOLICITACAODEALTERACAO,TABELAORIGEM,Z_TABELAS,HANDLE
WF_SOLICITACAODEALTERACAO,RISCOANTERIOR,PR_RISCOS,HANDLE
WF_SOLICITACAODEALTERACAO,NOVORISCO,PR_RISCOS,HANDLE
WF_SOLICITACAODEALTERACAO,NOVAFASE,PR_FASES,HANDLE
WF_SOLICITACAODEALTERACAO,FASEANTERIOR,PR_FASES,HANDLE
WF_SOLICITACAODEALTERACAO,APROVADOR,GN_PESSOAS,HANDLE
WF_SOLICITACAODEALTERACAO,SOLICITANTE,Z_GRUPOUSUARIOS,HANDLE
WF_SOLICITACAODEALTERACAO,USUARIOEXECUCAO,Z_GRUPOUSUARIOS,HANDLE
WF_SOLICITACAODEALTERACAO,FILIAL,FILIAIS,HANDLE
WF_SOLICITACAODEALTERACAO,MOTIVOPEDIDOS,PR_MOTIVOSPROVISAOVALORES,HANDLE
WF_SOLICITACAODEALTERACAO,FILIALANTERIOR,FILIAIS,HANDLE
WF_SOLICITACAODEALTERACAO,CATEGORIAANTERIOR,PR_CATEGORIAS,HANDLE
WF_SOLICITACAODEALTERACAO,MOEDA,GN_MOEDAS,HANDLE
WF_SOLICITACAODEALTERACAO,MOEDAANTERIOR,GN_MOEDAS,HANDLE
WF_SOLICITACAODEALTERACAO,APROVADORPAPEL,Z_WFPAPEIS,HANDLE
WF_SOLICITACAODEPOSITOS,TIPODESPESA,FI_TIPODESPESAS,HANDLE
WF_SOLICITACAODEPOSITOS,ORGANOGRAMA,Z_WFGRUPOS,HANDLE
WF_SOLICITACAODEPOSITOS,GRUPOATUAL,Z_WFGRUPOS,HANDLE
WF_SOLICITACAODEPOSITOS,CREDENCIADO,GN_PESSOAS,HANDLE
WF_SOLICITACAODEPOSITOS,BANCO,GN_BANCOS,HANDLE
WF_SOLICITACAODEPOSITOS,CODIGODEPOSITO,FI_SOLICITACAODEPOSITOS,HANDLE
WF_SOLICITACAODEPOSITOS,GUIAPAGAMENTO,FN_GUIASPAGAMENTOS,HANDLE
WF_SOLICITACAODEPOSITOS,PESSOAFAVORECIDA,GN_PESSOAS,HANDLE
WF_SOLICITACAODEPOSITOS,APROVACAOLOTE,FI_APROVACAOLOTE,HANDLE
WF_SOLICITACAODEPOSITOS,ALTERADOPOR,Z_GRUPOUSUARIOS,HANDLE
WF_SOLICITACAOENCERRAPASTA,PASTA,PR_PROCESSOS,HANDLE
WF_SOLICITACAOENTRADAPASTA,RECEPCAO,EP_RECEPCOES,HANDLE
WF_SOLICITACAOEXCLUSAOPEDIDO,MOTIVOEXCLUSAO,PR_MOTIVOEXCLUSAOPEDIDOS,HANDLE
WF_SOLICITACAOEXCLUSAOPEDIDO,PROCESSO,PR_PROCESSOS,HANDLE
WF_SOLICITACAOEXCLUSAOPEDIDO,ADVOGADOINTERNO,GN_PESSOAS,HANDLE
WF_SOLICITACAOEXCLUSAOPEDIDO,PAPELRESPONSAVEL,Z_WFPAPEIS,HANDLE
WF_SOLICITACAOEXCLUSAOPEDIDO,PEDIDO,PR_PROCESSOPEDIDOS,HANDLE
WF_SOLICITACAOHONORARIOS,CREDENCIADO,GN_PESSOAS,HANDLE
WF_SOLICITACAOHONORARIOS,PAPELRECUSA,Z_WFPAPEIS,HANDLE
WF_SOLICITACAOHONORARIOS,FATURA,FN_FATURAS,HANDLE
WF_SOLICITACAOHONORARIOS,SOLICITANTE,Z_GRUPOUSUARIOS,HANDLE
WF_SOLICITACAOHONORARIOSAPROVA,REGISTROORIGEM,GN_GUIDFLUXOS,HANDLE
WF_SOLICITACAOHONORARIOSAPROVA,CREDENCIADO,GN_PESSOAS,HANDLE
WF_SOLICITACAOHONORARIOSAPROVA,SOLICITANTE,Z_GRUPOUSUARIOS,HANDLE
WF_SOLICITACAOHONORARIOSAPROVA,TIPOAPROVACAO,ADVOGADOSINTERNOS,HANDLE
WF_SOLICITACAOHONORARIOSAUDITO,FATURA,FN_FATURAS,HANDLE
WF_SOLICITACAOHONORARIOSPEDIDO,REGISTROORIGEM,GN_GUIDFLUXOS,HANDLE
WF_SOLICITACAOHONORARIOSPEDIDO,CREDENCIADO,GN_PESSOAS,HANDLE
WF_SOLICITACAOHONORARIOSPEDIDO,FATURA,FN_FATURAS,HANDLE
WF_SOLICITACAOHONORARIOSPEDIDO,SOLICITANTE,Z_GRUPOUSUARIOS,HANDLE
WF_SOLICITACAOPAGAMENTOS,PAGAMENTOCODIGO,FI_SOLICITACAOPAGAMENTOS,HANDLE
WF_SOLICITACAOPAGAMENTOS,CREDENCIADO,GN_PESSOAS,HANDLE
WF_SOLICITACAOPAGAMENTOS,BANCO,GN_BANCOS,HANDLE
WF_SOLICITACAOPAGAMENTOS,ORGANOGRAMA,Z_WFGRUPOS,HANDLE
WF_SOLICITACAOPAGAMENTOS,GRUPOATUAL,Z_WFGRUPOS,HANDLE
WF_SOLICITACAOPAGAMENTOS,GUIAPAGAMENTO,FN_GUIASPAGAMENTOS,HANDLE
WF_SOLICITACAOPAGAMENTOS,PESSOAFAVORECIDA,GN_PESSOAS,HANDLE
WF_SOLICITACAOPAGAMENTOS,APROVACAOLOTE,FI_APROVACAOLOTE,HANDLE
WF_SOLICITACAOPAGAMENTOS,ALTERADOPOR,Z_GRUPOUSUARIOS,HANDLE
WF_SOLICITACAOPEDIDOS,PROCESSO,PR_PROCESSOS,HANDLE
WF_SOLICITACAOPEDIDOS,PAPEL,Z_WFPAPEIS,HANDLE
WF_SOLICITACAOPEDIDOS,ADVOGADOINTERNO,GN_PESSOAS,HANDLE
WF_SOLICITACAOPEDIDOS,SOLICITANTE,Z_GRUPOUSUARIOS,HANDLE
WF_SOLICITACAOPEDIDOS,USUARIOEXECUCAO,Z_GRUPOUSUARIOS,HANDLE
WF_SOLICITACAOPROCURACOES,MINUTAPROCURACAO,EJ_MINUTAS,HANDLE
WF_SOLICITACAOPROCURACOES,ADVOGADORESPONSAVEL,GN_PESSOAS,HANDLE
WF_SOLICITACAOPROCURACOES,SOLICITANTE,Z_GRUPOUSUARIOS,HANDLE
WF_SOLICITACAOPROCURACOES,ALTERADOPOR,Z_GRUPOUSUARIOS,HANDLE
WF_SOLICITACAOPROCURACOES,FILIAL,FILIAIS,HANDLE
WF_SOLICITACAOPROCURACOES,DEPARTAMENTO,PR_DEPARTAMENTOS,HANDLE
WF_SOLICITACAOPROCURACOES,OUTORGADO,SO_OUTORGADOS,HANDLE
WF_SOLICITACAOPROCURACOES,OUTORGANTE,SO_OUTORGANTES,HANDLE
WF_SOLICITACAOPROCURACOES,PROCURACAO,SO_PROCURACOES,HANDLE
WF_SOLICITACAOPROCURACOES,EMPRESA,EMPRESAS,HANDLE
WF_SOLICITACAOPROCURACOES,ESCLARECIMENTOSOLICITADOPOR,Z_GRUPOUSUARIOS,HANDLE
WF_SOLICITACAOPROCURACOES,ALTERADOEM,HISTRICOESCLARECIMENTOS,HANDLE
WF_SOLICITACAOSEGUROGARANTIA,APROVADORANALISETECNICA,Z_GRUPOUSUARIOS,HANDLE
WF_SOLICITACAOSEGUROGARANTIA,APROVADORCONTRATACAO,Z_GRUPOUSUARIOS,HANDLE
WF_SOLICITACAOSEGUROGARANTIA,SOLICITACAOSEGUROGARANTIA,PR_SOLICITACAOSEGUROGARANTIA,HANDLE
WF_SOLICITACAOSEGUROGARANTIA,APROVADORANALISEFINANCEIRA,Z_GRUPOUSUARIOS,HANDLE
WF_SOLICITACAOSEGUROGARANTIA,SOLICITANTE,Z_GRUPOUSUARIOS,HANDLE
WF_SOLICITACOES,CONTRATO,EJ_CONTRATOS,HANDLE
WF_SOLICITACOES,ADITIVO,EJ_CONTRATOADITIVOS,HANDLE
WF_SOLICITACOES,TRANSFERIDOPARA,Z_GRUPOUSUARIOS,HANDLE
WF_SOLICITACOES,FILIAL,FILIAIS,HANDLE
WF_SOLICITACOES,DEPARTAMENTO,PR_DEPARTAMENTOS,HANDLE
WF_SOLICITACOES,ALTERADOPOR,Z_GRUPOUSUARIOS,HANDLE
WF_SOLICITACOES,RESPONSAVELRESPOSTA,Z_GRUPOUSUARIOS,HANDLE
WF_SOLICITACOES,PROCURACAO,SO_PROCURACOES,HANDLE
WF_SOLICITACOES,PROCESSO,PR_PROCESSODESDOBRAMENTOS,HANDLE
WF_SOLICITACOES,CLIENTE,GN_PESSOAS,HANDLE
WF_SOLICITACOES,PRODUTO,PR_PRODUTOS,HANDLE
WF_SOLICITACOES,DIVISAO,PR_DEPARTAMENTODIVISOES,HANDLE
WF_SOLICITACOES,PARECER,EJ_PARECERES,HANDLE
WF_SOLICITACOES,UNIDADEFILIAL,GN_FILIALUNIDADES,HANDLE
WF_SOLICITACOES,ASSUNTOPREDEFINIDO,EJ_PARECERASSUNTOS,HANDLE
WF_SOLICITACOES,K9_PARECERRELACIONADO,EJ_PARECERES,HANDLE
WF_SOLICITACOES,GRUPOATUAL,Z_WFGRUPOS,HANDLE
WF_SOLICITACOES,ORGANOGRAMAALCADA,Z_WFGRUPOS,HANDLE
WF_SOLICITACOES,RESPONSAVELALCADA,Z_WFPAPEIS,HANDLE
WF_SOLICITACOES,PRAZOANALISEJURIDICA,Z_WFPAPEIS,HANDLE
WF_SOLICITACOES,USUARIOINICIAL,Z_GRUPOUSUARIOS,HANDLE
WF_SOLICITACOES,USUARIODISTRIBUICAO,Z_GRUPOUSUARIOS,HANDLE
WF_SOLICITACOESFINANCEIRAS,CREDENCIADO,GN_PESSOAS,HANDLE
WF_SOLICITACOESFINANCEIRAS,SOLICITACAOPAGAMENTO,FI_SOLICITACAOPAGAMENTOS,HANDLE
WF_SOLICITACOESFINANCEIRAS,SOLICITACAODEPOSITO,FI_SOLICITACAODEPOSITOS,HANDLE
WF_SOLICITACOESFINANCEIRAS,BANCO,GN_BANCOS,HANDLE
WF_SOLICITACOESFINANCEIRAS,ALTERADOPOR,Z_GRUPOUSUARIOS,HANDLE
WF_SOLICITACOESFINANCEIRAS,LOTEADTOREEMBOLSO,FI_LOTES,HANDLE
WF_SOLICITACOESFINANCEIRAS,LOTEPAGTODEPOSITO,FI_LOTEPAGAMENTOSDEPOSITOS,HANDLE
WF_SOLICITACOESFINANCEIRAS,FILIAL,FILIAIS,HANDLE
WF_SOLICITACOESFINANCEIRAS,PAPELPARAINCONSISTENCIAS,Z_WFPAPEIS,HANDLE
WF_SOLICITACOESFINANCEIRAS,PASTA,PR_PROCESSOS,HANDLE
WF_TAREFAPRAZOSAPLICADOS,PRAZO,Z_WFMODELOINSTANCIAS,HANDLE
WF_TAREFAREGRAFLUXOS,FLUXO,Z_WFMODELOS,HANDLE
WF_TAREFAREGRAS,FLUXO,Z_WFMODELOS,HANDLE
WF_TAREFAREGRAS,TAREFA,Z_WFMODELOTAREFAS,HANDLE
WF_TAREFASCOORDENACAOAUDITORIA,INSTANCIA,Z_WFMODELOINSTANCIAS,HANDLE
WF_TAREFASCOORDENACAOAUDITORIA,PAPEL,Z_WFPAPEIS,HANDLE
WF_TAREFASCOORDENACAOAUDITORIA,USUARIOPARTICIPANTE,Z_GRUPOUSUARIOS,HANDLE
WF_TRIAGENSCONSULTIVOSMART,PAPELRESPONSAVELCONSULTIVO,Z_WFPAPEIS,HANDLE
WF_TRIAGENSCONSULTIVOSMART,USUARIOMENSAGENS,Z_GRUPOUSUARIOS,HANDLE
WF_TRIAGENSCONSULTIVOSMART,RESPONSAVELADVOGADO,Z_GRUPOUSUARIOS,HANDLE
WF_TRIAGENSCONSULTIVOSMART,PAPELRESPONSAVELTRIAGEM,Z_WFPAPEIS,HANDLE
WF_TRIAGENSCONSULTIVOSMART,IDTRIAGEM,CS_TRIAGEMCONSULTIVOSMART,HANDLE
WF_TRIAGENSCONSULTIVOSMART,NOVORESPONSAVELTRIAGEM,Z_GRUPOUSUARIOS,HANDLE
WF_VALIDACAOPASTA,AUDITOR,PR_PROCESSOPARTICIPANTEAUDITOR,HANDLE
WF_VALIDACAOPASTA,CADASTRORAPIDO,PR_CADASTRORAPIDOPASTA,HANDLE
WF_VALIDACAOPASTA,PASTA,PR_PROCESSOS,HANDLE
WF_VC_AJUIZAMENTOCONTRATOITENS,PROCESSO,PR_PROCESSODESDOBRAMENTOS,HANDLE
WF_VC_AJUIZAMENTOCONTRATOS,CONTRATO,VC_CONTRATOSCLIENTES,HANDLE
WF_VC_AJUIZAMENTOCONTRATOS,PASTA,PR_PROCESSOS,HANDLE
WF_VC_AJUIZAMENTOCONTRATOS,ANALISADOPOR,Z_GRUPOUSUARIOS,HANDLE
WF_VC_AJUIZAMENTOCONTRATOS,CLIENTE,GN_PESSOAS,HANDLE
WF_VC_AJUIZAMENTOCONTRATOS,PROCESSO,PR_PROCESSODESDOBRAMENTOS,HANDLE
WF_VC_AJUIZAMENTOCONTRATOS,ADVOGADOINTERNO,PR_PROCESSOPARTICIPANTES,HANDLE
WF_VC_AJUIZAMENTOCONTRATOS,AJUIZADOPOR,Z_GRUPOUSUARIOS,HANDLE
WF_VC_AJUIZAMENTOCONTRATOS,VERIFICADOPOR,Z_GRUPOUSUARIOS,HANDLE
WF_VC_AJUIZAMENTOCONTRATOS,ESCRITORIO,GN_PESSOAS,HANDLE
WF_VC_AJUIZAMENTOCONTRATOS,ADVOGADOINTERNOCONTRATO,VC_CONTRATOPARTICIPANTES,HANDLE
WF_VC_AJUIZAMENTOCONTRATOS,ESCRITORIOCONTRATO,VC_CONTRATOPARTICIPANTES,HANDLE
WF_VERIFICACOESESOCIAL,PASTA,PR_PROCESSOS,HANDLE
WG_DADOSRELEVANTES,RESPONSAVELMANUAL,Z_GRUPOUSUARIOS,HANDLE
WG_DADOSRELEVANTES,TRANSFERIRPARA,Z_GRUPOUSUARIOS,HANDLE
WG_DADOSRELEVANTES,PROCESSO,PR_PROCESSOS,HANDLE
WG_DADOSRELEVANTES,SOLICITANTE,Z_GRUPOUSUARIOS,HANDLE
WG_MODELOS,ALTERADOPOR,Z_GRUPOUSUARIOS,HANDLE
WG_MODELOS,ALTERADOEM,GE_TIPODOCUMENTO,HANDLE
WG_MODELOS,ALTERADOPOR,Z_GRUPOUSUARIOS,HANDLE
WG_MODELOS,PAPELRESPONSAVEL,Z_WFPAPEIS,HANDLE
WG_MODELOS,MODELO,WG_MODELOS,HANDLE
WG_MODELOS,ALTERADOEM,GE_TIPODOCUMENTO,HANDLE
WG_MODELOS,INCLUIDOPOR,Z_GRUPOUSUARIOS,HANDLE
WG_MODELOS,USUARIORESPONSAVEL,Z_GRUPOUSUARIOS,HANDLE
WG_SOLICITACAOHISTORICO,USUARIOCONCLUSAO,Z_GRUPOUSUARIOS,HANDLE
WG_SOLICITACAOTAREFAS,EXECUTOR,Z_GRUPOUSUARIOS,HANDLE
WG_SOLICITACAOTAREFAS,SOLICITACAO,WG_SOLICITACOES,HANDLE
WG_SOLICITACOES,PAPELRESPONSAVEL,Z_WFPAPEIS,HANDLE
WG_SOLICITACOES,PROCESSO,PR_PROCESSOS,HANDLE
WG_SOLICITACOES,SOLICITANTE,Z_GRUPOUSUARIOS,HANDLE
WG_SOLICITACOES,DIVISAO,PR_DEPARTAMENTODIVISOES,HANDLE
WG_SOLICITACOES,MODELO,WG_MODELOS,HANDLE
WI_EDOCS,CONFIGURACOESAUXILIARES,CONFIGURACOESREVISADAS,HANDLE
WI_JURIDICO,MODULOCONFIGURADO,CATEGORIASREVISADAS,HANDLE
WI_PARECERES,MODULOCONFIGURADO,CONFIGURACOESREVISADAS,HANDLE
WI_PROCURACAO,MODULOCONFIGURADO,CONFIGURACOESREVISADAS,HANDLE
WI_SOCIETARIO,MODULOCONFIGURADO,CONFIGURACOESREVISADAS,HANDLE
Z_2FALIBERACOES,USUARIO,Z_GRUPOUSUARIOS,HANDLE
Z_AGENDACAMPOPERMISSOES,AGENDA,Z_AGENDAS,HANDLE
Z_AGENDACAMPOS,AGENDA,Z_AGENDAS,HANDLE
Z_AGENDAMENTOFILHOS,AGENDAMENTO,Z_AGENDAMENTOS,HANDLE
Z_AGENDAMENTOFILHOS,PROCESSO,Z_MACROS,HANDLE
Z_AGENDAMENTOLOG,AGENDAMENTO,Z_AGENDAMENTOS,HANDLE
Z_AGENDAMENTOPARAMETROS,AGENDAMENTO,Z_AGENDAMENTOS,HANDLE
Z_AGENDAMENTOREQUISICOES,EMPRESA,EMPRESAS,HANDLE
Z_AGENDAMENTOREQUISICOES,FILIAL,FILIAIS,HANDLE
Z_AGENDAMENTOREQUISICOES,PROCESSO,Z_MACROS,HANDLE
Z_AGENDAMENTOREQUISICOES,RELATORIO,R_RELATORIOS,HANDLE
Z_AGENDAMENTOREQUISICOES,USUARIO,Z_GRUPOUSUARIOS,HANDLE
Z_AGENDAMENTOREQUISICOES,GRUPOAGENDAMENTO,Z_GRUPOSAGENDAMENTOS,HANDLE
Z_AGENDAMENTOREQUISICOES,RELATORIOCLASSIFICACAO,R_CLASSIFICACOES,HANDLE
Z_AGENDAPAGINAPERMISSOES,PAGINA,Z_PAGINAS,HANDLE
Z_AGENDAS,Campo,Z_CAMPOS,HANDLE
Z_AGENDAS,AGENDADO,Z_CAMPOS,HANDLE
Z_AGENDAS,TABELAESCALAS,Z_TABELAS,HANDLE
Z_AGENDAS,TABELAINDISPONIBILIDADES,Z_TABELAS,HANDLE
Z_AGENDAS,ANTERIORESHOJE,IGNORARANTERIORES,HANDLE
Z_AGRUPAMENTOCUBOS,TRADUZTAMANHO,Z_CUBOS,HANDLE
Z_AGRUPAMENTOCUBOS,USUARIO,Z_GRUPOUSUARIOS,HANDLE
Z_ARVOREARVORES,ARVORE,Z_ARVORES,HANDLE
Z_ARVOREARVORES,CARREGAR,Z_ARVORES,HANDLE
Z_ARVORECOMANDOS,ARVORE,Z_ARVORES,HANDLE
Z_ARVORETABELACAMPOS,ARVORE,Z_ARVORES,HANDLE
Z_ARVORETABELACAMPOS,CAMPO,Z_CAMPOS,HANDLE
Z_ARVORETABELACAMPOS,HANDLETABELA,Z_TABELAS,HANDLE
Z_ARVORETABELACAMPOS,CLIDEF,FLAGS,HANDLE
Z_ARVORETABELAPAGINAS,ARVORE,Z_ARVORES,HANDLE
Z_ARVORETABELAPAGINAS,PAGINA,Z_PAGINAS,HANDLE
Z_ARVORETABELAPAGINAS,HANDLETABELA,Z_TABELAS,HANDLE
Z_ARVORETABELAPAGINAS,CLIDEF,FLAGS,HANDLE
Z_ARVORETABELAS,ARVORE,Z_ARVORES,HANDLE
Z_ARVORETABELAS,TEXTO1,Z_CAMPOS,HANDLE
Z_ARVORETABELAS,TEXTO2,Z_CAMPOS,HANDLE
Z_ARVORETABELAS,CARREGAR,Z_ARVORES,HANDLE
Z_ARVORETABELAS,VISAO,Z_VISOES,HANDLE
Z_ARVORETABELAS,CAMPOLIGACAO,Z_CAMPOS,HANDLE
Z_CAMPOS,HERDARPERMISSAO,Z_CAMPOS,HANDLE
Z_CAMPOS,PAGINA,Z_PAGINAS,HANDLE
Z_CAMPOS,PESQUISAR,Z_TABELAS,HANDLE
Z_CAMPOS,CAMPOMESTRE,Z_CAMPOS,HANDLE
Z_CAMPOS,RESULTADO,Z_CAMPOS,HANDLE
Z_CAMPOS,CAMPOMESTREORIGINAL,Z_CAMPOS,HANDLE
Z_CAMPOS,ANCESTRAL,Z_CAMPOS,HANDLE
Z_CAMPOS,HASH,OBSERVACOES,HANDLE
Z_CAMPOSINDICES,ARVORETABELA,Z_ARVORETABELAS,HANDLE
Z_CAMPOSPESQUISAR,CAMPOPESQUISAR,Z_CAMPOS,HANDLE
Z_CAMPOSPESQUISAR,TABELAORIGINAL,Z_TABELAS,HANDLE
Z_CAMPOSPESQUISAR,CAMPOORIGINAL,Z_CAMPOS,HANDLE
Z_CERTIFICADORAS,EMPRESA,EMPRESAS,HANDLE
Z_CLIENTETABELAS,CLIENTE,Z_CLIENTES,HANDLE
Z_CLIENTETABELAS,PORFILIAL,FLAGS,HANDLE
Z_CONTADORITENS,CONTADOR,Z_CONTADORES,HANDLE
Z_CUBOGERACAOVISOES,GERACAO,Z_CUBOGERACOES,HANDLE
Z_CUBOS,FILTROPADRAO,Z_FILTROS,HANDLE
Z_DATAPACKETS,FILTROPADRAO,Z_FILTROS,HANDLE
Z_DESKTOPGRUPOS,USUARIO,Z_GRUPOUSUARIOS,HANDLE
Z_EMPRESATRADUCOES,EMPRESA,EMPRESAS,HANDLE
Z_ENTITYDEFINITIONGENERATOR,REGENERATEBUILDERVIEWS,GENERATEALWAYS,HANDLE
Z_FILAMENSAGENS,FILA,Z_FILAS,HANDLE
Z_FILTROCONDICOES,FILTRO,Z_FILTROS,HANDLE
Z_FILTROCONDICOES,CAMPO,Z_CAMPOS,HANDLE
Z_FILTROS,GRUPO,Z_GRUPOS,HANDLE
Z_FLAGSITENS,GRUPO,Z_FLAGSGRUPO,HANDLE
Z_FORMULARIOCAMPOS,RESULTADO2,Z_CAMPOS,HANDLE
Z_FORMULARIOCAMPOS,DEPENDE,Z_FORMULARIOCAMPOS,HANDLE
Z_FORMULARIOCAMPOS,PESQUISAR,Z_TABELAS,HANDLE
Z_FORMULARIOCAMPOS,RESULTADO,Z_CAMPOS,HANDLE
Z_FORMULARIOCAMPOS,FORMULARIO,Z_FORMULARIOS,HANDLE
Z_FORMULARIOS,CAMPOLOOKUP,Z_TABELAS,HANDLE
Z_GRIDVIEWGENERATOR,GRUPO,Z_GRUPOS,HANDLE
Z_GRIDVIEWGENERATOR,ARVORE,Z_ARVORES,HANDLE
Z_GRIDVIEWGENERATOR,COMANDO,Z_ARVORECOMANDOS,HANDLE
Z_GRUPOARVORES,GRUPO,Z_GRUPOS,HANDLE
Z_GRUPOARVORESGENERICAS,GRUPO,Z_GRUPOS,HANDLE
Z_GRUPOARVORETABELACOMANDOS,GRUPO,Z_GRUPOS,HANDLE
Z_GRUPOARVORETABELACOMANDOS,ARVORE,Z_ARVORES,HANDLE
Z_GRUPOARVORETABELACOMANDOS,ARVORETABELA,Z_ARVORETABELAS,HANDLE
Z_GRUPOARVORETABELACOMANDOS,COMANDO,Z_CAMPOS,HANDLE
Z_GRUPOARVORETABELAS,GRUPO,Z_GRUPOS,HANDLE
Z_GRUPOARVORETABELAS,ARVORE,Z_ARVORES,HANDLE
Z_GRUPOCOMANDOS,GRUPO,Z_GRUPOS,HANDLE
Z_GRUPOREGRASSENHAS,GRUPO,Z_GRUPOS,HANDLE
Z_GRUPOTABELACAMPOS,GRUPO,Z_GRUPOS,HANDLE
Z_GRUPOTABELACAMPOS,CAMPO,Z_CAMPOS,HANDLE
Z_GRUPOTABELAS,GRUPO,Z_GRUPOS,HANDLE
Z_GRUPOUSUARIOALCADAS,USUARIO,Z_GRUPOUSUARIOS,HANDLE
Z_GRUPOUSUARIOEMPRESAFILIAIS,GRUPO,Z_GRUPOS,HANDLE
Z_GRUPOUSUARIOEMPRESAFILIAIS,USUARIO,Z_GRUPOUSUARIOS,HANDLE
Z_GRUPOUSUARIOEMPRESAS,GRUPO,Z_GRUPOS,HANDLE
Z_GRUPOUSUARIOGRUPOS,GRUPO,Z_GRUPOS,HANDLE
Z_GRUPOUSUARIOLOGREPORTS,OPERACAOPRINCIPAL,STATUS,HANDLE
Z_GRUPOUSUARIOMENSAGENS,USUARIO,Z_GRUPOUSUARIOS,HANDLE
Z_GRUPOUSUARIOS,GRUPO,Z_GRUPOS,HANDLE
Z_GRUPOUSUARIOS,DEPARTAMENTO,PR_DEPARTAMENTOS,HANDLE
Z_GRUPOUSUARIOS,JORNADADETRABALHO,Z_WFJORNADADETRABALHO,HANDLE
Z_GRUPOUSUARIOS,IDIOMA,Z_IDIOMAS,HANDLE
Z_IDIOMATRADUCOES,IDIOMA,Z_IDIOMAS,HANDLE
Z_INDICECAMPOS,INDICE,Z_INDICES,HANDLE
Z_LEIAUTECAMPOS,LEIAUTE,Z_LEIAUTES,HANDLE
Z_LEIAUTECAMPOSATUALIZAR,LEIAUTE,Z_LEIAUTES,HANDLE
Z_LEIAUTECAMPOSCHAVE,LEIAUTE,Z_LEIAUTES,HANDLE
Z_LEIAUTECAMPOSVALOR,LEIAUTE,Z_LEIAUTES,HANDLE
Z_LEIAUTES,LEIAUTE,Z_LEIAUTES,HANDLE
Z_LEIAUTES,TABELASUPERIOR,Z_TABELAS,HANDLE
Z_LEIAUTES,CAMPOSUPERIOR,Z_CAMPOS,HANDLE
Z_LEIAUTES,CAMPOATUAL,Z_CAMPOS,HANDLE
Z_LEIAUTESUBARVORE,LEIAUTE,Z_LEIAUTES,HANDLE
Z_LEIAUTESUBARVORE,CAMPO,Z_CAMPOS,HANDLE
Z_LGPD_CAMPOS,CAMPO,Z_CAMPOS,HANDLE
Z_LGPD_RELACIONAMENTOS,CAMPORELACIONAMENTO,Z_CAMPOS,HANDLE
Z_LOG,EXPORTADO,FLAGS,HANDLE
Z_MACROS,USUARIO,Z_GRUPOUSUARIOS,HANDLE
Z_MACROS,GRUPO,Z_MACROGRUPOS,HANDLE
Z_MASCARAGRUPOS,MASCARA,Z_MASCARAS,HANDLE
Z_MASCARANIVEIS,MASCARA,Z_MASCARAS,HANDLE
Z_MASCARANIVELREGISTROS,MASCARA,Z_MASCARAS,HANDLE
Z_MASCARANIVELREGISTROS,NIVEL,Z_MASCARANIVEIS,HANDLE
Z_MQSTATUSMENSAGENS,EMPRESA,EMPRESAS,HANDLE
Z_MQSTATUSMENSAGENS,FILIAL,FILIAIS,HANDLE
Z_MQSTATUSMENSAGENS,IDMENSAGEM,STATUS,HANDLE
Z_NEWSMODULOS,NEW,Z_NEWS,HANDLE
Z_OBJETOSNEGOCIO,ANCESTRAL,Z_OBJETOSNEGOCIO,HANDLE
Z_OPERACOES,ENTIDADE,W_ENTIDADES,HANDLE
Z_PAGINASWEB,VISAO,Z_VISAOPERFIS,HANDLE
Z_PAGINASWEB,CAMPOROTULO,Z_CAMPOS,HANDLE
Z_PAGINAWEBCAMPOS,PAGINAWEB,Z_PAGINASWEB,HANDLE
Z_PAGINAWEBGRUPOS,PAGINAWEB,Z_PAGINASWEB,HANDLE
Z_PAGINAWEBGRUPOS,GRUPO,Z_GRUPOS,HANDLE
Z_PAGINAWEBPAGINAS,PAGINAWEB,Z_PAGINASWEB,HANDLE
Z_PAGINAWEBROTULOS,PAGINA,Z_PAGINASWEB,HANDLE
Z_PAPELATRIBUICOES,PAPEL,Z_PAPEIS,HANDLE
Z_PLANILHACHAVES,TABELAGRUPO,Z_TABELAS,HANDLE
Z_PLANILHACHAVES,CAMPOGRUPO,Z_CAMPOS,HANDLE
Z_PLANILHACHAVES,TABELAITENS,Z_TABELAS,HANDLE
Z_PLANILHACHAVES,CAMPOITENS,Z_CAMPOS,HANDLE
Z_PLANILHACHAVES,CAMPOLIGACAO,Z_CAMPOS,HANDLE
Z_PLANILHACHAVES,CAMPOGRUPORES,Z_CAMPOS,HANDLE
Z_PLANILHAS,ESTADO,Z_GRUPOUSUARIOS,HANDLE
Z_PLANILHAUSUARIOS,PLANILHA,Z_PLANILHAS,HANDLE
Z_PROCESSOS,TABELAORIGEM,Z_TABELAS,HANDLE
Z_PROCESSOS,PROCESSOPAI,Z_PROCESSOS,HANDLE
Z_QTQUESTAOOPCOES,QUESTIONARIO,Z_QTQUESTIONARIOS,HANDLE
Z_QTQUESTAOOPCOES,QUESTAO,Z_QTQUESTOES,HANDLE
Z_QTQUESTOES,QUESTIONARIO,Z_QTQUESTIONARIOS,HANDLE
Z_QTQUESTOES,DEPENDEQUESTAO,Z_QTQUESTOES,HANDLE
Z_QTQUESTOES,DEPENDERESPOSTA,Z_QTQUESTAOOPCOES,HANDLE
Z_QTQUESTOES,MAXOPCOES,LINHAS,HANDLE
Z_QTRESPOSTAQUESTOES,RESPOSTA,Z_QTRESPOSTAS,HANDLE
Z_QTRESPOSTAQUESTOES,QUESTIONARIO,Z_QTQUESTIONARIOS,HANDLE
Z_QTRESPOSTAQUESTOES,QUESTAO,Z_QTQUESTOES,HANDLE
Z_QTRESPOSTAQUESTOES,OPCAO,Z_QTQUESTAOOPCOES,HANDLE
Z_QTRESPOSTAS,QUESTIONARIO,Z_QTQUESTIONARIOS,HANDLE
Z_RESUMOS,REGISTROS,TOTAIS,HANDLE
Z_SISTEMA,TABELAEMPRESAS,Z_TABELAS,HANDLE
Z_SISTEMA,TABELAFILIAIS,Z_TABELAS,HANDLE
Z_SISTEMA,PERFIL,Z_PERFIS,HANDLE
Z_SISTEMA,TABELAPAISES,Z_TABELAS,HANDLE
Z_SISTEMA,TABELAESTADOS,Z_TABELAS,HANDLE
Z_SISTEMA,TABELAMUNICIPIOS,Z_TABELAS,HANDLE
Z_SISTEMA,TABELALOGRADOUROS,Z_TABELAS,HANDLE
Z_SISTEMA,TABELAMODELOS,Z_TABELAS,HANDLE
Z_SISTEMA,TABELATIPOSMODELOS,Z_TABELAS,HANDLE
Z_SISTEMA,CGGRUPORELATORIOS,Z_ARVORES,HANDLE
Z_SISTEMA,CGTAIDIOMAS,Z_ARVORETABELAS,HANDLE
Z_SISTEMA,CGIDIOMAS,Z_ARVORES,HANDLE
Z_SISTEMA,CGTAMASCARAS,Z_ARVORES,HANDLE
Z_SISTEMA,CGTAROTINAS,Z_ARVORETABELAS,HANDLE
Z_SISTEMA,CGTAEMPRESAMESTRE,Z_ARVORETABELAS,HANDLE
Z_SISTEMA,CGTAMODELOS,Z_ARVORETABELAS,HANDLE
Z_SISTEMA,MOADM,Z_ARVORES,HANDLE
Z_SISTEMA,CGTAAGENDA,Z_ARVORETABELAS,HANDLE
Z_SISTEMA,CGAGENDA,Z_ARVORES,HANDLE
Z_SISTEMA,CGDOCUMENTACAO,Z_ARVORES,HANDLE
Z_SISTEMA,CGDOCUMENTACAOTABELAS,Z_ARVORES,HANDLE
Z_SISTEMA,CGDOCUMENTACAOTEXTOS,Z_ARVORES,HANDLE
Z_SISTEMA,CGGERADORRELATORIOS,Z_ARVORES,HANDLE
Z_SISTEMA,CGSEGURANCATABELAS,Z_ARVORES,HANDLE
Z_SISTEMA,CGSEGURANCACOMANDOS,Z_ARVORES,HANDLE
Z_SISTEMA,CGSEGURANCAUSUARIOS,Z_ARVORES,HANDLE
Z_SISTEMA,CGTASEGURANCA,Z_ARVORETABELAS,HANDLE
Z_SISTEMA,CGTAWEB,Z_ARVORETABELAS,HANDLE
Z_SISTEMA,CGWEB,Z_ARVORES,HANDLE
Z_SISTEMA,CGCABECALHOS,Z_ARVORES,HANDLE
Z_SISTEMA,CGRELATORIOS,Z_ARVORES,HANDLE
Z_SISTEMA,CGRODAPES,Z_ARVORES,HANDLE
Z_SISTEMA,CGSUMARIOS,Z_ARVORES,HANDLE
Z_SISTEMA,CGDETALHES,Z_ARVORES,HANDLE
Z_SISTEMA,CGTITULOS,Z_ARVORES,HANDLE
Z_SISTEMA,CGSEGURANCA,Z_ARVORES,HANDLE
Z_SISTEMA,CGSEGURANCAUSUARIOEMP,Z_ARVORES,HANDLE
Z_SISTEMA,CGPLANILHA,Z_ARVORES,HANDLE
Z_SISTEMA,CGPLANILHAUSUARIOS,Z_ARVORES,HANDLE
Z_SISTEMA,CGTALOGDATA,Z_ARVORETABELAS,HANDLE
Z_SISTEMA,CGTALOGTABELA,Z_ARVORETABELAS,HANDLE
Z_SISTEMA,CGLOGDATA,Z_ARVORES,HANDLE
Z_SISTEMA,CGLOGTABELA,Z_ARVORES,HANDLE
Z_SISTEMA,CGTAAPELIDO,Z_ARVORETABELAS,HANDLE
Z_SISTEMA,CGTAIMAGENS,Z_ARVORETABELAS,HANDLE
Z_SISTEMA,CGTACONTADORES,Z_ARVORETABELAS,HANDLE
Z_SISTEMA,CGCONTADORES,Z_ARVORES,HANDLE
Z_SISTEMA,CGTABITS,Z_ARVORETABELAS,HANDLE
Z_SISTEMA,CGBITS,Z_ARVORES,HANDLE
Z_SISTEMA,CGTAGRUPOMACROS,Z_ARVORETABELAS,HANDLE
Z_SISTEMA,CGGRUPOMACROS,Z_ARVORES,HANDLE
Z_SISTEMA,CGTAGRUPORELATORIOS,Z_ARVORETABELAS,HANDLE
Z_SISTEMA,TABELABAIRROS,Z_TABELAS,HANDLE
Z_TABELACAMPOSGRID,HANDLETABELA,Z_TABELAS,HANDLE
Z_TABELACAMPOSGRID,CAMPO,Z_CAMPOS,HANDLE
Z_TABELACAMPOSRESULTADO,HANDLETABELA,Z_TABELAS,HANDLE
Z_TABELACAMPOSRESULTADO,CAMPO,Z_CAMPOS,HANDLE
Z_TABELAFUNCOES,ENTRADA,Z_TABELAS,HANDLE
Z_TABELAPARTICAOCAMPOS,TABELAPARTICAO,Z_TABELAPARTICOES,HANDLE
Z_TABELAPARTICOES,SUBPARTICAO,Z_TABELAPARTICOES,HANDLE
Z_TABELAS,CHAVEDB2EEE,Z_CAMPOS,HANDLE
Z_TABELASCOMAUDITORIA,AUDITARVISUALIZACOES,DIAS,HANDLE
Z_TAREFACAMPOS,TAREFA,Z_TAREFAS,HANDLE
Z_TAREFACAMPOS,ENTIDADE,W_ENTIDADES,HANDLE
Z_TAREFACOMPONENTESNEGOCIO,TAREFA,Z_TAREFAS,HANDLE
Z_TAREFAOPERACOES,OPERACAO,Z_OPERACOES,HANDLE
Z_TAREFAPROCESSOS,TAREFA,Z_TAREFAS,HANDLE
Z_VIRTUAL_COPIAUSUARIO,GRUPONOVOUSUARIO,Z_GRUPOS,HANDLE
Z_VIRTUAL_COPIAUSUARIO,USUARIOORIGEM,Z_GRUPOUSUARIOS,HANDLE
Z_VIRTUAL_LOGVIEW,USUARIO,Z_GRUPOUSUARIOS,HANDLE
Z_VIRTUAL_LOGVIEW,ORDEM,Z_CAMPOS,HANDLE
Z_VIRTUAL_SCHCUBE,USUARIO,Z_GRUPOUSUARIOS,HANDLE
Z_VIRTUAL_SCHCUBE,GRUPOAGENDAMENTO,Z_GRUPOSAGENDAMENTOS,HANDLE
Z_VIRTUAL_SCHDATAPACKET,GRUPOAGENDAMENTO,Z_GRUPOSAGENDAMENTOS,HANDLE
Z_VIRTUAL_SCHPROCESS,USUARIO,Z_GRUPOUSUARIOS,HANDLE
Z_VIRTUAL_SCHPROCESS,PROCESSO,Z_MACROS,HANDLE
Z_VIRTUAL_SCHPROCESS,EMPRESAPROCESSO,EMPRESAS,HANDLE
Z_VIRTUAL_SCHPROCESS,GRUPOAGENDAMENTO,Z_GRUPOSAGENDAMENTOS,HANDLE
Z_VIRTUAL_SCHPROCESS,FILIALPROCESSO,FILIAIS,HANDLE
Z_VIRTUAL_SCHREPORT,RELATORIO,R_RELATORIOS,HANDLE
Z_VIRTUAL_SCHREPORT,CLASSIFICACAO,R_CLASSIFICACOES,HANDLE
Z_VIRTUAL_SCHREPORT,USUARIO,Z_GRUPOUSUARIOS,HANDLE
Z_VIRTUAL_SCHREPORT,GRUPOAGENDAMENTO,Z_GRUPOSAGENDAMENTOS,HANDLE
Z_VIRTUAL_SCHSYSTEM,USUARIO,Z_GRUPOUSUARIOS,HANDLE
Z_VISAOPERFIS,PERFIL,Z_PERFIS,HANDLE
Z_VISAOPERFIS,VISAO,Z_VISOES,HANDLE
Z_WFEXPORTADOR,EXPORTARPROCESSOS,Z_WFPROCESSOS,HANDLE
Z_WFEXPORTADOR,EXPORTARSISTEMAS,Z_WFSISTEMAS,HANDLE
Z_WFEXPORTADOR,EXPORTARJORNADAS,Z_WFJORNADADETRABALHO,HANDLE
Z_WFEXPORTADOR,EXPORTARMODELOS,Z_WFMODELOS,HANDLE
Z_WFGRUPOS,NIVELSUPERIOR,Z_WFGRUPOS,HANDLE
Z_WFGRUPOS,RESPONSAVEL,Z_GRUPOUSUARIOS,HANDLE
Z_WFGRUPOS,GRUPOORIGEM,Z_WFGRUPOS,HANDLE
Z_WFGRUPOS_PARAMETRIZACOES,ORGNOVODESPESA,Z_WFGRUPOS,HANDLE
Z_WFGRUPOS_PARAMETRIZACOES,ORGANOGRAMAALCADAVALORES,Z_WFGRUPOS,HANDLE
Z_WFGRUPOS_PARAMETRIZACOES,ORGORIGEMDESPESA,Z_WFGRUPOS,HANDLE
Z_WFGRUPOS_PARAMETRIZACOES,RESPFINANCEIROADTOREEMB,Z_WFPAPEIS,HANDLE
Z_WFGRUPOS_PARAMETRIZACOES,APROVADORTECADIANTAMENTO,Z_WFPAPEIS,HANDLE
Z_WFGRUPOS_PARAMETRIZACOES,APROVADORTECREEMBOLSO,Z_WFPAPEIS,HANDLE
Z_WFGRUPOS_PARAMETRIZACOES,NEWORGANOGRAMAALCADAVALOR,Z_WFGRUPOS,HANDLE
Z_WFGRUPOS_PARAMETRIZACOES,NEWRESPFINANCEIROADTOREEMB,Z_WFPAPEIS,HANDLE
Z_WFGRUPOS_PARAMETRIZACOES,NEWAPROVADORTECADIANTAMENT,Z_WFPAPEIS,HANDLE
Z_WFGRUPOS_PARAMETRIZACOES,NEWAPROVADORTECREEMBOLSO,Z_WFPAPEIS,HANDLE
Z_WFGRUPOS_PARAMETRIZACOES,NEWAPROVADORTECPAGAMENTO,Z_WFPAPEIS,HANDLE
Z_WFGRUPOS_PARAMETRIZACOES,DEPOSITOORGANOGRAMAALCADAV,Z_WFGRUPOS,HANDLE
Z_WFGRUPOS_PARAMETRIZACOES,NEWORGANOGRAMAALCADADEPOS,Z_WFGRUPOS,HANDLE
Z_WFGRUPOS_PARAMETRIZACOES,RESPFINANCEIRODEPOSITO,Z_WFPAPEIS,HANDLE
Z_WFGRUPOS_PARAMETRIZACOES,NEWRESPFINANCEIRODEPOSITO,Z_WFPAPEIS,HANDLE
Z_WFGRUPOS_PARAMETRIZACOES,APROVADORTECDEPOSITO,Z_WFPAPEIS,HANDLE
Z_WFGRUPOS_PARAMETRIZACOES,NEWAPROVADORTECDEPOSITO,Z_WFPAPEIS,HANDLE
Z_WFGRUPOS_PARAMETRIZACOES,PAGAMENTOORGANOGRAMAALCAD,Z_WFGRUPOS,HANDLE
Z_WFGRUPOS_PARAMETRIZACOES,NEWORGANOGRAMAALCADAPAGTO,Z_WFGRUPOS,HANDLE
Z_WFGRUPOS_PARAMETRIZACOES,RESPFINANCEIROPAGAMENTO,Z_WFPAPEIS,HANDLE
Z_WFLEMBRETEPARTICIPANTES,USUARIO,Z_GRUPOUSUARIOS,HANDLE
Z_WFLEMBRETEPARTICIPANTES,LEMBRETE,Z_WFLEMBRETES,HANDLE
Z_WFLEMBRETEPARTICIPANTES,PAPEL,Z_WFPAPEIS,HANDLE
Z_WFLEMBRETEPARTICIPANTES,PAPELDEAUTORIZACAO,Z_PAPEIS,HANDLE
Z_WFLEMBRETES,MODELOINSTANCIA,Z_WFMODELOINSTANCIAS,HANDLE
Z_WFLEMBRETES,TAREFA,Z_WFTAREFAS,HANDLE
Z_WFMENSAGENS,MODELOINSTANCIA,Z_WFMODELOINSTANCIAS,HANDLE
Z_WFMODELOINSTANCIAATIVIDADES,MODELOINSTANCIA,Z_WFMODELOINSTANCIAS,HANDLE
Z_WFMODELOINSTANCIAEXCECOES,MODELOINSTANCIA,Z_WFMODELOINSTANCIAS,HANDLE
Z_WFMODELOINSTANCIAS,MODELOVERSAO,Z_WFMODELOS,HANDLE
Z_WFMODELOINSTANCIAS,MODELO,Z_WFMODELOS,HANDLE
Z_WFMODELOINSTANCIAS,SUPERIOR,Z_WFMODELOINSTANCIAS,HANDLE
Z_WFMODELOINSTANCIAS,SOLICITADOPOR,Z_GRUPOUSUARIOS,HANDLE
Z_WFMODELOMACROS,MODELO,Z_WFMODELOS,HANDLE
Z_WFMODELOS,VISAO,W_VISOES,HANDLE
Z_WFMODELOSUBMODELOS,MODELO,Z_WFMODELOS,HANDLE
Z_WFMODELOTAREFAS,MODELO,Z_WFMODELOS,HANDLE
Z_WFPAPEIS,PESSOARESPONSAVEL,GN_PESSOAS,HANDLE
Z_WFPAPEIS,RESPONSAVEL,Z_GRUPOUSUARIOS,HANDLE
Z_WFPAPEIS,SUPERIOR,Z_GRUPOUSUARIOS,HANDLE
Z_WFPAPELUSUARIOS,WFEMPRESA,Z_WFSISTEMAEMPRESAS,HANDLE
Z_WFPAPELUSUARIOS,WFFILIAL,Z_WFSISTEMAEMPRESAFILIAIS,HANDLE
Z_WFPAPELUSUARIOS,PAPEL,Z_WFPAPEIS,HANDLE
Z_WFPROCESSOMODELOS,JORNADADETRABALHO,Z_WFJORNADADETRABALHO,HANDLE
Z_WFPROCESSOMODELOS,PROCESSO,Z_WFPROCESSOS,HANDLE
Z_WFSISTEMAEMPRESAFILIAIS,WFEMPRESA,Z_WFSISTEMAEMPRESAS,HANDLE
Z_WFSISTEMAEMPRESAS,JORNADADETRABALHO,Z_WFJORNADADETRABALHO,HANDLE
Z_WFTAREFAAUDITORIAS,TAREFA,Z_WFTAREFAS,HANDLE
Z_WFTAREFAITENS,TAREFA,Z_WFTAREFAS,HANDLE
Z_WFTAREFAITENS,EXECUTOR,Z_GRUPOUSUARIOS,HANDLE
Z_WFTAREFAPARTICIPANTES,USUARIO,Z_GRUPOUSUARIOS,HANDLE
Z_WFTAREFAPARTICIPANTES,RESPONSAVEL,Z_GRUPOUSUARIOS,HANDLE
Z_WFTAREFAPARTICIPANTES,SUPERIOR,Z_GRUPOUSUARIOS,HANDLE
Z_WFTAREFAPARTICIPANTES,TAREFA,Z_WFTAREFAS,HANDLE
Z_WFTAREFAPARTICIPANTES,PAPEL,Z_WFPAPEIS,HANDLE
Z_WFTAREFAPARTICIPANTES,PAPELDEAUTORIZACAO,Z_PAPEIS,HANDLE
Z_WFTAREFAPARTICIPANTES,GRUPODESEGURANCA,Z_GRUPOS,HANDLE
Z_WFTAREFAS,MODELOINSTANCIA,Z_WFMODELOINSTANCIAS,HANDLE
Z_WFTAREFAS,MODELOTAREFA,Z_WFMODELOTAREFAS,HANDLE
Z_WFTAREFAS,ATIVIDADE,Z_WFMODELOINSTANCIAATIVIDADES,HANDLE
Z_WFTAREFAS,RESPONSAVEL,Z_GRUPOUSUARIOS,HANDLE
Z_WFTAREFAS,EXECUTOR,Z_GRUPOUSUARIOS,HANDLE
